{
  "type": "FeatureCollection",
  "features": [
    {
      "type": "Feature",
      "id": "osm-way-11995209",
      "properties": {
        "osmWayId": 11995209,
        "highway": "path",
        "surface": "dirt",
        "wheelchair": null,
        "foot": null,
        "verificationStatus": "inferred",
        "source": "OpenStreetMap"
      },
      "geometry": {
        "type": "LineString",
        "coordinates": [
          [
            -79.1682953,
            43.7752219
          ],
          [
            -79.1676975,
            43.775362
          ],
          [
            -79.1676829,
            43.7753657
          ],
          [
            -79.167669,
            43.7753694
          ],
          [
            -79.1676525,
            43.7753741
          ],
          [
            -79.1676363,
            43.775379
          ],
          [
            -79.167547,
            43.7754082
          ]
        ]
      }
    },
    {
      "type": "Feature",
      "id": "osm-way-11995210",
      "properties": {
        "osmWayId": 11995210,
        "highway": "path",
        "surface": "dirt",
        "wheelchair": null,
        "foot": null,
        "verificationStatus": "inferred",
        "source": "OpenStreetMap"
      },
      "geometry": {
        "type": "LineString",
        "coordinates": [
          [
            -79.1716564,
            43.7744592
          ],
          [
            -79.1705758,
            43.7747001
          ],
          [
            -79.1705368,
            43.7747093
          ],
          [
            -79.1705056,
            43.774717
          ],
          [
            -79.1704759,
            43.7747247
          ],
          [
            -79.1699697,
            43.7748688
          ],
          [
            -79.1682953,
            43.7752219
          ]
        ]
      }
    },
    {
      "type": "Feature",
      "id": "osm-way-11997813",
      "properties": {
        "osmWayId": 11997813,
        "highway": "footway",
        "surface": null,
        "wheelchair": null,
        "foot": null,
        "verificationStatus": "inferred",
        "source": "OpenStreetMap"
      },
      "geometry": {
        "type": "LineString",
        "coordinates": [
          [
            -79.1763081,
            43.7738071
          ],
          [
            -79.1762034,
            43.7738291
          ],
          [
            -79.1762782,
            43.7740173
          ],
          [
            -79.1763323,
            43.774093
          ]
        ]
      }
    },
    {
      "type": "Feature",
      "id": "osm-way-14341710",
      "properties": {
        "osmWayId": 14341710,
        "highway": "footway",
        "surface": null,
        "wheelchair": null,
        "foot": "yes",
        "verificationStatus": "inferred",
        "source": "OpenStreetMap"
      },
      "geometry": {
        "type": "LineString",
        "coordinates": [
          [
            -79.184571,
            43.7804366
          ],
          [
            -79.1847366,
            43.7805086
          ],
          [
            -79.1848277,
            43.7805703
          ],
          [
            -79.1848921,
            43.7806091
          ],
          [
            -79.1850273,
            43.7806934
          ],
          [
            -79.1851731,
            43.7807584
          ],
          [
            -79.1853417,
            43.7808382
          ],
          [
            -79.185435,
            43.7808756
          ],
          [
            -79.1855769,
            43.7809057
          ],
          [
            -79.1856928,
            43.7809365
          ],
          [
            -79.1857953,
            43.7809195
          ],
          [
            -79.1858908,
            43.7808755
          ],
          [
            -79.1859402,
            43.7807843
          ],
          [
            -79.185951,
            43.7804168
          ],
          [
            -79.1861122,
            43.7800046
          ],
          [
            -79.1862691,
            43.7796397
          ],
          [
            -79.1865915,
            43.7792622
          ],
          [
            -79.1869096,
            43.7790766
          ],
          [
            -79.1876416,
            43.7789665
          ],
          [
            -79.1883693,
            43.7790011
          ],
          [
            -79.1888094,
            43.778957
          ],
          [
            -79.189476,
            43.7787934
          ],
          [
            -79.1896766,
            43.7788179
          ],
          [
            -79.1898551,
            43.778806
          ],
          [
            -79.1900609,
            43.7787541
          ],
          [
            -79.1901963,
            43.7786556
          ],
          [
            -79.1905757,
            43.7782713
          ],
          [
            -79.190745,
            43.7781786
          ],
          [
            -79.1909789,
            43.778149
          ],
          [
            -79.1912974,
            43.77818
          ],
          [
            -79.1914804,
            43.778202
          ],
          [
            -79.1915445,
            43.7781824
          ],
          [
            -79.1916119,
            43.7781618
          ]
        ]
      }
    },
    {
      "type": "Feature",
      "id": "osm-way-27041253",
      "properties": {
        "osmWayId": 27041253,
        "highway": "path",
        "surface": "concrete",
        "wheelchair": null,
        "foot": null,
        "verificationStatus": "inferred",
        "source": "OpenStreetMap"
      },
      "geometry": {
        "type": "LineString",
        "coordinates": [
          [
            -79.1672564,
            43.7907496
          ],
          [
            -79.167301,
            43.7908227
          ],
          [
            -79.1675365,
            43.7913725
          ],
          [
            -79.1676006,
            43.7915086
          ]
        ]
      }
    },
    {
      "type": "Feature",
      "id": "osm-way-27041276",
      "properties": {
        "osmWayId": 27041276,
        "highway": "path",
        "surface": "concrete",
        "wheelchair": null,
        "foot": "yes",
        "verificationStatus": "inferred",
        "source": "OpenStreetMap"
      },
      "geometry": {
        "type": "LineString",
        "coordinates": [
          [
            -79.1722626,
            43.7902681
          ],
          [
            -79.1720275,
            43.7897095
          ],
          [
            -79.1720075,
            43.7896218
          ]
        ]
      }
    },
    {
      "type": "Feature",
      "id": "osm-way-27293239",
      "properties": {
        "osmWayId": 27293239,
        "highway": "path",
        "surface": "concrete",
        "wheelchair": null,
        "foot": "yes",
        "verificationStatus": "inferred",
        "source": "OpenStreetMap"
      },
      "geometry": {
        "type": "LineString",
        "coordinates": [
          [
            -79.1797605,
            43.7914011
          ],
          [
            -79.17979,
            43.791466
          ],
          [
            -79.1800275,
            43.7920147
          ],
          [
            -79.1800917,
            43.7921294
          ]
        ]
      }
    },
    {
      "type": "Feature",
      "id": "osm-way-27293267",
      "properties": {
        "osmWayId": 27293267,
        "highway": "path",
        "surface": null,
        "wheelchair": null,
        "foot": "yes",
        "verificationStatus": "inferred",
        "source": "OpenStreetMap"
      },
      "geometry": {
        "type": "LineString",
        "coordinates": [
          [
            -79.1817317,
            43.7947847
          ],
          [
            -79.1817615,
            43.7948457
          ],
          [
            -79.1820292,
            43.7953949
          ],
          [
            -79.1820652,
            43.7954751
          ]
        ]
      }
    },
    {
      "type": "Feature",
      "id": "osm-way-27293271",
      "properties": {
        "osmWayId": 27293271,
        "highway": "path",
        "surface": "concrete",
        "wheelchair": null,
        "foot": "yes",
        "verificationStatus": "inferred",
        "source": "OpenStreetMap"
      },
      "geometry": {
        "type": "LineString",
        "coordinates": [
          [
            -79.176888,
            43.7956227
          ],
          [
            -79.1769228,
            43.7956977
          ],
          [
            -79.1771658,
            43.7962536
          ],
          [
            -79.1771968,
            43.7963262
          ]
        ]
      }
    },
    {
      "type": "Feature",
      "id": "osm-way-27293311",
      "properties": {
        "osmWayId": 27293311,
        "highway": "path",
        "surface": "concrete",
        "wheelchair": null,
        "foot": null,
        "verificationStatus": "inferred",
        "source": "OpenStreetMap"
      },
      "geometry": {
        "type": "LineString",
        "coordinates": [
          [
            -79.1682948,
            43.7922389
          ],
          [
            -79.1682597,
            43.7922066
          ],
          [
            -79.1682099,
            43.7921498
          ],
          [
            -79.1679936,
            43.791903
          ],
          [
            -79.1678056,
            43.7914645
          ]
        ]
      }
    },
    {
      "type": "Feature",
      "id": "osm-way-35800535",
      "properties": {
        "osmWayId": 35800535,
        "highway": "path",
        "surface": null,
        "wheelchair": null,
        "foot": "yes",
        "verificationStatus": "inferred",
        "source": "OpenStreetMap"
      },
      "geometry": {
        "type": "LineString",
        "coordinates": [
          [
            -79.1787649,
            43.7893439
          ],
          [
            -79.1788067,
            43.7894328
          ],
          [
            -79.1788371,
            43.7896072
          ],
          [
            -79.178864,
            43.7897955
          ],
          [
            -79.1789147,
            43.7899521
          ],
          [
            -79.178982,
            43.7900943
          ],
          [
            -79.1790488,
            43.7901967
          ],
          [
            -79.1791253,
            43.7902916
          ],
          [
            -79.1791937,
            43.7903283
          ],
          [
            -79.179234,
            43.7903647
          ],
          [
            -79.1792874,
            43.7904954
          ],
          [
            -79.1792977,
            43.7905967
          ],
          [
            -79.1792935,
            43.7906959
          ],
          [
            -79.1792791,
            43.7908054
          ],
          [
            -79.1792734,
            43.7908736
          ],
          [
            -79.179315,
            43.791003
          ],
          [
            -79.179472,
            43.791377
          ],
          [
            -79.1795083,
            43.7914553
          ]
        ]
      }
    },
    {
      "type": "Feature",
      "id": "osm-way-35800536",
      "properties": {
        "osmWayId": 35800536,
        "highway": "path",
        "surface": null,
        "wheelchair": null,
        "foot": "yes",
        "verificationStatus": "inferred",
        "source": "OpenStreetMap"
      },
      "geometry": {
        "type": "LineString",
        "coordinates": [
          [
            -79.1788067,
            43.7894328
          ],
          [
            -79.1795805,
            43.7892573
          ],
          [
            -79.1796546,
            43.7892168
          ],
          [
            -79.1796771,
            43.7892046
          ],
          [
            -79.1797124,
            43.7891629
          ],
          [
            -79.1797319,
            43.7891397
          ],
          [
            -79.1798005,
            43.7890312
          ],
          [
            -79.1799522,
            43.7888688
          ],
          [
            -79.180024,
            43.7887734
          ]
        ]
      }
    },
    {
      "type": "Feature",
      "id": "osm-way-35800537",
      "properties": {
        "osmWayId": 35800537,
        "highway": "path",
        "surface": null,
        "wheelchair": null,
        "foot": "yes",
        "verificationStatus": "inferred",
        "source": "OpenStreetMap"
      },
      "geometry": {
        "type": "LineString",
        "coordinates": [
          [
            -79.174475,
            43.7900327
          ],
          [
            -79.1747234,
            43.7905861
          ],
          [
            -79.174752,
            43.7906497
          ]
        ]
      }
    },
    {
      "type": "Feature",
      "id": "osm-way-35800538",
      "properties": {
        "osmWayId": 35800538,
        "highway": "path",
        "surface": "asphalt",
        "wheelchair": null,
        "foot": "yes",
        "verificationStatus": "inferred",
        "source": "OpenStreetMap"
      },
      "geometry": {
        "type": "LineString",
        "coordinates": [
          [
            -79.178006,
            43.7920878
          ],
          [
            -79.1780333,
            43.7921574
          ],
          [
            -79.1781792,
            43.7924983
          ],
          [
            -79.1782457,
            43.7925929
          ],
          [
            -79.1783605,
            43.7929271
          ],
          [
            -79.1784179,
            43.7930205
          ],
          [
            -79.1784983,
            43.7930806
          ],
          [
            -79.1786329,
            43.7931433
          ]
        ]
      }
    },
    {
      "type": "Feature",
      "id": "osm-way-35800539",
      "properties": {
        "osmWayId": 35800539,
        "highway": "path",
        "surface": "asphalt",
        "wheelchair": null,
        "foot": "yes",
        "verificationStatus": "inferred",
        "source": "OpenStreetMap"
      },
      "geometry": {
        "type": "LineString",
        "coordinates": [
          [
            -79.1781792,
            43.7924983
          ],
          [
            -79.1779872,
            43.7925747
          ],
          [
            -79.1775145,
            43.792731
          ],
          [
            -79.1774282,
            43.7927803
          ],
          [
            -79.1773347,
            43.7928656
          ],
          [
            -79.1772159,
            43.793092
          ],
          [
            -79.1770264,
            43.7934588
          ],
          [
            -79.1769875,
            43.7935367
          ],
          [
            -79.1769649,
            43.7936339
          ],
          [
            -79.1769882,
            43.7937081
          ],
          [
            -79.1770516,
            43.7938102
          ]
        ]
      }
    },
    {
      "type": "Feature",
      "id": "osm-way-35800540",
      "properties": {
        "osmWayId": 35800540,
        "highway": "path",
        "surface": "asphalt",
        "wheelchair": null,
        "foot": "yes",
        "verificationStatus": "inferred",
        "source": "OpenStreetMap"
      },
      "geometry": {
        "type": "LineString",
        "coordinates": [
          [
            -79.1770264,
            43.7934588
          ],
          [
            -79.176948,
            43.7934853
          ],
          [
            -79.1768305,
            43.7935706
          ],
          [
            -79.1767405,
            43.7936467
          ],
          [
            -79.1765927,
            43.7937613
          ],
          [
            -79.1764893,
            43.7938589
          ]
        ]
      }
    },
    {
      "type": "Feature",
      "id": "osm-way-35800578",
      "properties": {
        "osmWayId": 35800578,
        "highway": "path",
        "surface": "asphalt",
        "wheelchair": null,
        "foot": null,
        "verificationStatus": "inferred",
        "source": "OpenStreetMap"
      },
      "geometry": {
        "type": "LineString",
        "coordinates": [
          [
            -79.1660922,
            43.7873875
          ],
          [
            -79.1663164,
            43.787438
          ],
          [
            -79.1665093,
            43.7874813
          ],
          [
            -79.1665695,
            43.7875057
          ],
          [
            -79.166642,
            43.7875618
          ],
          [
            -79.1666604,
            43.7875888
          ],
          [
            -79.1666753,
            43.7876295
          ],
          [
            -79.1667457,
            43.7879814
          ],
          [
            -79.1667605,
            43.7880289
          ],
          [
            -79.167005,
            43.7885673
          ],
          [
            -79.1670516,
            43.7886503
          ],
          [
            -79.1671251,
            43.7887545
          ],
          [
            -79.1671751,
            43.7888572
          ],
          [
            -79.1671922,
            43.7889362
          ],
          [
            -79.1672273,
            43.7892652
          ]
        ]
      }
    },
    {
      "type": "Feature",
      "id": "osm-way-35800579",
      "properties": {
        "osmWayId": 35800579,
        "highway": "path",
        "surface": "asphalt",
        "wheelchair": null,
        "foot": null,
        "verificationStatus": "inferred",
        "source": "OpenStreetMap"
      },
      "geometry": {
        "type": "LineString",
        "coordinates": [
          [
            -79.1660555,
            43.7894807
          ],
          [
            -79.1661787,
            43.7894717
          ],
          [
            -79.1664316,
            43.7894346
          ],
          [
            -79.1666921,
            43.7893742
          ],
          [
            -79.1672273,
            43.7892652
          ],
          [
            -79.1674495,
            43.7892331
          ]
        ]
      }
    },
    {
      "type": "Feature",
      "id": "osm-way-35800687",
      "properties": {
        "osmWayId": 35800687,
        "highway": "footway",
        "surface": "concrete",
        "wheelchair": null,
        "foot": null,
        "verificationStatus": "inferred",
        "source": "OpenStreetMap"
      },
      "geometry": {
        "type": "LineString",
        "coordinates": [
          [
            -79.1879234,
            43.7822562
          ],
          [
            -79.1881567,
            43.7822898
          ],
          [
            -79.188267,
            43.7823098
          ],
          [
            -79.1883723,
            43.7823376
          ],
          [
            -79.1884803,
            43.7823693
          ],
          [
            -79.1885408,
            43.7823933
          ],
          [
            -79.1885648,
            43.7824145
          ],
          [
            -79.1885702,
            43.7824306
          ],
          [
            -79.1885625,
            43.7824577
          ],
          [
            -79.188548,
            43.7824736
          ],
          [
            -79.1885242,
            43.7824828
          ],
          [
            -79.1884782,
            43.7824868
          ],
          [
            -79.1884026,
            43.7824723
          ],
          [
            -79.1883688,
            43.7824732
          ],
          [
            -79.1883327,
            43.7824825
          ],
          [
            -79.1883053,
            43.7824948
          ],
          [
            -79.188285,
            43.7825155
          ],
          [
            -79.1882776,
            43.7825346
          ],
          [
            -79.1882796,
            43.7825553
          ],
          [
            -79.1882916,
            43.782587
          ],
          [
            -79.1883152,
            43.7826137
          ],
          [
            -79.1883963,
            43.7826596
          ],
          [
            -79.1884724,
            43.7826976
          ],
          [
            -79.1885332,
            43.7827232
          ],
          [
            -79.1886025,
            43.7827322
          ],
          [
            -79.1887183,
            43.7827272
          ],
          [
            -79.1887685,
            43.7827391
          ],
          [
            -79.188804,
            43.7827814
          ],
          [
            -79.1887701,
            43.7828272
          ],
          [
            -79.1886766,
            43.7828458
          ],
          [
            -79.1885714,
            43.7828361
          ],
          [
            -79.1884363,
            43.7828157
          ],
          [
            -79.1882771,
            43.7827905
          ],
          [
            -79.1881591,
            43.7827747
          ],
          [
            -79.188049,
            43.7827313
          ],
          [
            -79.1879935,
            43.7826863
          ],
          [
            -79.1879359,
            43.7826332
          ]
        ]
      }
    },
    {
      "type": "Feature",
      "id": "osm-way-36796050",
      "properties": {
        "osmWayId": 36796050,
        "highway": "footway",
        "surface": "dirt",
        "wheelchair": null,
        "foot": "yes",
        "verificationStatus": "inferred",
        "source": "OpenStreetMap"
      },
      "geometry": {
        "type": "LineString",
        "coordinates": [
          [
            -79.2048195,
            43.7758467
          ],
          [
            -79.2046908,
            43.775897
          ],
          [
            -79.2045298,
            43.775957
          ],
          [
            -79.2044225,
            43.7759919
          ],
          [
            -79.2043877,
            43.7760093
          ],
          [
            -79.2043421,
            43.7760035
          ],
          [
            -79.2042911,
            43.7759764
          ],
          [
            -79.2042643,
            43.775957
          ],
          [
            -79.2041758,
            43.7759706
          ],
          [
            -79.2040792,
            43.7760113
          ],
          [
            -79.2039451,
            43.7760771
          ],
          [
            -79.2037734,
            43.7761139
          ],
          [
            -79.2036527,
            43.7761023
          ],
          [
            -79.2035642,
            43.7760616
          ],
          [
            -79.2034489,
            43.7760616
          ],
          [
            -79.2033765,
            43.7759938
          ],
          [
            -79.2033792,
            43.775928
          ],
          [
            -79.2033497,
            43.7758486
          ]
        ]
      }
    },
    {
      "type": "Feature",
      "id": "osm-way-43248059",
      "properties": {
        "osmWayId": 43248059,
        "highway": "path",
        "surface": "asphalt",
        "wheelchair": null,
        "foot": null,
        "verificationStatus": "inferred",
        "source": "OpenStreetMap"
      },
      "geometry": {
        "type": "LineString",
        "coordinates": [
          [
            -79.1929627,
            43.7787259
          ],
          [
            -79.1929437,
            43.778746
          ],
          [
            -79.192732,
            43.7789321
          ],
          [
            -79.1927204,
            43.7789432
          ],
          [
            -79.1927155,
            43.7789558
          ],
          [
            -79.1927055,
            43.7789828
          ],
          [
            -79.1926955,
            43.7789995
          ],
          [
            -79.1926807,
            43.7790189
          ],
          [
            -79.1926088,
            43.7791245
          ],
          [
            -79.1925503,
            43.7791605
          ],
          [
            -79.1924901,
            43.7791931
          ],
          [
            -79.1923954,
            43.7792146
          ],
          [
            -79.1923025,
            43.7792323
          ],
          [
            -79.1920679,
            43.7793022
          ],
          [
            -79.1920142,
            43.7793204
          ],
          [
            -79.1917776,
            43.7794894
          ],
          [
            -79.1917623,
            43.7795071
          ],
          [
            -79.191761,
            43.7795266
          ],
          [
            -79.1917608,
            43.7795587
          ],
          [
            -79.1917674,
            43.7795959
          ],
          [
            -79.1917751,
            43.7796462
          ],
          [
            -79.1917783,
            43.7796681
          ],
          [
            -79.1917759,
            43.7796822
          ],
          [
            -79.1917283,
            43.7797338
          ],
          [
            -79.1916969,
            43.7797784
          ],
          [
            -79.1916903,
            43.7797918
          ],
          [
            -79.1916869,
            43.7798492
          ],
          [
            -79.1915091,
            43.7801724
          ],
          [
            -79.1914759,
            43.7802113
          ],
          [
            -79.191455,
            43.7802272
          ],
          [
            -79.1914198,
            43.7802436
          ],
          [
            -79.1913953,
            43.7802486
          ],
          [
            -79.1913601,
            43.7802497
          ],
          [
            -79.1913336,
            43.780247
          ],
          [
            -79.1912843,
            43.7802265
          ]
        ]
      }
    },
    {
      "type": "Feature",
      "id": "osm-way-43248063",
      "properties": {
        "osmWayId": 43248063,
        "highway": "footway",
        "surface": "metal",
        "wheelchair": null,
        "foot": "yes",
        "verificationStatus": "inferred",
        "source": "OpenStreetMap"
      },
      "geometry": {
        "type": "LineString",
        "coordinates": [
          [
            -79.1831507,
            43.7800673
          ],
          [
            -79.1833533,
            43.7804132
          ]
        ]
      }
    },
    {
      "type": "Feature",
      "id": "osm-way-43794418",
      "properties": {
        "osmWayId": 43794418,
        "highway": "path",
        "surface": "concrete",
        "wheelchair": null,
        "foot": null,
        "verificationStatus": "inferred",
        "source": "OpenStreetMap"
      },
      "geometry": {
        "type": "LineString",
        "coordinates": [
          [
            -79.1751029,
            43.7885257
          ],
          [
            -79.1751543,
            43.7885145
          ],
          [
            -79.1751869,
            43.7885074
          ],
          [
            -79.176217,
            43.7882668
          ],
          [
            -79.1762789,
            43.7882524
          ]
        ]
      }
    },
    {
      "type": "Feature",
      "id": "osm-way-43921056",
      "properties": {
        "osmWayId": 43921056,
        "highway": "footway",
        "surface": null,
        "wheelchair": null,
        "foot": null,
        "verificationStatus": "inferred",
        "source": "OpenStreetMap"
      },
      "geometry": {
        "type": "LineString",
        "coordinates": [
          [
            -79.1890398,
            43.7865886
          ],
          [
            -79.189489,
            43.7864915
          ],
          [
            -79.1898117,
            43.7864296
          ],
          [
            -79.1904826,
            43.7862976
          ],
          [
            -79.1906048,
            43.7862796
          ],
          [
            -79.1907091,
            43.78627
          ],
          [
            -79.1908183,
            43.7862653
          ],
          [
            -79.1909419,
            43.786267
          ],
          [
            -79.1910981,
            43.7862498
          ],
          [
            -79.1911566,
            43.7862454
          ],
          [
            -79.1912082,
            43.7862481
          ],
          [
            -79.1913795,
            43.7863371
          ],
          [
            -79.1914032,
            43.786363
          ],
          [
            -79.1914773,
            43.7864154
          ],
          [
            -79.1915824,
            43.7864762
          ],
          [
            -79.1916769,
            43.7865202
          ],
          [
            -79.1917741,
            43.7865572
          ],
          [
            -79.192077,
            43.7866234
          ],
          [
            -79.1921209,
            43.786627
          ],
          [
            -79.1921209,
            43.7865645
          ]
        ]
      }
    },
    {
      "type": "Feature",
      "id": "osm-way-43921057",
      "properties": {
        "osmWayId": 43921057,
        "highway": "steps",
        "surface": "metal",
        "wheelchair": null,
        "foot": null,
        "verificationStatus": "inferred",
        "source": "OpenStreetMap"
      },
      "geometry": {
        "type": "LineString",
        "coordinates": [
          [
            -79.1917606,
            43.7859612
          ],
          [
            -79.1913795,
            43.7863371
          ]
        ]
      }
    },
    {
      "type": "Feature",
      "id": "osm-way-43921058",
      "properties": {
        "osmWayId": 43921058,
        "highway": "footway",
        "surface": "concrete",
        "wheelchair": null,
        "foot": null,
        "verificationStatus": "inferred",
        "source": "OpenStreetMap"
      },
      "geometry": {
        "type": "LineString",
        "coordinates": [
          [
            -79.1932381,
            43.7855842
          ],
          [
            -79.1931373,
            43.7856098
          ],
          [
            -79.1919211,
            43.7859142
          ],
          [
            -79.1917606,
            43.7859612
          ]
        ]
      }
    },
    {
      "type": "Feature",
      "id": "osm-way-43921064",
      "properties": {
        "osmWayId": 43921064,
        "highway": "footway",
        "surface": null,
        "wheelchair": null,
        "foot": null,
        "verificationStatus": "inferred",
        "source": "OpenStreetMap"
      },
      "geometry": {
        "type": "LineString",
        "coordinates": [
          [
            -79.1848267,
            43.7873685
          ],
          [
            -79.1843734,
            43.7863167
          ],
          [
            -79.1843486,
            43.7862591
          ]
        ]
      }
    },
    {
      "type": "Feature",
      "id": "osm-way-43921798",
      "properties": {
        "osmWayId": 43921798,
        "highway": "footway",
        "surface": null,
        "wheelchair": null,
        "foot": null,
        "verificationStatus": "inferred",
        "source": "OpenStreetMap"
      },
      "geometry": {
        "type": "LineString",
        "coordinates": [
          [
            -79.1785603,
            43.7857162
          ],
          [
            -79.1772178,
            43.7860129
          ]
        ]
      }
    },
    {
      "type": "Feature",
      "id": "osm-way-43921805",
      "properties": {
        "osmWayId": 43921805,
        "highway": "footway",
        "surface": null,
        "wheelchair": null,
        "foot": null,
        "verificationStatus": "inferred",
        "source": "OpenStreetMap"
      },
      "geometry": {
        "type": "LineString",
        "coordinates": [
          [
            -79.1862292,
            43.7872526
          ],
          [
            -79.1877376,
            43.7868687
          ],
          [
            -79.1879003,
            43.7867793
          ],
          [
            -79.1880977,
            43.7867274
          ],
          [
            -79.1882132,
            43.786701
          ],
          [
            -79.1882901,
            43.7866864
          ],
          [
            -79.1883125,
            43.7866822
          ]
        ]
      }
    },
    {
      "type": "Feature",
      "id": "osm-way-43921806",
      "properties": {
        "osmWayId": 43921806,
        "highway": "footway",
        "surface": null,
        "wheelchair": null,
        "foot": null,
        "verificationStatus": "inferred",
        "source": "OpenStreetMap"
      },
      "geometry": {
        "type": "LineString",
        "coordinates": [
          [
            -79.1834173,
            43.7877337
          ],
          [
            -79.1834138,
            43.7877997
          ],
          [
            -79.1834043,
            43.7878568
          ],
          [
            -79.1834059,
            43.7879584
          ]
        ]
      }
    },
    {
      "type": "Feature",
      "id": "osm-way-43921809",
      "properties": {
        "osmWayId": 43921809,
        "highway": "footway",
        "surface": null,
        "wheelchair": null,
        "foot": null,
        "verificationStatus": "inferred",
        "source": "OpenStreetMap"
      },
      "geometry": {
        "type": "LineString",
        "coordinates": [
          [
            -79.1728748,
            43.7889122
          ],
          [
            -79.1728447,
            43.7888414
          ],
          [
            -79.1723622,
            43.7876895
          ],
          [
            -79.1723396,
            43.7876338
          ],
          [
            -79.1718451,
            43.7864391
          ],
          [
            -79.1717942,
            43.7862926
          ],
          [
            -79.1717536,
            43.7861524
          ],
          [
            -79.1716755,
            43.786022
          ],
          [
            -79.1714995,
            43.7856216
          ],
          [
            -79.1713129,
            43.7852014
          ],
          [
            -79.1709824,
            43.7843882
          ],
          [
            -79.1709137,
            43.7842241
          ],
          [
            -79.1708903,
            43.7842071
          ],
          [
            -79.1708624,
            43.7842005
          ],
          [
            -79.1708455,
            43.7841807
          ],
          [
            -79.170836,
            43.7841564
          ],
          [
            -79.170745,
            43.7839317
          ],
          [
            -79.1706574,
            43.7838073
          ],
          [
            -79.1707247,
            43.7837822
          ],
          [
            -79.1706097,
            43.7835084
          ],
          [
            -79.170572,
            43.783478
          ]
        ]
      }
    },
    {
      "type": "Feature",
      "id": "osm-way-43921811",
      "properties": {
        "osmWayId": 43921811,
        "highway": "footway",
        "surface": null,
        "wheelchair": null,
        "foot": null,
        "verificationStatus": "inferred",
        "source": "OpenStreetMap"
      },
      "geometry": {
        "type": "LineString",
        "coordinates": [
          [
            -79.1751601,
            43.7870377
          ],
          [
            -79.1751466,
            43.7870019
          ],
          [
            -79.1746161,
            43.7871234
          ],
          [
            -79.1745823,
            43.7871311
          ]
        ]
      }
    },
    {
      "type": "Feature",
      "id": "osm-way-43921812",
      "properties": {
        "osmWayId": 43921812,
        "highway": "footway",
        "surface": null,
        "wheelchair": null,
        "foot": null,
        "verificationStatus": "inferred",
        "source": "OpenStreetMap"
      },
      "geometry": {
        "type": "LineString",
        "coordinates": [
          [
            -79.1751891,
            43.787113
          ],
          [
            -79.1752063,
            43.7871566
          ],
          [
            -79.1746735,
            43.7872659
          ]
        ]
      }
    },
    {
      "type": "Feature",
      "id": "osm-way-43921815",
      "properties": {
        "osmWayId": 43921815,
        "highway": "footway",
        "surface": null,
        "wheelchair": null,
        "foot": null,
        "verificationStatus": "inferred",
        "source": "OpenStreetMap"
      },
      "geometry": {
        "type": "LineString",
        "coordinates": [
          [
            -79.1713479,
            43.7878705
          ],
          [
            -79.1713063,
            43.7878394
          ],
          [
            -79.1712468,
            43.7878279
          ],
          [
            -79.170546,
            43.7879801
          ],
          [
            -79.1704363,
            43.7880052
          ],
          [
            -79.1702527,
            43.7880279
          ],
          [
            -79.1700527,
            43.7880359
          ],
          [
            -79.1692369,
            43.7882297
          ]
        ]
      }
    },
    {
      "type": "Feature",
      "id": "osm-way-43921816",
      "properties": {
        "osmWayId": 43921816,
        "highway": "footway",
        "surface": null,
        "wheelchair": null,
        "foot": null,
        "verificationStatus": "inferred",
        "source": "OpenStreetMap"
      },
      "geometry": {
        "type": "LineString",
        "coordinates": [
          [
            -79.170546,
            43.7879801
          ],
          [
            -79.1704587,
            43.7878021
          ],
          [
            -79.1705221,
            43.787418
          ],
          [
            -79.1705995,
            43.7873639
          ],
          [
            -79.1709683,
            43.7872391
          ],
          [
            -79.171054,
            43.7871491
          ],
          [
            -79.1710541,
            43.7870506
          ],
          [
            -79.1709715,
            43.7869793
          ],
          [
            -79.1708746,
            43.7869401
          ],
          [
            -79.1708254,
            43.7869177
          ],
          [
            -79.1707356,
            43.7867197
          ],
          [
            -79.1705064,
            43.7862059
          ],
          [
            -79.1703838,
            43.7860249
          ],
          [
            -79.1703955,
            43.7859726
          ],
          [
            -79.1704648,
            43.7859154
          ],
          [
            -79.1704772,
            43.7858366
          ],
          [
            -79.1704434,
            43.7857654
          ],
          [
            -79.170378,
            43.7857226
          ],
          [
            -79.1702558,
            43.7857073
          ],
          [
            -79.1701785,
            43.7857167
          ],
          [
            -79.1701208,
            43.7857543
          ],
          [
            -79.1700857,
            43.7857772
          ]
        ]
      }
    },
    {
      "type": "Feature",
      "id": "osm-way-43921818",
      "properties": {
        "osmWayId": 43921818,
        "highway": "footway",
        "surface": "concrete",
        "wheelchair": null,
        "foot": null,
        "verificationStatus": "inferred",
        "source": "OpenStreetMap"
      },
      "geometry": {
        "type": "LineString",
        "coordinates": [
          [
            -79.1661787,
            43.7894717
          ],
          [
            -79.166159,
            43.7895164
          ],
          [
            -79.1661345,
            43.7895452
          ],
          [
            -79.1661024,
            43.7895688
          ],
          [
            -79.1660165,
            43.7896031
          ],
          [
            -79.1648906,
            43.7898674
          ],
          [
            -79.1647914,
            43.7898968
          ],
          [
            -79.1644395,
            43.7900975
          ],
          [
            -79.1639251,
            43.7903796
          ],
          [
            -79.1638446,
            43.7904358
          ],
          [
            -79.1636716,
            43.7904919
          ],
          [
            -79.1631057,
            43.7906516
          ],
          [
            -79.1630471,
            43.7906637
          ],
          [
            -79.1630417,
            43.7906493
          ]
        ]
      }
    },
    {
      "type": "Feature",
      "id": "osm-way-43921819",
      "properties": {
        "osmWayId": 43921819,
        "highway": "footway",
        "surface": null,
        "wheelchair": null,
        "foot": null,
        "verificationStatus": "inferred",
        "source": "OpenStreetMap"
      },
      "geometry": {
        "type": "LineString",
        "coordinates": [
          [
            -79.1638057,
            43.790369
          ],
          [
            -79.1638446,
            43.7904358
          ],
          [
            -79.1642641,
            43.7913913
          ],
          [
            -79.164319,
            43.7914607
          ],
          [
            -79.1644043,
            43.7914928
          ],
          [
            -79.1645196,
            43.7914956
          ],
          [
            -79.1647658,
            43.7914387
          ],
          [
            -79.167301,
            43.7908227
          ],
          [
            -79.1676545,
            43.7907235
          ],
          [
            -79.1677379,
            43.7906394
          ],
          [
            -79.1677574,
            43.7905403
          ],
          [
            -79.1676837,
            43.7903935
          ],
          [
            -79.1675536,
            43.7900767
          ],
          [
            -79.1675447,
            43.7900578
          ],
          [
            -79.1675397,
            43.7900475
          ],
          [
            -79.1675357,
            43.7900396
          ],
          [
            -79.1675314,
            43.7900323
          ],
          [
            -79.1675267,
            43.790025
          ],
          [
            -79.1675206,
            43.7900132
          ],
          [
            -79.1675121,
            43.7900032
          ],
          [
            -79.1675002,
            43.789991
          ],
          [
            -79.1674879,
            43.7899802
          ],
          [
            -79.167475,
            43.7899706
          ],
          [
            -79.1674636,
            43.7899632
          ],
          [
            -79.1674533,
            43.7899571
          ],
          [
            -79.1674451,
            43.7899531
          ],
          [
            -79.1674319,
            43.7899475
          ],
          [
            -79.1674196,
            43.7899427
          ],
          [
            -79.1673996,
            43.7899344
          ],
          [
            -79.1673554,
            43.7899224
          ]
        ]
      }
    },
    {
      "type": "Feature",
      "id": "osm-way-43922011",
      "properties": {
        "osmWayId": 43922011,
        "highway": "footway",
        "surface": null,
        "wheelchair": null,
        "foot": null,
        "verificationStatus": "inferred",
        "source": "OpenStreetMap"
      },
      "geometry": {
        "type": "LineString",
        "coordinates": [
          [
            -79.1797806,
            43.7839451
          ],
          [
            -79.1797116,
            43.7839511
          ],
          [
            -79.1793516,
            43.7830876
          ]
        ]
      }
    },
    {
      "type": "Feature",
      "id": "osm-way-43922012",
      "properties": {
        "osmWayId": 43922012,
        "highway": "footway",
        "surface": null,
        "wheelchair": null,
        "foot": null,
        "verificationStatus": "inferred",
        "source": "OpenStreetMap"
      },
      "geometry": {
        "type": "LineString",
        "coordinates": [
          [
            -79.1779194,
            43.7839622
          ],
          [
            -79.1777005,
            43.7834582
          ],
          [
            -79.1774167,
            43.7827729
          ],
          [
            -79.1773803,
            43.7826873
          ]
        ]
      }
    },
    {
      "type": "Feature",
      "id": "osm-way-43922013",
      "properties": {
        "osmWayId": 43922013,
        "highway": "footway",
        "surface": null,
        "wheelchair": null,
        "foot": null,
        "verificationStatus": "inferred",
        "source": "OpenStreetMap"
      },
      "geometry": {
        "type": "LineString",
        "coordinates": [
          [
            -79.1795543,
            43.7831266
          ],
          [
            -79.1812699,
            43.7834561
          ],
          [
            -79.18164,
            43.7835627
          ],
          [
            -79.1818923,
            43.7836624
          ],
          [
            -79.1835657,
            43.784413
          ],
          [
            -79.1852167,
            43.7851948
          ],
          [
            -79.186744,
            43.7859346
          ],
          [
            -79.1870515,
            43.7860817
          ],
          [
            -79.1873536,
            43.7862269
          ],
          [
            -79.1877979,
            43.7864406
          ],
          [
            -79.1878197,
            43.7864542
          ],
          [
            -79.1878337,
            43.7864682
          ],
          [
            -79.1878425,
            43.786484
          ],
          [
            -79.1878472,
            43.7865024
          ],
          [
            -79.1878827,
            43.7865113
          ]
        ]
      }
    },
    {
      "type": "Feature",
      "id": "osm-way-62354149",
      "properties": {
        "osmWayId": 62354149,
        "highway": "footway",
        "surface": null,
        "wheelchair": null,
        "foot": null,
        "verificationStatus": "inferred",
        "source": "OpenStreetMap"
      },
      "geometry": {
        "type": "LineString",
        "coordinates": [
          [
            -79.1784412,
            43.7906664
          ],
          [
            -79.1785144,
            43.7905959
          ],
          [
            -79.1779454,
            43.7892497
          ]
        ]
      }
    },
    {
      "type": "Feature",
      "id": "osm-way-68293342",
      "properties": {
        "osmWayId": 68293342,
        "highway": "footway",
        "surface": "concrete",
        "wheelchair": null,
        "foot": null,
        "verificationStatus": "inferred",
        "source": "OpenStreetMap"
      },
      "geometry": {
        "type": "LineString",
        "coordinates": [
          [
            -79.1861968,
            43.7852646
          ],
          [
            -79.1862515,
            43.7852012
          ],
          [
            -79.1865933,
            43.784806
          ]
        ]
      }
    },
    {
      "type": "Feature",
      "id": "osm-way-68293343",
      "properties": {
        "osmWayId": 68293343,
        "highway": "footway",
        "surface": "concrete",
        "wheelchair": null,
        "foot": null,
        "verificationStatus": "inferred",
        "source": "OpenStreetMap"
      },
      "geometry": {
        "type": "LineString",
        "coordinates": [
          [
            -79.1869878,
            43.783682
          ],
          [
            -79.1871795,
            43.7837665
          ],
          [
            -79.1874418,
            43.7838897
          ],
          [
            -79.1875328,
            43.7839325
          ]
        ]
      }
    },
    {
      "type": "Feature",
      "id": "osm-way-68293344",
      "properties": {
        "osmWayId": 68293344,
        "highway": "footway",
        "surface": "concrete:plates",
        "wheelchair": null,
        "foot": null,
        "verificationStatus": "inferred",
        "source": "OpenStreetMap"
      },
      "geometry": {
        "type": "LineString",
        "coordinates": [
          [
            -79.1865933,
            43.784806
          ],
          [
            -79.1866822,
            43.7847234
          ],
          [
            -79.1868205,
            43.7846334
          ],
          [
            -79.1869284,
            43.7846499
          ]
        ]
      }
    },
    {
      "type": "Feature",
      "id": "osm-way-87221916",
      "properties": {
        "osmWayId": 87221916,
        "highway": "footway",
        "surface": "asphalt",
        "wheelchair": null,
        "foot": null,
        "verificationStatus": "inferred",
        "source": "OpenStreetMap"
      },
      "geometry": {
        "type": "LineString",
        "coordinates": [
          [
            -79.1837885,
            43.783504
          ],
          [
            -79.1835873,
            43.7834871
          ],
          [
            -79.1834667,
            43.7834769
          ],
          [
            -79.1833167,
            43.7834753
          ]
        ]
      }
    },
    {
      "type": "Feature",
      "id": "osm-way-87221917",
      "properties": {
        "osmWayId": 87221917,
        "highway": "footway",
        "surface": null,
        "wheelchair": null,
        "foot": null,
        "verificationStatus": "inferred",
        "source": "OpenStreetMap"
      },
      "geometry": {
        "type": "LineString",
        "coordinates": [
          [
            -79.1846683,
            43.7831361
          ],
          [
            -79.1848778,
            43.7831356
          ],
          [
            -79.1850597,
            43.7831352
          ],
          [
            -79.1852579,
            43.7831132
          ],
          [
            -79.1853772,
            43.7830813
          ],
          [
            -79.1854533,
            43.7829946
          ],
          [
            -79.1854751,
            43.7829665
          ]
        ]
      }
    },
    {
      "type": "Feature",
      "id": "osm-way-87221918",
      "properties": {
        "osmWayId": 87221918,
        "highway": "footway",
        "surface": "asphalt",
        "wheelchair": null,
        "foot": null,
        "verificationStatus": "inferred",
        "source": "OpenStreetMap"
      },
      "geometry": {
        "type": "LineString",
        "coordinates": [
          [
            -79.1840393,
            43.7831738
          ],
          [
            -79.1840641,
            43.7832551
          ],
          [
            -79.1840457,
            43.7833132
          ],
          [
            -79.1840139,
            43.7833713
          ],
          [
            -79.1839227,
            43.7834227
          ],
          [
            -79.1837885,
            43.783504
          ]
        ]
      }
    },
    {
      "type": "Feature",
      "id": "osm-way-87221919",
      "properties": {
        "osmWayId": 87221919,
        "highway": "footway",
        "surface": "asphalt",
        "wheelchair": null,
        "foot": null,
        "verificationStatus": "inferred",
        "source": "OpenStreetMap"
      },
      "geometry": {
        "type": "LineString",
        "coordinates": [
          [
            -79.1834872,
            43.7830335
          ],
          [
            -79.1835538,
            43.7831113
          ],
          [
            -79.1836222,
            43.7831632
          ],
          [
            -79.1836775,
            43.7831995
          ],
          [
            -79.1837258,
            43.7832114
          ],
          [
            -79.1837973,
            43.7832092
          ],
          [
            -79.1838511,
            43.7831955
          ],
          [
            -79.1838986,
            43.783183
          ],
          [
            -79.1839372,
            43.783177
          ],
          [
            -79.1840393,
            43.7831738
          ]
        ]
      }
    },
    {
      "type": "Feature",
      "id": "osm-way-99456193",
      "properties": {
        "osmWayId": 99456193,
        "highway": "path",
        "surface": null,
        "wheelchair": null,
        "foot": null,
        "verificationStatus": "inferred",
        "source": "OpenStreetMap"
      },
      "geometry": {
        "type": "LineString",
        "coordinates": [
          [
            -79.1718451,
            43.7864391
          ],
          [
            -79.1707356,
            43.7867197
          ]
        ]
      }
    },
    {
      "type": "Feature",
      "id": "osm-way-132986474",
      "properties": {
        "osmWayId": 132986474,
        "highway": "footway",
        "surface": null,
        "wheelchair": null,
        "foot": "yes",
        "verificationStatus": "inferred",
        "source": "OpenStreetMap"
      },
      "geometry": {
        "type": "LineString",
        "coordinates": [
          [
            -79.1849333,
            43.7889056
          ],
          [
            -79.1850609,
            43.7888011
          ],
          [
            -79.1851119,
            43.7883963
          ],
          [
            -79.1852854,
            43.7880446
          ],
          [
            -79.185187,
            43.7877142
          ],
          [
            -79.1851063,
            43.7875535
          ],
          [
            -79.1860804,
            43.7873027
          ],
          [
            -79.1862292,
            43.7872526
          ]
        ]
      }
    },
    {
      "type": "Feature",
      "id": "osm-way-132986654",
      "properties": {
        "osmWayId": 132986654,
        "highway": "footway",
        "surface": "grass",
        "wheelchair": null,
        "foot": null,
        "verificationStatus": "inferred",
        "source": "OpenStreetMap"
      },
      "geometry": {
        "type": "LineString",
        "coordinates": [
          [
            -79.1970552,
            43.7866947
          ],
          [
            -79.1970284,
            43.7866655
          ],
          [
            -79.1970163,
            43.7866634
          ],
          [
            -79.1964729,
            43.7865682
          ],
          [
            -79.1963741,
            43.7866049
          ]
        ]
      }
    },
    {
      "type": "Feature",
      "id": "osm-way-132986655",
      "properties": {
        "osmWayId": 132986655,
        "highway": "footway",
        "surface": "grass",
        "wheelchair": null,
        "foot": null,
        "verificationStatus": "inferred",
        "source": "OpenStreetMap"
      },
      "geometry": {
        "type": "LineString",
        "coordinates": [
          [
            -79.1973062,
            43.7874883
          ],
          [
            -79.1970284,
            43.7876358
          ],
          [
            -79.197008,
            43.7876741
          ],
          [
            -79.1970483,
            43.787771
          ]
        ]
      }
    },
    {
      "type": "Feature",
      "id": "osm-way-132986656",
      "properties": {
        "osmWayId": 132986656,
        "highway": "footway",
        "surface": "asphalt",
        "wheelchair": null,
        "foot": null,
        "verificationStatus": "inferred",
        "source": "OpenStreetMap"
      },
      "geometry": {
        "type": "LineString",
        "coordinates": [
          [
            -79.1977579,
            43.7876211
          ],
          [
            -79.1973062,
            43.7874883
          ],
          [
            -79.1972735,
            43.7874441
          ],
          [
            -79.1964892,
            43.7868605
          ]
        ]
      }
    },
    {
      "type": "Feature",
      "id": "osm-way-133093936",
      "properties": {
        "osmWayId": 133093936,
        "highway": "footway",
        "surface": "concrete",
        "wheelchair": null,
        "foot": null,
        "verificationStatus": "inferred",
        "source": "OpenStreetMap"
      },
      "geometry": {
        "type": "LineString",
        "coordinates": [
          [
            -79.1899063,
            43.8040889
          ],
          [
            -79.1894635,
            43.8030502
          ],
          [
            -79.1893522,
            43.8027996
          ],
          [
            -79.1893478,
            43.8027727
          ],
          [
            -79.1893324,
            43.8027548
          ],
          [
            -79.1892958,
            43.8026623
          ],
          [
            -79.1892731,
            43.8026048
          ],
          [
            -79.1892027,
            43.8025204
          ],
          [
            -79.1890223,
            43.8020931
          ],
          [
            -79.1886271,
            43.8011659
          ],
          [
            -79.1883648,
            43.8005451
          ],
          [
            -79.1882546,
            43.8002456
          ],
          [
            -79.187978,
            43.7995516
          ],
          [
            -79.1878618,
            43.7992765
          ]
        ]
      }
    },
    {
      "type": "Feature",
      "id": "osm-way-133093937",
      "properties": {
        "osmWayId": 133093937,
        "highway": "footway",
        "surface": null,
        "wheelchair": null,
        "foot": null,
        "verificationStatus": "inferred",
        "source": "OpenStreetMap"
      },
      "geometry": {
        "type": "LineString",
        "coordinates": [
          [
            -79.1828105,
            43.794106
          ],
          [
            -79.1829472,
            43.7940761
          ],
          [
            -79.1830303,
            43.7940642
          ],
          [
            -79.1831672,
            43.7940549
          ],
          [
            -79.1836646,
            43.7940304
          ],
          [
            -79.1841471,
            43.7939968
          ],
          [
            -79.1843386,
            43.793991
          ],
          [
            -79.1844502,
            43.7939688
          ],
          [
            -79.1845585,
            43.793924
          ],
          [
            -79.1845975,
            43.7938606
          ],
          [
            -79.1846049,
            43.7938043
          ],
          [
            -79.1843731,
            43.7932565
          ]
        ]
      }
    },
    {
      "type": "Feature",
      "id": "osm-way-133093938",
      "properties": {
        "osmWayId": 133093938,
        "highway": "footway",
        "surface": null,
        "wheelchair": null,
        "foot": null,
        "verificationStatus": "inferred",
        "source": "OpenStreetMap"
      },
      "geometry": {
        "type": "LineString",
        "coordinates": [
          [
            -79.1826726,
            43.7931993
          ],
          [
            -79.18379,
            43.7931345
          ],
          [
            -79.1842315,
            43.7931103
          ],
          [
            -79.1842409,
            43.793109
          ],
          [
            -79.1845219,
            43.7930698
          ],
          [
            -79.1851397,
            43.7929288
          ],
          [
            -79.185213,
            43.7929087
          ],
          [
            -79.1853361,
            43.7928798
          ],
          [
            -79.1857639,
            43.7927792
          ],
          [
            -79.1858873,
            43.7927159
          ],
          [
            -79.1862337,
            43.7924855
          ],
          [
            -79.1863906,
            43.7923812
          ],
          [
            -79.1865827,
            43.792324
          ],
          [
            -79.1868817,
            43.7922381
          ],
          [
            -79.1873633,
            43.7921155
          ],
          [
            -79.1890957,
            43.7916743
          ],
          [
            -79.1896593,
            43.7915308
          ],
          [
            -79.1899165,
            43.7914653
          ]
        ]
      }
    },
    {
      "type": "Feature",
      "id": "osm-way-133093939",
      "properties": {
        "osmWayId": 133093939,
        "highway": "footway",
        "surface": null,
        "wheelchair": null,
        "foot": null,
        "verificationStatus": "inferred",
        "source": "OpenStreetMap"
      },
      "geometry": {
        "type": "LineString",
        "coordinates": [
          [
            -79.1863354,
            43.7926253
          ],
          [
            -79.1861616,
            43.7927492
          ],
          [
            -79.1859957,
            43.792862
          ],
          [
            -79.1858761,
            43.7929166
          ],
          [
            -79.1853992,
            43.793037
          ],
          [
            -79.1852818,
            43.7930667
          ],
          [
            -79.1851636,
            43.7930839
          ],
          [
            -79.1843731,
            43.7932565
          ],
          [
            -79.1843431,
            43.7932609
          ]
        ]
      }
    },
    {
      "type": "Feature",
      "id": "osm-way-133093941",
      "properties": {
        "osmWayId": 133093941,
        "highway": "footway",
        "surface": null,
        "wheelchair": null,
        "foot": null,
        "verificationStatus": "inferred",
        "source": "OpenStreetMap"
      },
      "geometry": {
        "type": "LineString",
        "coordinates": [
          [
            -79.1836457,
            43.7892012
          ],
          [
            -79.1847708,
            43.7889164
          ],
          [
            -79.1848098,
            43.788927
          ],
          [
            -79.1848391,
            43.7889534
          ],
          [
            -79.1857248,
            43.7908188
          ],
          [
            -79.1859777,
            43.7914354
          ],
          [
            -79.1860297,
            43.7915555
          ],
          [
            -79.1860277,
            43.791585
          ],
          [
            -79.1860068,
            43.7916067
          ],
          [
            -79.1859582,
            43.7916252
          ],
          [
            -79.1853774,
            43.7917711
          ],
          [
            -79.1847926,
            43.7919199
          ]
        ]
      }
    },
    {
      "type": "Feature",
      "id": "osm-way-133094083",
      "properties": {
        "osmWayId": 133094083,
        "highway": "footway",
        "surface": null,
        "wheelchair": null,
        "foot": null,
        "verificationStatus": "inferred",
        "source": "OpenStreetMap"
      },
      "geometry": {
        "type": "LineString",
        "coordinates": [
          [
            -79.1876381,
            43.7924935
          ],
          [
            -79.1875257,
            43.7922434
          ]
        ]
      }
    },
    {
      "type": "Feature",
      "id": "osm-way-133094138",
      "properties": {
        "osmWayId": 133094138,
        "highway": "footway",
        "surface": null,
        "wheelchair": null,
        "foot": null,
        "verificationStatus": "inferred",
        "source": "OpenStreetMap"
      },
      "geometry": {
        "type": "LineString",
        "coordinates": [
          [
            -79.185743,
            43.7943563
          ],
          [
            -79.1851528,
            43.7944894
          ],
          [
            -79.1850519,
            43.7945122
          ],
          [
            -79.1842798,
            43.794581
          ],
          [
            -79.1842367,
            43.7945833
          ],
          [
            -79.1830614,
            43.7946454
          ]
        ]
      }
    },
    {
      "type": "Feature",
      "id": "osm-way-133094204",
      "properties": {
        "osmWayId": 133094204,
        "highway": "footway",
        "surface": null,
        "wheelchair": null,
        "foot": null,
        "verificationStatus": "inferred",
        "source": "OpenStreetMap"
      },
      "geometry": {
        "type": "LineString",
        "coordinates": [
          [
            -79.1819668,
            43.7972309
          ],
          [
            -79.1826935,
            43.7970954
          ],
          [
            -79.1833845,
            43.7969712
          ],
          [
            -79.1837363,
            43.7969134
          ],
          [
            -79.1840996,
            43.7968574
          ],
          [
            -79.1845171,
            43.7968012
          ],
          [
            -79.1847488,
            43.7967694
          ],
          [
            -79.1852708,
            43.7966984
          ],
          [
            -79.1856242,
            43.7966532
          ],
          [
            -79.1856734,
            43.7966314
          ],
          [
            -79.1857095,
            43.7965658
          ],
          [
            -79.185525,
            43.7960685
          ],
          [
            -79.1855016,
            43.7960053
          ],
          [
            -79.1852473,
            43.7949628
          ],
          [
            -79.1851154,
            43.7946423
          ],
          [
            -79.1850851,
            43.7945688
          ]
        ]
      }
    },
    {
      "type": "Feature",
      "id": "osm-way-133094312",
      "properties": {
        "osmWayId": 133094312,
        "highway": "footway",
        "surface": "concrete",
        "wheelchair": null,
        "foot": null,
        "verificationStatus": "inferred",
        "source": "OpenStreetMap"
      },
      "geometry": {
        "type": "LineString",
        "coordinates": [
          [
            -79.1857482,
            43.7943676
          ],
          [
            -79.185743,
            43.7943563
          ],
          [
            -79.1854223,
            43.7936863
          ],
          [
            -79.1851636,
            43.7930839
          ],
          [
            -79.1851627,
            43.7929826
          ],
          [
            -79.1851397,
            43.7929288
          ],
          [
            -79.184216,
            43.7907687
          ],
          [
            -79.1832483,
            43.78853
          ],
          [
            -79.1831699,
            43.7882306
          ],
          [
            -79.1830887,
            43.7880276
          ]
        ]
      }
    },
    {
      "type": "Feature",
      "id": "osm-way-133094313",
      "properties": {
        "osmWayId": 133094313,
        "highway": "footway",
        "surface": "concrete",
        "wheelchair": null,
        "foot": null,
        "verificationStatus": "inferred",
        "source": "OpenStreetMap"
      },
      "geometry": {
        "type": "LineString",
        "coordinates": [
          [
            -79.1874204,
            43.7982686
          ],
          [
            -79.1870678,
            43.7974464
          ]
        ]
      }
    },
    {
      "type": "Feature",
      "id": "osm-way-133094314",
      "properties": {
        "osmWayId": 133094314,
        "highway": "footway",
        "surface": "concrete",
        "wheelchair": null,
        "foot": null,
        "verificationStatus": "inferred",
        "source": "OpenStreetMap"
      },
      "geometry": {
        "type": "LineString",
        "coordinates": [
          [
            -79.1875419,
            43.7982573
          ],
          [
            -79.1876353,
            43.7982385
          ],
          [
            -79.1872756,
            43.7973962
          ],
          [
            -79.1871949,
            43.7974271
          ]
        ]
      }
    },
    {
      "type": "Feature",
      "id": "osm-way-136960612",
      "properties": {
        "osmWayId": 136960612,
        "highway": "footway",
        "surface": null,
        "wheelchair": null,
        "foot": null,
        "verificationStatus": "inferred",
        "source": "OpenStreetMap"
      },
      "geometry": {
        "type": "LineString",
        "coordinates": [
          [
            -79.1607742,
            43.7852103
          ],
          [
            -79.1624357,
            43.7848415
          ],
          [
            -79.1628698,
            43.784702
          ],
          [
            -79.1634143,
            43.7844285
          ],
          [
            -79.1642608,
            43.7838819
          ],
          [
            -79.1645973,
            43.7836646
          ],
          [
            -79.1646848,
            43.7836081
          ],
          [
            -79.1648269,
            43.7835767
          ],
          [
            -79.164931,
            43.7835348
          ],
          [
            -79.1664034,
            43.782608
          ],
          [
            -79.166889,
            43.782311
          ],
          [
            -79.1672176,
            43.782157
          ],
          [
            -79.1674302,
            43.7820762
          ],
          [
            -79.1676407,
            43.7820089
          ],
          [
            -79.1677762,
            43.781977
          ],
          [
            -79.1680806,
            43.7819831
          ]
        ]
      }
    },
    {
      "type": "Feature",
      "id": "osm-way-136961796",
      "properties": {
        "osmWayId": 136961796,
        "highway": "footway",
        "surface": null,
        "wheelchair": null,
        "foot": null,
        "verificationStatus": "inferred",
        "source": "OpenStreetMap"
      },
      "geometry": {
        "type": "LineString",
        "coordinates": [
          [
            -79.169289,
            43.784013
          ],
          [
            -79.1693003,
            43.784025
          ],
          [
            -79.1693248,
            43.7840383
          ],
          [
            -79.1693589,
            43.7840414
          ],
          [
            -79.1693943,
            43.784028
          ],
          [
            -79.1694951,
            43.7839659
          ],
          [
            -79.1695797,
            43.7839137
          ],
          [
            -79.1698314,
            43.7837488
          ],
          [
            -79.1699736,
            43.7836187
          ],
          [
            -79.170129,
            43.7835215
          ],
          [
            -79.1703178,
            43.7834032
          ],
          [
            -79.1705092,
            43.7832799
          ]
        ]
      }
    },
    {
      "type": "Feature",
      "id": "osm-way-137362615",
      "properties": {
        "osmWayId": 137362615,
        "highway": "footway",
        "surface": null,
        "wheelchair": null,
        "foot": null,
        "verificationStatus": "inferred",
        "source": "OpenStreetMap"
      },
      "geometry": {
        "type": "LineString",
        "coordinates": [
          [
            -79.1830098,
            43.7721421
          ],
          [
            -79.1830113,
            43.772107
          ],
          [
            -79.1829161,
            43.7718891
          ],
          [
            -79.1828589,
            43.7718685
          ],
          [
            -79.1827996,
            43.7718471
          ],
          [
            -79.1826117,
            43.771763
          ],
          [
            -79.1825771,
            43.771658
          ],
          [
            -79.1825376,
            43.7716216
          ],
          [
            -79.1824678,
            43.7714631
          ],
          [
            -79.1824476,
            43.7714171
          ],
          [
            -79.1825324,
            43.7713933
          ],
          [
            -79.1828631,
            43.7713005
          ],
          [
            -79.1828901,
            43.7713134
          ],
          [
            -79.1832866,
            43.7715031
          ],
          [
            -79.1833501,
            43.7715146
          ],
          [
            -79.1837052,
            43.7714355
          ],
          [
            -79.183792,
            43.7714162
          ]
        ]
      }
    },
    {
      "type": "Feature",
      "id": "osm-way-137775914",
      "properties": {
        "osmWayId": 137775914,
        "highway": "footway",
        "surface": null,
        "wheelchair": null,
        "foot": null,
        "verificationStatus": "inferred",
        "source": "OpenStreetMap"
      },
      "geometry": {
        "type": "LineString",
        "coordinates": [
          [
            -79.159171,
            43.7782126
          ],
          [
            -79.1593869,
            43.7786001
          ],
          [
            -79.1596203,
            43.7787595
          ],
          [
            -79.1617374,
            43.7801046
          ],
          [
            -79.1640472,
            43.7815174
          ],
          [
            -79.1650127,
            43.7821516
          ],
          [
            -79.1650895,
            43.7821601
          ],
          [
            -79.1651799,
            43.7821045
          ],
          [
            -79.1669455,
            43.7807336
          ]
        ]
      }
    },
    {
      "type": "Feature",
      "id": "osm-way-137775917",
      "properties": {
        "osmWayId": 137775917,
        "highway": "footway",
        "surface": null,
        "wheelchair": null,
        "foot": null,
        "verificationStatus": "inferred",
        "source": "OpenStreetMap"
      },
      "geometry": {
        "type": "LineString",
        "coordinates": [
          [
            -79.1671722,
            43.7807865
          ],
          [
            -79.1656462,
            43.7819824
          ],
          [
            -79.1652758,
            43.7822516
          ],
          [
            -79.1651532,
            43.7823017
          ],
          [
            -79.1651094,
            43.782312
          ],
          [
            -79.1650631,
            43.7823183
          ],
          [
            -79.165006,
            43.782314
          ],
          [
            -79.1649545,
            43.7823071
          ],
          [
            -79.1649102,
            43.782297
          ],
          [
            -79.1648575,
            43.7822753
          ],
          [
            -79.1641296,
            43.7817806
          ],
          [
            -79.1628085,
            43.7809471
          ],
          [
            -79.1616811,
            43.7802609
          ],
          [
            -79.1615957,
            43.7802099
          ],
          [
            -79.1615481,
            43.7801785
          ],
          [
            -79.1592369,
            43.7787144
          ],
          [
            -79.1591285,
            43.7785579
          ],
          [
            -79.1589654,
            43.7782624
          ]
        ]
      }
    },
    {
      "type": "Feature",
      "id": "osm-way-137874015",
      "properties": {
        "osmWayId": 137874015,
        "highway": "footway",
        "surface": "concrete",
        "wheelchair": null,
        "foot": null,
        "verificationStatus": "inferred",
        "source": "OpenStreetMap"
      },
      "geometry": {
        "type": "LineString",
        "coordinates": [
          [
            -79.1631503,
            43.7703662
          ],
          [
            -79.1632781,
            43.7706697
          ],
          [
            -79.1632841,
            43.7707237
          ],
          [
            -79.1632797,
            43.7707821
          ],
          [
            -79.1632392,
            43.7709472
          ],
          [
            -79.1632432,
            43.7710339
          ],
          [
            -79.1632719,
            43.7711278
          ],
          [
            -79.1633143,
            43.7712361
          ],
          [
            -79.1636502,
            43.7720118
          ],
          [
            -79.1636741,
            43.7720853
          ],
          [
            -79.1636907,
            43.7722022
          ],
          [
            -79.1637211,
            43.7722463
          ],
          [
            -79.1637633,
            43.7722835
          ],
          [
            -79.163834,
            43.7723152
          ],
          [
            -79.1639049,
            43.7723309
          ],
          [
            -79.1639778,
            43.7723309
          ],
          [
            -79.1640396,
            43.7723182
          ],
          [
            -79.1640977,
            43.7722954
          ],
          [
            -79.1642212,
            43.772232
          ],
          [
            -79.1642896,
            43.7722059
          ],
          [
            -79.165833,
            43.7718572
          ]
        ]
      }
    },
    {
      "type": "Feature",
      "id": "osm-way-137874019",
      "properties": {
        "osmWayId": 137874019,
        "highway": "footway",
        "surface": "concrete",
        "wheelchair": null,
        "foot": null,
        "verificationStatus": "inferred",
        "source": "OpenStreetMap"
      },
      "geometry": {
        "type": "LineString",
        "coordinates": [
          [
            -79.166387,
            43.7727586
          ],
          [
            -79.1663935,
            43.7727452
          ],
          [
            -79.1663736,
            43.7727316
          ],
          [
            -79.1660528,
            43.771977
          ],
          [
            -79.1659004,
            43.7716244
          ],
          [
            -79.1658441,
            43.7715107
          ],
          [
            -79.165736,
            43.7712548
          ],
          [
            -79.1656722,
            43.771102
          ],
          [
            -79.1649075,
            43.7693039
          ],
          [
            -79.164896,
            43.7692768
          ],
          [
            -79.1648947,
            43.7692517
          ],
          [
            -79.1649024,
            43.7692171
          ]
        ]
      }
    },
    {
      "type": "Feature",
      "id": "osm-way-137879494",
      "properties": {
        "osmWayId": 137879494,
        "highway": "footway",
        "surface": null,
        "wheelchair": null,
        "foot": null,
        "verificationStatus": "inferred",
        "source": "OpenStreetMap"
      },
      "geometry": {
        "type": "LineString",
        "coordinates": [
          [
            -79.1762034,
            43.7738291
          ],
          [
            -79.1760324,
            43.7734437
          ],
          [
            -79.1760043,
            43.7733802
          ],
          [
            -79.1756982,
            43.7726454
          ],
          [
            -79.1751589,
            43.7714516
          ],
          [
            -79.1750401,
            43.7713619
          ],
          [
            -79.1749987,
            43.7712921
          ],
          [
            -79.1750098,
            43.7712163
          ],
          [
            -79.1750567,
            43.7711545
          ],
          [
            -79.1751486,
            43.7711186
          ]
        ]
      }
    },
    {
      "type": "Feature",
      "id": "osm-way-137879517",
      "properties": {
        "osmWayId": 137879517,
        "highway": "path",
        "surface": "concrete",
        "wheelchair": null,
        "foot": null,
        "verificationStatus": "inferred",
        "source": "OpenStreetMap"
      },
      "geometry": {
        "type": "LineString",
        "coordinates": [
          [
            -79.1756982,
            43.7726454
          ],
          [
            -79.1747073,
            43.7728626
          ]
        ]
      }
    },
    {
      "type": "Feature",
      "id": "osm-way-137879803",
      "properties": {
        "osmWayId": 137879803,
        "highway": "footway",
        "surface": "concrete",
        "wheelchair": null,
        "foot": null,
        "verificationStatus": "inferred",
        "source": "OpenStreetMap"
      },
      "geometry": {
        "type": "LineString",
        "coordinates": [
          [
            -79.1866851,
            43.7705663
          ],
          [
            -79.1863933,
            43.7708776
          ],
          [
            -79.1861457,
            43.7711266
          ],
          [
            -79.1860596,
            43.7712256
          ],
          [
            -79.1859008,
            43.7713912
          ],
          [
            -79.1858228,
            43.7715107
          ],
          [
            -79.1857425,
            43.7715889
          ],
          [
            -79.1856136,
            43.7717325
          ],
          [
            -79.1849639,
            43.7724448
          ],
          [
            -79.1849189,
            43.7724612
          ]
        ]
      }
    },
    {
      "type": "Feature",
      "id": "osm-way-137879807",
      "properties": {
        "osmWayId": 137879807,
        "highway": "footway",
        "surface": null,
        "wheelchair": null,
        "foot": null,
        "verificationStatus": "inferred",
        "source": "OpenStreetMap"
      },
      "geometry": {
        "type": "LineString",
        "coordinates": [
          [
            -79.1761832,
            43.770768
          ],
          [
            -79.1762966,
            43.7711569
          ],
          [
            -79.1764263,
            43.7714759
          ],
          [
            -79.1764899,
            43.7715656
          ],
          [
            -79.176617,
            43.7718866
          ],
          [
            -79.1755723,
            43.7721216
          ]
        ]
      }
    },
    {
      "type": "Feature",
      "id": "osm-way-137879980",
      "properties": {
        "osmWayId": 137879980,
        "highway": "footway",
        "surface": null,
        "wheelchair": null,
        "foot": null,
        "verificationStatus": "inferred",
        "source": "OpenStreetMap"
      },
      "geometry": {
        "type": "LineString",
        "coordinates": [
          [
            -79.1753649,
            43.7752806
          ],
          [
            -79.1751591,
            43.7748183
          ],
          [
            -79.175087,
            43.7746942
          ],
          [
            -79.1749352,
            43.774453
          ],
          [
            -79.174911,
            43.7744035
          ],
          [
            -79.1748833,
            43.7743382
          ],
          [
            -79.174628,
            43.7737579
          ],
          [
            -79.1746193,
            43.7736848
          ],
          [
            -79.1746148,
            43.7735896
          ],
          [
            -79.1746894,
            43.7730273
          ],
          [
            -79.1747073,
            43.7728626
          ],
          [
            -79.1747106,
            43.7725163
          ],
          [
            -79.1746205,
            43.7723218
          ],
          [
            -79.1741577,
            43.771228
          ]
        ]
      }
    },
    {
      "type": "Feature",
      "id": "osm-way-137879981",
      "properties": {
        "osmWayId": 137879981,
        "highway": "footway",
        "surface": null,
        "wheelchair": null,
        "foot": null,
        "verificationStatus": "inferred",
        "source": "OpenStreetMap"
      },
      "geometry": {
        "type": "LineString",
        "coordinates": [
          [
            -79.1760324,
            43.7734437
          ],
          [
            -79.174628,
            43.7737579
          ],
          [
            -79.1745174,
            43.7737827
          ]
        ]
      }
    },
    {
      "type": "Feature",
      "id": "osm-way-137879982",
      "properties": {
        "osmWayId": 137879982,
        "highway": "footway",
        "surface": null,
        "wheelchair": null,
        "foot": null,
        "verificationStatus": "inferred",
        "source": "OpenStreetMap"
      },
      "geometry": {
        "type": "LineString",
        "coordinates": [
          [
            -79.1762782,
            43.7740173
          ],
          [
            -79.1761833,
            43.7740442
          ],
          [
            -79.1748833,
            43.7743382
          ],
          [
            -79.1747594,
            43.7743662
          ]
        ]
      }
    },
    {
      "type": "Feature",
      "id": "osm-way-137879986",
      "properties": {
        "osmWayId": 137879986,
        "highway": "footway",
        "surface": null,
        "wheelchair": null,
        "foot": null,
        "verificationStatus": "inferred",
        "source": "OpenStreetMap"
      },
      "geometry": {
        "type": "LineString",
        "coordinates": [
          [
            -79.1745968,
            43.7726235
          ],
          [
            -79.1745106,
            43.7726223
          ],
          [
            -79.1740805,
            43.7726165
          ],
          [
            -79.1738996,
            43.7726384
          ],
          [
            -79.1724043,
            43.7729694
          ]
        ]
      }
    },
    {
      "type": "Feature",
      "id": "osm-way-137879988",
      "properties": {
        "osmWayId": 137879988,
        "highway": "footway",
        "surface": null,
        "wheelchair": null,
        "foot": null,
        "verificationStatus": "inferred",
        "source": "OpenStreetMap"
      },
      "geometry": {
        "type": "LineString",
        "coordinates": [
          [
            -79.1726031,
            43.773439
          ],
          [
            -79.1724327,
            43.7730539
          ],
          [
            -79.1724043,
            43.7729694
          ],
          [
            -79.171921,
            43.7718259
          ],
          [
            -79.1718796,
            43.7717979
          ],
          [
            -79.1718745,
            43.771727
          ]
        ]
      }
    },
    {
      "type": "Feature",
      "id": "osm-way-137890697",
      "properties": {
        "osmWayId": 137890697,
        "highway": "footway",
        "surface": null,
        "wheelchair": null,
        "foot": null,
        "verificationStatus": "inferred",
        "source": "OpenStreetMap"
      },
      "geometry": {
        "type": "LineString",
        "coordinates": [
          [
            -79.1667827,
            43.7674358
          ],
          [
            -79.1671413,
            43.768274
          ],
          [
            -79.1671744,
            43.7683512
          ],
          [
            -79.1672028,
            43.7684185
          ],
          [
            -79.1675124,
            43.7691532
          ],
          [
            -79.1675361,
            43.7692093
          ],
          [
            -79.1675712,
            43.7692937
          ],
          [
            -79.1680446,
            43.7704311
          ],
          [
            -79.1685667,
            43.7713088
          ],
          [
            -79.1686043,
            43.771372
          ],
          [
            -79.1686357,
            43.7714466
          ],
          [
            -79.1689488,
            43.7721888
          ]
        ]
      }
    },
    {
      "type": "Feature",
      "id": "osm-way-137890698",
      "properties": {
        "osmWayId": 137890698,
        "highway": "footway",
        "surface": null,
        "wheelchair": null,
        "foot": null,
        "verificationStatus": "inferred",
        "source": "OpenStreetMap"
      },
      "geometry": {
        "type": "LineString",
        "coordinates": [
          [
            -79.168742,
            43.7722351
          ],
          [
            -79.1684282,
            43.7714901
          ],
          [
            -79.1683965,
            43.7714149
          ],
          [
            -79.1683596,
            43.7713509
          ],
          [
            -79.1678493,
            43.770465
          ],
          [
            -79.1677946,
            43.7703381
          ],
          [
            -79.167665,
            43.7700318
          ],
          [
            -79.167374,
            43.769344
          ],
          [
            -79.1673356,
            43.7692532
          ],
          [
            -79.1673124,
            43.7691985
          ],
          [
            -79.1669651,
            43.7683773
          ],
          [
            -79.1665528,
            43.7674277
          ]
        ]
      }
    },
    {
      "type": "Feature",
      "id": "osm-way-137892490",
      "properties": {
        "osmWayId": 137892490,
        "highway": "footway",
        "surface": "concrete",
        "wheelchair": null,
        "foot": null,
        "verificationStatus": "inferred",
        "source": "OpenStreetMap"
      },
      "geometry": {
        "type": "LineString",
        "coordinates": [
          [
            -79.1700768,
            43.7805906
          ],
          [
            -79.171373,
            43.7788038
          ]
        ]
      }
    },
    {
      "type": "Feature",
      "id": "osm-way-137892721",
      "properties": {
        "osmWayId": 137892721,
        "highway": "footway",
        "surface": "concrete",
        "wheelchair": null,
        "foot": null,
        "verificationStatus": "inferred",
        "source": "OpenStreetMap"
      },
      "geometry": {
        "type": "LineString",
        "coordinates": [
          [
            -79.1868195,
            43.7709302
          ],
          [
            -79.1867976,
            43.7709377
          ],
          [
            -79.1866693,
            43.7710797
          ],
          [
            -79.1865665,
            43.7711938
          ],
          [
            -79.186344,
            43.7714408
          ],
          [
            -79.1858274,
            43.7719921
          ],
          [
            -79.1856403,
            43.7721996
          ],
          [
            -79.185105,
            43.7727721
          ],
          [
            -79.1850905,
            43.7728009
          ],
          [
            -79.1850842,
            43.7728316
          ]
        ]
      }
    },
    {
      "type": "Feature",
      "id": "osm-way-137892722",
      "properties": {
        "osmWayId": 137892722,
        "highway": "footway",
        "surface": "concrete",
        "wheelchair": null,
        "foot": null,
        "verificationStatus": "inferred",
        "source": "OpenStreetMap"
      },
      "geometry": {
        "type": "LineString",
        "coordinates": [
          [
            -79.1704079,
            43.7806911
          ],
          [
            -79.1716971,
            43.7789172
          ]
        ]
      }
    },
    {
      "type": "Feature",
      "id": "osm-way-137892884",
      "properties": {
        "osmWayId": 137892884,
        "highway": "footway",
        "surface": "asphalt",
        "wheelchair": null,
        "foot": null,
        "verificationStatus": "inferred",
        "source": "OpenStreetMap"
      },
      "geometry": {
        "type": "LineString",
        "coordinates": [
          [
            -79.1778473,
            43.7750117
          ],
          [
            -79.1778296,
            43.7749539
          ],
          [
            -79.1777882,
            43.7748188
          ],
          [
            -79.1777677,
            43.7747519
          ]
        ]
      }
    },
    {
      "type": "Feature",
      "id": "osm-way-137893283",
      "properties": {
        "osmWayId": 137893283,
        "highway": "footway",
        "surface": "concrete",
        "wheelchair": null,
        "foot": null,
        "verificationStatus": "inferred",
        "source": "OpenStreetMap"
      },
      "geometry": {
        "type": "LineString",
        "coordinates": [
          [
            -79.1840503,
            43.7733577
          ],
          [
            -79.1828238,
            43.7727742
          ],
          [
            -79.1827432,
            43.7726834
          ],
          [
            -79.1827393,
            43.7726387
          ],
          [
            -79.1827367,
            43.7726089
          ],
          [
            -79.1827561,
            43.7725507
          ]
        ]
      }
    },
    {
      "type": "Feature",
      "id": "osm-way-180045531",
      "properties": {
        "osmWayId": 180045531,
        "highway": "footway",
        "surface": "paving_stones",
        "wheelchair": null,
        "foot": null,
        "verificationStatus": "inferred",
        "source": "OpenStreetMap"
      },
      "geometry": {
        "type": "LineString",
        "coordinates": [
          [
            -79.1891025,
            43.7860795
          ],
          [
            -79.1890756,
            43.7861548
          ],
          [
            -79.1890468,
            43.7862119
          ],
          [
            -79.189033,
            43.7863182
          ]
        ]
      }
    },
    {
      "type": "Feature",
      "id": "osm-way-180045532",
      "properties": {
        "osmWayId": 180045532,
        "highway": "path",
        "surface": "concrete",
        "wheelchair": null,
        "foot": null,
        "verificationStatus": "inferred",
        "source": "OpenStreetMap"
      },
      "geometry": {
        "type": "LineString",
        "coordinates": [
          [
            -79.1890968,
            43.7838782
          ],
          [
            -79.1891352,
            43.7840011
          ],
          [
            -79.1891489,
            43.7840449
          ],
          [
            -79.1892491,
            43.7843901
          ]
        ]
      }
    },
    {
      "type": "Feature",
      "id": "osm-way-180045534",
      "properties": {
        "osmWayId": 180045534,
        "highway": "footway",
        "surface": "paving_stones",
        "wheelchair": null,
        "foot": null,
        "verificationStatus": "inferred",
        "source": "OpenStreetMap"
      },
      "geometry": {
        "type": "LineString",
        "coordinates": [
          [
            -79.1892491,
            43.7843901
          ],
          [
            -79.1891688,
            43.7843869
          ],
          [
            -79.1889264,
            43.7843495
          ],
          [
            -79.1888941,
            43.784342
          ],
          [
            -79.1888847,
            43.7843398
          ],
          [
            -79.1888081,
            43.7843162
          ],
          [
            -79.188629,
            43.7842091
          ],
          [
            -79.1883845,
            43.784105
          ],
          [
            -79.1883721,
            43.7840998
          ],
          [
            -79.1883574,
            43.7840935
          ],
          [
            -79.1882206,
            43.7840485
          ],
          [
            -79.1880457,
            43.7840129
          ],
          [
            -79.1878394,
            43.7839744
          ]
        ]
      }
    },
    {
      "type": "Feature",
      "id": "osm-way-212430574",
      "properties": {
        "osmWayId": 212430574,
        "highway": "footway",
        "surface": "asphalt",
        "wheelchair": null,
        "foot": null,
        "verificationStatus": "inferred",
        "source": "OpenStreetMap"
      },
      "geometry": {
        "type": "LineString",
        "coordinates": [
          [
            -79.1844453,
            43.7832828
          ],
          [
            -79.1846264,
            43.7831719
          ],
          [
            -79.1846683,
            43.7831361
          ],
          [
            -79.1845878,
            43.7830935
          ],
          [
            -79.184248,
            43.7829431
          ],
          [
            -79.1842354,
            43.7829403
          ],
          [
            -79.1840273,
            43.7828935
          ]
        ]
      }
    },
    {
      "type": "Feature",
      "id": "osm-way-212430935",
      "properties": {
        "osmWayId": 212430935,
        "highway": "footway",
        "surface": "concrete:plates",
        "wheelchair": null,
        "foot": null,
        "verificationStatus": "inferred",
        "source": "OpenStreetMap"
      },
      "geometry": {
        "type": "LineString",
        "coordinates": [
          [
            -79.1866822,
            43.7847234
          ],
          [
            -79.1865917,
            43.7846797
          ],
          [
            -79.1862443,
            43.7845144
          ],
          [
            -79.1861853,
            43.7844549
          ],
          [
            -79.186137,
            43.784374
          ],
          [
            -79.185811,
            43.7842173
          ],
          [
            -79.185731,
            43.7841775
          ],
          [
            -79.1855853,
            43.7841053
          ],
          [
            -79.1855168,
            43.7840737
          ],
          [
            -79.1853988,
            43.7840225
          ],
          [
            -79.1852356,
            43.7839772
          ],
          [
            -79.1850013,
            43.7839367
          ],
          [
            -79.1847028,
            43.7838356
          ],
          [
            -79.1846563,
            43.7838185
          ],
          [
            -79.1845953,
            43.7837871
          ]
        ]
      }
    },
    {
      "type": "Feature",
      "id": "osm-way-213183144",
      "properties": {
        "osmWayId": 213183144,
        "highway": "footway",
        "surface": null,
        "wheelchair": null,
        "foot": null,
        "verificationStatus": "inferred",
        "source": "OpenStreetMap"
      },
      "geometry": {
        "type": "LineString",
        "coordinates": [
          [
            -79.1848277,
            43.7805703
          ],
          [
            -79.1847564,
            43.7804599
          ],
          [
            -79.1846566,
            43.780048
          ],
          [
            -79.1845834,
            43.7797433
          ],
          [
            -79.1845683,
            43.7796807
          ]
        ]
      }
    },
    {
      "type": "Feature",
      "id": "osm-way-213183145",
      "properties": {
        "osmWayId": 213183145,
        "highway": "footway",
        "surface": null,
        "wheelchair": null,
        "foot": null,
        "verificationStatus": "inferred",
        "source": "OpenStreetMap"
      },
      "geometry": {
        "type": "LineString",
        "coordinates": [
          [
            -79.1852639,
            43.7796297
          ],
          [
            -79.1852562,
            43.7796065
          ],
          [
            -79.185167,
            43.7795162
          ],
          [
            -79.1850611,
            43.7794305
          ],
          [
            -79.1845452,
            43.7791784
          ],
          [
            -79.1844328,
            43.7791347
          ]
        ]
      }
    },
    {
      "type": "Feature",
      "id": "osm-way-213183368",
      "properties": {
        "osmWayId": 213183368,
        "highway": "footway",
        "surface": null,
        "wheelchair": null,
        "foot": null,
        "verificationStatus": "inferred",
        "source": "OpenStreetMap"
      },
      "geometry": {
        "type": "LineString",
        "coordinates": [
          [
            -79.1855889,
            43.779905
          ],
          [
            -79.1854916,
            43.7799117
          ]
        ]
      }
    },
    {
      "type": "Feature",
      "id": "osm-way-213183369",
      "properties": {
        "osmWayId": 213183369,
        "highway": "footway",
        "surface": null,
        "wheelchair": null,
        "foot": null,
        "verificationStatus": "inferred",
        "source": "OpenStreetMap"
      },
      "geometry": {
        "type": "LineString",
        "coordinates": [
          [
            -79.1852562,
            43.7796065
          ],
          [
            -79.1853771,
            43.7796175
          ],
          [
            -79.1853943,
            43.7796192
          ],
          [
            -79.1854022,
            43.7796204
          ],
          [
            -79.185412,
            43.7796223
          ],
          [
            -79.185421,
            43.7796245
          ],
          [
            -79.1854251,
            43.7796258
          ],
          [
            -79.1854291,
            43.7796275
          ],
          [
            -79.1854354,
            43.7796313
          ],
          [
            -79.1854427,
            43.7796361
          ],
          [
            -79.1855976,
            43.7797726
          ],
          [
            -79.1857353,
            43.7799078
          ]
        ]
      }
    },
    {
      "type": "Feature",
      "id": "osm-way-213183371",
      "properties": {
        "osmWayId": 213183371,
        "highway": "footway",
        "surface": null,
        "wheelchair": null,
        "foot": null,
        "verificationStatus": "inferred",
        "source": "OpenStreetMap"
      },
      "geometry": {
        "type": "LineString",
        "coordinates": [
          [
            -79.1856544,
            43.7800373
          ],
          [
            -79.1856152,
            43.7800416
          ],
          [
            -79.1855896,
            43.7800169
          ],
          [
            -79.1855734,
            43.7800093
          ],
          [
            -79.1855653,
            43.7800054
          ],
          [
            -79.1855604,
            43.7800038
          ],
          [
            -79.1855572,
            43.7800036
          ],
          [
            -79.1855529,
            43.7800012
          ],
          [
            -79.1855483,
            43.7799986
          ],
          [
            -79.1855434,
            43.7799966
          ],
          [
            -79.1855393,
            43.7799954
          ],
          [
            -79.1855321,
            43.779994
          ],
          [
            -79.1855004,
            43.779988
          ]
        ]
      }
    },
    {
      "type": "Feature",
      "id": "osm-way-213183372",
      "properties": {
        "osmWayId": 213183372,
        "highway": "footway",
        "surface": null,
        "wheelchair": null,
        "foot": null,
        "verificationStatus": "inferred",
        "source": "OpenStreetMap"
      },
      "geometry": {
        "type": "LineString",
        "coordinates": [
          [
            -79.1853893,
            43.7798392
          ],
          [
            -79.1854053,
            43.7798388
          ],
          [
            -79.1854796,
            43.7798327
          ],
          [
            -79.1854916,
            43.7799117
          ],
          [
            -79.1855004,
            43.779988
          ],
          [
            -79.1855433,
            43.7801743
          ]
        ]
      }
    },
    {
      "type": "Feature",
      "id": "osm-way-213183373",
      "properties": {
        "osmWayId": 213183373,
        "highway": "footway",
        "surface": null,
        "wheelchair": null,
        "foot": null,
        "verificationStatus": "inferred",
        "source": "OpenStreetMap"
      },
      "geometry": {
        "type": "LineString",
        "coordinates": [
          [
            -79.1855976,
            43.7797726
          ],
          [
            -79.1855889,
            43.779905
          ],
          [
            -79.1856002,
            43.7799694
          ],
          [
            -79.1856152,
            43.7800416
          ],
          [
            -79.1856296,
            43.780113
          ],
          [
            -79.1856304,
            43.7801189
          ],
          [
            -79.1856306,
            43.7801224
          ],
          [
            -79.1856304,
            43.7801261
          ],
          [
            -79.1856303,
            43.7801296
          ],
          [
            -79.1856296,
            43.780133
          ],
          [
            -79.1856288,
            43.780136
          ],
          [
            -79.1856269,
            43.7801391
          ],
          [
            -79.1856223,
            43.7801438
          ],
          [
            -79.1856172,
            43.780147
          ],
          [
            -79.1856085,
            43.7801508
          ],
          [
            -79.1855433,
            43.7801743
          ]
        ]
      }
    },
    {
      "type": "Feature",
      "id": "osm-way-220189493",
      "properties": {
        "osmWayId": 220189493,
        "highway": "footway",
        "surface": null,
        "wheelchair": null,
        "foot": null,
        "verificationStatus": "inferred",
        "source": "OpenStreetMap"
      },
      "geometry": {
        "type": "LineString",
        "coordinates": [
          [
            -79.1921369,
            43.7861448
          ],
          [
            -79.1921209,
            43.7865645
          ]
        ]
      }
    },
    {
      "type": "Feature",
      "id": "osm-way-220189771",
      "properties": {
        "osmWayId": 220189771,
        "highway": "footway",
        "surface": "concrete:plates",
        "wheelchair": null,
        "foot": null,
        "verificationStatus": "inferred",
        "source": "OpenStreetMap"
      },
      "geometry": {
        "type": "LineString",
        "coordinates": [
          [
            -79.1920678,
            43.7870276
          ],
          [
            -79.1920964,
            43.7871532
          ],
          [
            -79.192147,
            43.7872254
          ],
          [
            -79.1922288,
            43.7872892
          ],
          [
            -79.1922937,
            43.7873595
          ],
          [
            -79.1923184,
            43.7874091
          ],
          [
            -79.1923054,
            43.7874382
          ],
          [
            -79.192234,
            43.7874719
          ]
        ]
      }
    },
    {
      "type": "Feature",
      "id": "osm-way-220189885",
      "properties": {
        "osmWayId": 220189885,
        "highway": "footway",
        "surface": "concrete:plates",
        "wheelchair": null,
        "foot": null,
        "verificationStatus": "inferred",
        "source": "OpenStreetMap"
      },
      "geometry": {
        "type": "LineString",
        "coordinates": [
          [
            -79.1939876,
            43.7873753
          ],
          [
            -79.193837,
            43.7874137
          ]
        ]
      }
    },
    {
      "type": "Feature",
      "id": "osm-way-220189932",
      "properties": {
        "osmWayId": 220189932,
        "highway": "footway",
        "surface": "concrete:plates",
        "wheelchair": null,
        "foot": null,
        "verificationStatus": "inferred",
        "source": "OpenStreetMap"
      },
      "geometry": {
        "type": "LineString",
        "coordinates": [
          [
            -79.1945804,
            43.7870958
          ],
          [
            -79.1943823,
            43.7871306
          ]
        ]
      }
    },
    {
      "type": "Feature",
      "id": "osm-way-220189933",
      "properties": {
        "osmWayId": 220189933,
        "highway": "footway",
        "surface": "concrete:plates",
        "wheelchair": null,
        "foot": null,
        "verificationStatus": "inferred",
        "source": "OpenStreetMap"
      },
      "geometry": {
        "type": "LineString",
        "coordinates": [
          [
            -79.1943266,
            43.7872939
          ],
          [
            -79.1944422,
            43.7872701
          ],
          [
            -79.1946231,
            43.7872343
          ]
        ]
      }
    },
    {
      "type": "Feature",
      "id": "osm-way-220189934",
      "properties": {
        "osmWayId": 220189934,
        "highway": "footway",
        "surface": "concrete:plates",
        "wheelchair": null,
        "foot": null,
        "verificationStatus": "inferred",
        "source": "OpenStreetMap"
      },
      "geometry": {
        "type": "LineString",
        "coordinates": [
          [
            -79.1943532,
            43.7870546
          ],
          [
            -79.1943823,
            43.7871306
          ],
          [
            -79.1944422,
            43.7872701
          ]
        ]
      }
    },
    {
      "type": "Feature",
      "id": "osm-way-220189935",
      "properties": {
        "osmWayId": 220189935,
        "highway": "footway",
        "surface": "concrete:plates",
        "wheelchair": null,
        "foot": null,
        "verificationStatus": "inferred",
        "source": "OpenStreetMap"
      },
      "geometry": {
        "type": "LineString",
        "coordinates": [
          [
            -79.1945804,
            43.7870958
          ],
          [
            -79.1946231,
            43.7872343
          ],
          [
            -79.194665,
            43.7873385
          ]
        ]
      }
    },
    {
      "type": "Feature",
      "id": "osm-way-220189951",
      "properties": {
        "osmWayId": 220189951,
        "highway": "footway",
        "surface": "concrete:plates",
        "wheelchair": null,
        "foot": null,
        "verificationStatus": "inferred",
        "source": "OpenStreetMap"
      },
      "geometry": {
        "type": "LineString",
        "coordinates": [
          [
            -79.1946753,
            43.7874296
          ],
          [
            -79.1946633,
            43.7873931
          ],
          [
            -79.1948202,
            43.7873563
          ],
          [
            -79.1948591,
            43.7874502
          ],
          [
            -79.1947009,
            43.787487
          ],
          [
            -79.1946753,
            43.7874296
          ],
          [
            -79.1946033,
            43.7874461
          ]
        ]
      }
    },
    {
      "type": "Feature",
      "id": "osm-way-220189952",
      "properties": {
        "osmWayId": 220189952,
        "highway": "footway",
        "surface": "concrete:plates",
        "wheelchair": null,
        "foot": null,
        "verificationStatus": "inferred",
        "source": "OpenStreetMap"
      },
      "geometry": {
        "type": "LineString",
        "coordinates": [
          [
            -79.1943175,
            43.7876026
          ],
          [
            -79.1945084,
            43.7875604
          ],
          [
            -79.1945461,
            43.7875417
          ],
          [
            -79.1945642,
            43.7875173
          ],
          [
            -79.1946033,
            43.7874461
          ],
          [
            -79.1945761,
            43.7873937
          ]
        ]
      }
    },
    {
      "type": "Feature",
      "id": "osm-way-220190011",
      "properties": {
        "osmWayId": 220190011,
        "highway": "footway",
        "surface": "concrete:plates",
        "wheelchair": null,
        "foot": null,
        "verificationStatus": "inferred",
        "source": "OpenStreetMap"
      },
      "geometry": {
        "type": "LineString",
        "coordinates": [
          [
            -79.1906498,
            43.787906
          ],
          [
            -79.190614,
            43.7879413
          ],
          [
            -79.1905055,
            43.7880482
          ],
          [
            -79.1902129,
            43.7883475
          ],
          [
            -79.1897338,
            43.7888374
          ]
        ]
      }
    },
    {
      "type": "Feature",
      "id": "osm-way-220546353",
      "properties": {
        "osmWayId": 220546353,
        "highway": "footway",
        "surface": "concrete",
        "wheelchair": null,
        "foot": null,
        "verificationStatus": "inferred",
        "source": "OpenStreetMap"
      },
      "geometry": {
        "type": "LineString",
        "coordinates": [
          [
            -79.1875153,
            43.7849327
          ],
          [
            -79.1869284,
            43.7846499
          ]
        ]
      }
    },
    {
      "type": "Feature",
      "id": "osm-way-220546354",
      "properties": {
        "osmWayId": 220546354,
        "highway": "footway",
        "surface": "concrete:plates",
        "wheelchair": null,
        "foot": null,
        "verificationStatus": "inferred",
        "source": "OpenStreetMap"
      },
      "geometry": {
        "type": "LineString",
        "coordinates": [
          [
            -79.1858085,
            43.7840908
          ],
          [
            -79.1858036,
            43.7840784
          ],
          [
            -79.1857868,
            43.7840569
          ],
          [
            -79.1857882,
            43.7840337
          ],
          [
            -79.1859661,
            43.7838357
          ],
          [
            -79.1861715,
            43.7836049
          ],
          [
            -79.1862373,
            43.7835309
          ],
          [
            -79.1863611,
            43.7834059
          ],
          [
            -79.1863694,
            43.7833969
          ]
        ]
      }
    },
    {
      "type": "Feature",
      "id": "osm-way-220546480",
      "properties": {
        "osmWayId": 220546480,
        "highway": "footway",
        "surface": null,
        "wheelchair": null,
        "foot": null,
        "verificationStatus": "inferred",
        "source": "OpenStreetMap"
      },
      "geometry": {
        "type": "LineString",
        "coordinates": [
          [
            -79.1869227,
            43.7831238
          ],
          [
            -79.1867944,
            43.7831114
          ]
        ]
      }
    },
    {
      "type": "Feature",
      "id": "osm-way-220546481",
      "properties": {
        "osmWayId": 220546481,
        "highway": "footway",
        "surface": null,
        "wheelchair": null,
        "foot": null,
        "verificationStatus": "inferred",
        "source": "OpenStreetMap"
      },
      "geometry": {
        "type": "LineString",
        "coordinates": [
          [
            -79.1865153,
            43.7829496
          ],
          [
            -79.186348,
            43.7826959
          ]
        ]
      }
    },
    {
      "type": "Feature",
      "id": "osm-way-220546482",
      "properties": {
        "osmWayId": 220546482,
        "highway": "footway",
        "surface": "concrete",
        "wheelchair": null,
        "foot": null,
        "verificationStatus": "inferred",
        "source": "OpenStreetMap"
      },
      "geometry": {
        "type": "LineString",
        "coordinates": [
          [
            -79.1862373,
            43.7835309
          ],
          [
            -79.1859693,
            43.7834014
          ]
        ]
      }
    },
    {
      "type": "Feature",
      "id": "osm-way-220546483",
      "properties": {
        "osmWayId": 220546483,
        "highway": "footway",
        "surface": "concrete:plates",
        "wheelchair": null,
        "foot": null,
        "verificationStatus": "inferred",
        "source": "OpenStreetMap"
      },
      "geometry": {
        "type": "LineString",
        "coordinates": [
          [
            -79.1866301,
            43.782901
          ],
          [
            -79.1867229,
            43.7829279
          ],
          [
            -79.1868033,
            43.7829538
          ]
        ]
      }
    },
    {
      "type": "Feature",
      "id": "osm-way-220546484",
      "properties": {
        "osmWayId": 220546484,
        "highway": "footway",
        "surface": "concrete:plates",
        "wheelchair": null,
        "foot": null,
        "verificationStatus": "inferred",
        "source": "OpenStreetMap"
      },
      "geometry": {
        "type": "LineString",
        "coordinates": [
          [
            -79.1867291,
            43.7833583
          ],
          [
            -79.1866706,
            43.7833848
          ],
          [
            -79.1866073,
            43.7834058
          ],
          [
            -79.1865335,
            43.7834248
          ],
          [
            -79.1864596,
            43.7834388
          ],
          [
            -79.1864518,
            43.7834484
          ],
          [
            -79.1864327,
            43.7834719
          ],
          [
            -79.1863424,
            43.7835613
          ]
        ]
      }
    },
    {
      "type": "Feature",
      "id": "osm-way-220546485",
      "properties": {
        "osmWayId": 220546485,
        "highway": "footway",
        "surface": null,
        "wheelchair": null,
        "foot": null,
        "verificationStatus": "inferred",
        "source": "OpenStreetMap"
      },
      "geometry": {
        "type": "LineString",
        "coordinates": [
          [
            -79.1868652,
            43.7832986
          ],
          [
            -79.1867522,
            43.7832872
          ],
          [
            -79.1866648,
            43.7832709
          ],
          [
            -79.1865847,
            43.7832386
          ],
          [
            -79.1865013,
            43.7832004
          ],
          [
            -79.186409,
            43.7831689
          ],
          [
            -79.1862833,
            43.7831386
          ],
          [
            -79.1862425,
            43.7831277
          ],
          [
            -79.186204,
            43.7831161
          ],
          [
            -79.1860881,
            43.7830603
          ],
          [
            -79.185998,
            43.7830118
          ],
          [
            -79.1860206,
            43.7829996
          ]
        ]
      }
    },
    {
      "type": "Feature",
      "id": "osm-way-220546486",
      "properties": {
        "osmWayId": 220546486,
        "highway": "footway",
        "surface": "concrete:plates",
        "wheelchair": null,
        "foot": null,
        "verificationStatus": "inferred",
        "source": "OpenStreetMap"
      },
      "geometry": {
        "type": "LineString",
        "coordinates": [
          [
            -79.1865428,
            43.7836555
          ],
          [
            -79.1866528,
            43.7835428
          ],
          [
            -79.1866625,
            43.7835329
          ],
          [
            -79.1866937,
            43.7835016
          ],
          [
            -79.1867291,
            43.7833583
          ],
          [
            -79.1867522,
            43.7832872
          ],
          [
            -79.1867944,
            43.7831114
          ],
          [
            -79.1868162,
            43.7830043
          ],
          [
            -79.1868156,
            43.7829674
          ],
          [
            -79.1868033,
            43.7829538
          ],
          [
            -79.1868754,
            43.7829409
          ],
          [
            -79.1869608,
            43.7829484
          ]
        ]
      }
    },
    {
      "type": "Feature",
      "id": "osm-way-220546900",
      "properties": {
        "osmWayId": 220546900,
        "highway": "footway",
        "surface": null,
        "wheelchair": null,
        "foot": null,
        "verificationStatus": "inferred",
        "source": "OpenStreetMap"
      },
      "geometry": {
        "type": "LineString",
        "coordinates": [
          [
            -79.189498,
            43.7865189
          ],
          [
            -79.189489,
            43.7864915
          ]
        ]
      }
    },
    {
      "type": "Feature",
      "id": "osm-way-227605579",
      "properties": {
        "osmWayId": 227605579,
        "highway": "footway",
        "surface": "concrete:plates",
        "wheelchair": null,
        "foot": null,
        "verificationStatus": "inferred",
        "source": "OpenStreetMap"
      },
      "geometry": {
        "type": "LineString",
        "coordinates": [
          [
            -79.1860442,
            43.7838639
          ],
          [
            -79.1859661,
            43.7838357
          ]
        ]
      }
    },
    {
      "type": "Feature",
      "id": "osm-way-227605587",
      "properties": {
        "osmWayId": 227605587,
        "highway": "path",
        "surface": "concrete",
        "wheelchair": null,
        "foot": null,
        "verificationStatus": "inferred",
        "source": "OpenStreetMap"
      },
      "geometry": {
        "type": "LineString",
        "coordinates": [
          [
            -79.1880189,
            43.7837757
          ],
          [
            -79.1880646,
            43.7837398
          ],
          [
            -79.188143,
            43.7836903
          ],
          [
            -79.1882105,
            43.7836657
          ],
          [
            -79.1883178,
            43.7836377
          ],
          [
            -79.1884421,
            43.7836166
          ],
          [
            -79.1885209,
            43.7836256
          ],
          [
            -79.1885632,
            43.7836324
          ],
          [
            -79.1886034,
            43.7836422
          ],
          [
            -79.1888137,
            43.783697
          ],
          [
            -79.1889028,
            43.783729
          ],
          [
            -79.1889712,
            43.7837589
          ],
          [
            -79.1889907,
            43.7837715
          ],
          [
            -79.1890615,
            43.7838292
          ],
          [
            -79.1890968,
            43.7838782
          ]
        ]
      }
    },
    {
      "type": "Feature",
      "id": "osm-way-227605604",
      "properties": {
        "osmWayId": 227605604,
        "highway": "footway",
        "surface": "concrete:plates",
        "wheelchair": null,
        "foot": null,
        "verificationStatus": "inferred",
        "source": "OpenStreetMap"
      },
      "geometry": {
        "type": "LineString",
        "coordinates": [
          [
            -79.1858204,
            43.7853989
          ],
          [
            -79.1860198,
            43.785201
          ]
        ]
      }
    },
    {
      "type": "Feature",
      "id": "osm-way-227605647",
      "properties": {
        "osmWayId": 227605647,
        "highway": "footway",
        "surface": null,
        "wheelchair": null,
        "foot": null,
        "verificationStatus": "inferred",
        "source": "OpenStreetMap"
      },
      "geometry": {
        "type": "LineString",
        "coordinates": [
          [
            -79.1849515,
            43.7823758
          ],
          [
            -79.1850649,
            43.7822666
          ]
        ]
      }
    },
    {
      "type": "Feature",
      "id": "osm-way-227605648",
      "properties": {
        "osmWayId": 227605648,
        "highway": "footway",
        "surface": null,
        "wheelchair": null,
        "foot": null,
        "verificationStatus": "inferred",
        "source": "OpenStreetMap"
      },
      "geometry": {
        "type": "LineString",
        "coordinates": [
          [
            -79.1854751,
            43.7829665
          ],
          [
            -79.1853579,
            43.7829094
          ]
        ]
      }
    },
    {
      "type": "Feature",
      "id": "osm-way-227605649",
      "properties": {
        "osmWayId": 227605649,
        "highway": "footway",
        "surface": null,
        "wheelchair": null,
        "foot": null,
        "verificationStatus": "inferred",
        "source": "OpenStreetMap"
      },
      "geometry": {
        "type": "LineString",
        "coordinates": [
          [
            -79.1852172,
            43.7828328
          ],
          [
            -79.1850934,
            43.7827736
          ]
        ]
      }
    },
    {
      "type": "Feature",
      "id": "osm-way-227605885",
      "properties": {
        "osmWayId": 227605885,
        "highway": "pedestrian",
        "surface": "concrete",
        "wheelchair": null,
        "foot": null,
        "verificationStatus": "inferred",
        "source": "OpenStreetMap"
      },
      "geometry": {
        "type": "LineString",
        "coordinates": [
          [
            -79.1865639,
            43.7836654
          ],
          [
            -79.1866679,
            43.7835499
          ],
          [
            -79.1866528,
            43.7835428
          ],
          [
            -79.1865555,
            43.7834971
          ],
          [
            -79.1864518,
            43.7834484
          ],
          [
            -79.1863611,
            43.7834059
          ],
          [
            -79.1863532,
            43.7834022
          ],
          [
            -79.1862373,
            43.7835309
          ],
          [
            -79.1861715,
            43.7836049
          ],
          [
            -79.1862374,
            43.7836358
          ],
          [
            -79.1863158,
            43.7835488
          ],
          [
            -79.1863424,
            43.7835613
          ],
          [
            -79.186397,
            43.783587
          ],
          [
            -79.1864467,
            43.7836103
          ],
          [
            -79.1864955,
            43.7836332
          ],
          [
            -79.1865428,
            43.7836555
          ],
          [
            -79.1865639,
            43.7836654
          ]
        ]
      }
    },
    {
      "type": "Feature",
      "id": "osm-way-227677961",
      "properties": {
        "osmWayId": 227677961,
        "highway": "footway",
        "surface": null,
        "wheelchair": null,
        "foot": null,
        "verificationStatus": "inferred",
        "source": "OpenStreetMap"
      },
      "geometry": {
        "type": "LineString",
        "coordinates": [
          [
            -79.1892757,
            43.7836193
          ],
          [
            -79.189256,
            43.7836503
          ],
          [
            -79.1889712,
            43.7837589
          ]
        ]
      }
    },
    {
      "type": "Feature",
      "id": "osm-way-227677964",
      "properties": {
        "osmWayId": 227677964,
        "highway": "footway",
        "surface": "concrete",
        "wheelchair": null,
        "foot": null,
        "verificationStatus": "inferred",
        "source": "OpenStreetMap"
      },
      "geometry": {
        "type": "LineString",
        "coordinates": [
          [
            -79.1875328,
            43.7839325
          ],
          [
            -79.1875792,
            43.7839571
          ],
          [
            -79.187698,
            43.78402
          ],
          [
            -79.1877646,
            43.7840543
          ]
        ]
      }
    },
    {
      "type": "Feature",
      "id": "osm-way-227677966",
      "properties": {
        "osmWayId": 227677966,
        "highway": "footway",
        "surface": null,
        "wheelchair": null,
        "foot": null,
        "verificationStatus": "inferred",
        "source": "OpenStreetMap"
      },
      "geometry": {
        "type": "LineString",
        "coordinates": [
          [
            -79.1888137,
            43.783697
          ],
          [
            -79.1887913,
            43.7834893
          ],
          [
            -79.1887508,
            43.7834765
          ],
          [
            -79.1887196,
            43.7834931
          ],
          [
            -79.1884421,
            43.7836166
          ],
          [
            -79.1883809,
            43.7835616
          ],
          [
            -79.1883112,
            43.7835232
          ],
          [
            -79.1882658,
            43.783518
          ],
          [
            -79.1882491,
            43.7835412
          ],
          [
            -79.1882335,
            43.7835803
          ],
          [
            -79.1882105,
            43.7836657
          ]
        ]
      }
    },
    {
      "type": "Feature",
      "id": "osm-way-227678102",
      "properties": {
        "osmWayId": 227678102,
        "highway": "footway",
        "surface": "concrete",
        "wheelchair": null,
        "foot": null,
        "verificationStatus": "inferred",
        "source": "OpenStreetMap"
      },
      "geometry": {
        "type": "LineString",
        "coordinates": [
          [
            -79.1872711,
            43.7852652
          ],
          [
            -79.1871957,
            43.7852551
          ],
          [
            -79.1871112,
            43.7856315
          ],
          [
            -79.1870763,
            43.7856396
          ],
          [
            -79.1870328,
            43.785632
          ],
          [
            -79.186982,
            43.7856117
          ],
          [
            -79.1868973,
            43.7855621
          ],
          [
            -79.1867782,
            43.7854806
          ],
          [
            -79.1866136,
            43.7853765
          ],
          [
            -79.1863739,
            43.7852608
          ]
        ]
      }
    },
    {
      "type": "Feature",
      "id": "osm-way-227678211",
      "properties": {
        "osmWayId": 227678211,
        "highway": "footway",
        "surface": "concrete:plates",
        "wheelchair": null,
        "foot": null,
        "verificationStatus": "inferred",
        "source": "OpenStreetMap"
      },
      "geometry": {
        "type": "LineString",
        "coordinates": [
          [
            -79.1883108,
            43.7855675
          ],
          [
            -79.1883449,
            43.7856909
          ],
          [
            -79.1883189,
            43.785725
          ],
          [
            -79.1882937,
            43.7857349
          ],
          [
            -79.1879947,
            43.7858043
          ],
          [
            -79.1879519,
            43.7858307
          ]
        ]
      }
    },
    {
      "type": "Feature",
      "id": "osm-way-227678403",
      "properties": {
        "osmWayId": 227678403,
        "highway": "footway",
        "surface": null,
        "wheelchair": null,
        "foot": null,
        "verificationStatus": "inferred",
        "source": "OpenStreetMap"
      },
      "geometry": {
        "type": "LineString",
        "coordinates": [
          [
            -79.1865645,
            43.7834875
          ],
          [
            -79.1865555,
            43.7834971
          ],
          [
            -79.1864467,
            43.7836103
          ]
        ]
      }
    },
    {
      "type": "Feature",
      "id": "osm-way-227678404",
      "properties": {
        "osmWayId": 227678404,
        "highway": "footway",
        "surface": null,
        "wheelchair": null,
        "foot": null,
        "verificationStatus": "inferred",
        "source": "OpenStreetMap"
      },
      "geometry": {
        "type": "LineString",
        "coordinates": [
          [
            -79.1866649,
            43.7837309
          ],
          [
            -79.1867913,
            43.7835921
          ]
        ]
      }
    },
    {
      "type": "Feature",
      "id": "osm-way-227678405",
      "properties": {
        "osmWayId": 227678405,
        "highway": "footway",
        "surface": "paving_stones",
        "wheelchair": null,
        "foot": null,
        "verificationStatus": "inferred",
        "source": "OpenStreetMap"
      },
      "geometry": {
        "type": "LineString",
        "coordinates": [
          [
            -79.1867656,
            43.7837798
          ],
          [
            -79.186813,
            43.7837279
          ],
          [
            -79.1868924,
            43.7836396
          ]
        ]
      }
    },
    {
      "type": "Feature",
      "id": "osm-way-227678406",
      "properties": {
        "osmWayId": 227678406,
        "highway": "footway",
        "surface": "concrete:plates",
        "wheelchair": null,
        "foot": null,
        "verificationStatus": "inferred",
        "source": "OpenStreetMap"
      },
      "geometry": {
        "type": "LineString",
        "coordinates": [
          [
            -79.186131,
            43.7844789
          ],
          [
            -79.1860717,
            43.7844523
          ],
          [
            -79.186137,
            43.784374
          ]
        ]
      }
    },
    {
      "type": "Feature",
      "id": "osm-way-227678407",
      "properties": {
        "osmWayId": 227678407,
        "highway": "footway",
        "surface": "paving_stones",
        "wheelchair": null,
        "foot": null,
        "verificationStatus": "inferred",
        "source": "OpenStreetMap"
      },
      "geometry": {
        "type": "LineString",
        "coordinates": [
          [
            -79.186871,
            43.7838309
          ],
          [
            -79.1869162,
            43.7837793
          ],
          [
            -79.186813,
            43.7837279
          ]
        ]
      }
    },
    {
      "type": "Feature",
      "id": "osm-way-227678516",
      "properties": {
        "osmWayId": 227678516,
        "highway": "footway",
        "surface": "sett",
        "wheelchair": null,
        "foot": null,
        "verificationStatus": "inferred",
        "source": "OpenStreetMap"
      },
      "geometry": {
        "type": "LineString",
        "coordinates": [
          [
            -79.1868718,
            43.7851324
          ],
          [
            -79.1867467,
            43.7852659
          ],
          [
            -79.1866715,
            43.7853284
          ],
          [
            -79.1866136,
            43.7853765
          ]
        ]
      }
    },
    {
      "type": "Feature",
      "id": "osm-way-227679980",
      "properties": {
        "osmWayId": 227679980,
        "highway": "footway",
        "surface": "concrete",
        "wheelchair": null,
        "foot": null,
        "verificationStatus": "inferred",
        "source": "OpenStreetMap"
      },
      "geometry": {
        "type": "LineString",
        "coordinates": [
          [
            -79.1931486,
            43.7857601
          ],
          [
            -79.1931373,
            43.7856098
          ]
        ]
      }
    },
    {
      "type": "Feature",
      "id": "osm-way-227706830",
      "properties": {
        "osmWayId": 227706830,
        "highway": "footway",
        "surface": "concrete",
        "wheelchair": null,
        "foot": null,
        "verificationStatus": "inferred",
        "source": "OpenStreetMap"
      },
      "geometry": {
        "type": "LineString",
        "coordinates": [
          [
            -79.1870871,
            43.7836326
          ],
          [
            -79.1868546,
            43.7838875
          ]
        ]
      }
    },
    {
      "type": "Feature",
      "id": "osm-way-227711895",
      "properties": {
        "osmWayId": 227711895,
        "highway": "footway",
        "surface": "concrete:plates",
        "wheelchair": null,
        "foot": null,
        "verificationStatus": "inferred",
        "source": "OpenStreetMap"
      },
      "geometry": {
        "type": "LineString",
        "coordinates": [
          [
            -79.1838583,
            43.7841473
          ],
          [
            -79.1838944,
            43.7841071
          ],
          [
            -79.1841998,
            43.7842526
          ],
          [
            -79.1848076,
            43.7845481
          ],
          [
            -79.1849123,
            43.7845997
          ],
          [
            -79.1852114,
            43.7847391
          ],
          [
            -79.1852774,
            43.7847806
          ],
          [
            -79.1852829,
            43.7847841
          ],
          [
            -79.1853793,
            43.7848863
          ],
          [
            -79.1857053,
            43.7850916
          ]
        ]
      }
    },
    {
      "type": "Feature",
      "id": "osm-way-227712030",
      "properties": {
        "osmWayId": 227712030,
        "highway": "footway",
        "surface": "asphalt",
        "wheelchair": null,
        "foot": null,
        "verificationStatus": "inferred",
        "source": "OpenStreetMap"
      },
      "geometry": {
        "type": "LineString",
        "coordinates": [
          [
            -79.1840393,
            43.7831738
          ],
          [
            -79.1841385,
            43.7831672
          ],
          [
            -79.1841782,
            43.7831841
          ],
          [
            -79.1841904,
            43.7831936
          ],
          [
            -79.1842246,
            43.7832193
          ],
          [
            -79.1843091,
            43.7832508
          ],
          [
            -79.1843717,
            43.7832741
          ],
          [
            -79.1844453,
            43.7832828
          ]
        ]
      }
    },
    {
      "type": "Feature",
      "id": "osm-way-227712031",
      "properties": {
        "osmWayId": 227712031,
        "highway": "footway",
        "surface": null,
        "wheelchair": null,
        "foot": null,
        "verificationStatus": "inferred",
        "source": "OpenStreetMap"
      },
      "geometry": {
        "type": "LineString",
        "coordinates": [
          [
            -79.1837885,
            43.783504
          ],
          [
            -79.1837898,
            43.783611
          ],
          [
            -79.1838019,
            43.783718
          ],
          [
            -79.1838167,
            43.7837477
          ],
          [
            -79.1838448,
            43.7837756
          ],
          [
            -79.1838905,
            43.7837896
          ],
          [
            -79.1840246,
            43.7837828
          ],
          [
            -79.1840714,
            43.7837795
          ],
          [
            -79.1841851,
            43.7837712
          ],
          [
            -79.1844226,
            43.7837808
          ],
          [
            -79.1844522,
            43.7837823
          ]
        ]
      }
    },
    {
      "type": "Feature",
      "id": "osm-way-227712032",
      "properties": {
        "osmWayId": 227712032,
        "highway": "footway",
        "surface": "concrete:plates",
        "wheelchair": null,
        "foot": "yes",
        "verificationStatus": "inferred",
        "source": "OpenStreetMap"
      },
      "geometry": {
        "type": "LineString",
        "coordinates": [
          [
            -79.1860994,
            43.7832726
          ],
          [
            -79.1861706,
            43.7833048
          ],
          [
            -79.1863694,
            43.7833969
          ],
          [
            -79.1864596,
            43.7834388
          ],
          [
            -79.1865645,
            43.7834875
          ],
          [
            -79.1866625,
            43.7835329
          ],
          [
            -79.1867913,
            43.7835921
          ],
          [
            -79.1868924,
            43.7836396
          ],
          [
            -79.1869369,
            43.7836602
          ]
        ]
      }
    },
    {
      "type": "Feature",
      "id": "osm-way-227712170",
      "properties": {
        "osmWayId": 227712170,
        "highway": "footway",
        "surface": "concrete",
        "wheelchair": null,
        "foot": null,
        "verificationStatus": "inferred",
        "source": "OpenStreetMap"
      },
      "geometry": {
        "type": "LineString",
        "coordinates": [
          [
            -79.1845878,
            43.7830935
          ],
          [
            -79.184959,
            43.7828933
          ],
          [
            -79.1850331,
            43.7828379
          ],
          [
            -79.1850645,
            43.7828095
          ],
          [
            -79.1850934,
            43.7827736
          ],
          [
            -79.1851067,
            43.7827231
          ],
          [
            -79.1851138,
            43.7826453
          ],
          [
            -79.1851103,
            43.7826061
          ],
          [
            -79.1850975,
            43.7825668
          ],
          [
            -79.1850334,
            43.7824452
          ],
          [
            -79.1849515,
            43.7823758
          ],
          [
            -79.1847532,
            43.7822848
          ],
          [
            -79.1847366,
            43.7822835
          ],
          [
            -79.18461,
            43.7822889
          ]
        ]
      }
    },
    {
      "type": "Feature",
      "id": "osm-way-227712185",
      "properties": {
        "osmWayId": 227712185,
        "highway": "footway",
        "surface": "concrete",
        "wheelchair": null,
        "foot": null,
        "verificationStatus": "inferred",
        "source": "OpenStreetMap"
      },
      "geometry": {
        "type": "LineString",
        "coordinates": [
          [
            -79.1871795,
            43.7837665
          ],
          [
            -79.1873204,
            43.7836214
          ]
        ]
      }
    },
    {
      "type": "Feature",
      "id": "osm-way-227724746",
      "properties": {
        "osmWayId": 227724746,
        "highway": "footway",
        "surface": "paved",
        "wheelchair": null,
        "foot": null,
        "verificationStatus": "inferred",
        "source": "OpenStreetMap"
      },
      "geometry": {
        "type": "LineString",
        "coordinates": [
          [
            -79.1874957,
            43.7834293
          ],
          [
            -79.1876552,
            43.7832703
          ],
          [
            -79.187888,
            43.7832374
          ],
          [
            -79.187998,
            43.7832329
          ],
          [
            -79.1881397,
            43.783234
          ],
          [
            -79.1885579,
            43.7831517
          ],
          [
            -79.1887567,
            43.7831116
          ],
          [
            -79.188883,
            43.7831578
          ],
          [
            -79.1890209,
            43.783204
          ],
          [
            -79.189141,
            43.7832268
          ],
          [
            -79.1892158,
            43.7832376
          ]
        ]
      }
    },
    {
      "type": "Feature",
      "id": "osm-way-227725385",
      "properties": {
        "osmWayId": 227725385,
        "highway": "footway",
        "surface": "paving_stones",
        "wheelchair": null,
        "foot": null,
        "verificationStatus": "inferred",
        "source": "OpenStreetMap"
      },
      "geometry": {
        "type": "LineString",
        "coordinates": [
          [
            -79.1894317,
            43.7856276
          ],
          [
            -79.1894716,
            43.7856889
          ],
          [
            -79.1896024,
            43.7856699
          ],
          [
            -79.1895737,
            43.7855817
          ],
          [
            -79.1894845,
            43.7855808
          ]
        ]
      }
    },
    {
      "type": "Feature",
      "id": "osm-way-227725885",
      "properties": {
        "osmWayId": 227725885,
        "highway": "footway",
        "surface": "concrete",
        "wheelchair": null,
        "foot": null,
        "verificationStatus": "inferred",
        "source": "OpenStreetMap"
      },
      "geometry": {
        "type": "LineString",
        "coordinates": [
          [
            -79.1868205,
            43.7846334
          ],
          [
            -79.1869842,
            43.7844729
          ],
          [
            -79.1870113,
            43.784445
          ],
          [
            -79.1870383,
            43.7844171
          ],
          [
            -79.1870797,
            43.7843743
          ],
          [
            -79.1872256,
            43.7842474
          ],
          [
            -79.1873605,
            43.7841201
          ],
          [
            -79.1875051,
            43.7839798
          ],
          [
            -79.1875328,
            43.7839325
          ]
        ]
      }
    },
    {
      "type": "Feature",
      "id": "osm-way-227725888",
      "properties": {
        "osmWayId": 227725888,
        "highway": "footway",
        "surface": null,
        "wheelchair": null,
        "foot": null,
        "verificationStatus": "inferred",
        "source": "OpenStreetMap"
      },
      "geometry": {
        "type": "LineString",
        "coordinates": [
          [
            -79.1873117,
            43.7840658
          ],
          [
            -79.187302,
            43.7840601
          ]
        ]
      }
    },
    {
      "type": "Feature",
      "id": "osm-way-227725889",
      "properties": {
        "osmWayId": 227725889,
        "highway": "footway",
        "surface": "concrete",
        "wheelchair": null,
        "foot": null,
        "verificationStatus": "inferred",
        "source": "OpenStreetMap"
      },
      "geometry": {
        "type": "LineString",
        "coordinates": [
          [
            -79.1873964,
            43.7841347
          ],
          [
            -79.1873605,
            43.7841201
          ],
          [
            -79.187282,
            43.7840834
          ],
          [
            -79.1873117,
            43.7840658
          ],
          [
            -79.1875051,
            43.7839798
          ],
          [
            -79.1875132,
            43.7840122
          ],
          [
            -79.1873964,
            43.7841347
          ],
          [
            -79.1873147,
            43.7842203
          ],
          [
            -79.1871392,
            43.7844136
          ],
          [
            -79.1870102,
            43.7845557
          ],
          [
            -79.1869842,
            43.7845844
          ],
          [
            -79.1869284,
            43.7846499
          ]
        ]
      }
    },
    {
      "type": "Feature",
      "id": "osm-way-227845167",
      "properties": {
        "osmWayId": 227845167,
        "highway": "footway",
        "surface": "concrete",
        "wheelchair": null,
        "foot": null,
        "verificationStatus": "inferred",
        "source": "OpenStreetMap"
      },
      "geometry": {
        "type": "LineString",
        "coordinates": [
          [
            -79.1883336,
            43.7864831
          ],
          [
            -79.1882278,
            43.7864333
          ],
          [
            -79.1881971,
            43.7863775
          ],
          [
            -79.1881432,
            43.7862665
          ],
          [
            -79.1879519,
            43.7858307
          ],
          [
            -79.1876995,
            43.7852727
          ],
          [
            -79.1876784,
            43.7852239
          ],
          [
            -79.1876573,
            43.7851848
          ],
          [
            -79.1876363,
            43.7851461
          ],
          [
            -79.1875666,
            43.7849568
          ],
          [
            -79.1875153,
            43.7849327
          ]
        ]
      }
    },
    {
      "type": "Feature",
      "id": "osm-way-228425381",
      "properties": {
        "osmWayId": 228425381,
        "highway": "footway",
        "surface": "concrete:plates",
        "wheelchair": null,
        "foot": null,
        "verificationStatus": "inferred",
        "source": "OpenStreetMap"
      },
      "geometry": {
        "type": "LineString",
        "coordinates": [
          [
            -79.1921209,
            43.786627
          ],
          [
            -79.1920667,
            43.7866894
          ],
          [
            -79.191981,
            43.7867229
          ],
          [
            -79.1920596,
            43.7868415
          ],
          [
            -79.1920882,
            43.7869343
          ],
          [
            -79.1920678,
            43.7870276
          ],
          [
            -79.1919953,
            43.7870891
          ],
          [
            -79.1918631,
            43.7871046
          ],
          [
            -79.1918186,
            43.7870965
          ],
          [
            -79.1917488,
            43.7870839
          ],
          [
            -79.1916845,
            43.7870427
          ],
          [
            -79.1915679,
            43.7869804
          ]
        ]
      }
    },
    {
      "type": "Feature",
      "id": "osm-way-228425382",
      "properties": {
        "osmWayId": 228425382,
        "highway": "footway",
        "surface": "concrete:plates",
        "wheelchair": null,
        "foot": null,
        "verificationStatus": "inferred",
        "source": "OpenStreetMap"
      },
      "geometry": {
        "type": "LineString",
        "coordinates": [
          [
            -79.1918186,
            43.7870965
          ],
          [
            -79.1917887,
            43.7872228
          ]
        ]
      }
    },
    {
      "type": "Feature",
      "id": "osm-way-228425383",
      "properties": {
        "osmWayId": 228425383,
        "highway": "footway",
        "surface": "concrete:plates",
        "wheelchair": null,
        "foot": null,
        "verificationStatus": "inferred",
        "source": "OpenStreetMap"
      },
      "geometry": {
        "type": "LineString",
        "coordinates": [
          [
            -79.191981,
            43.7867229
          ],
          [
            -79.1918847,
            43.7866956
          ],
          [
            -79.1917988,
            43.7866713
          ],
          [
            -79.1916488,
            43.7866765
          ],
          [
            -79.1915478,
            43.7867227
          ],
          [
            -79.1914845,
            43.7868235
          ],
          [
            -79.1911454,
            43.7871376
          ],
          [
            -79.1911387,
            43.787145
          ],
          [
            -79.1910872,
            43.7872023
          ],
          [
            -79.1910712,
            43.7872172
          ],
          [
            -79.1910339,
            43.787252
          ],
          [
            -79.1908428,
            43.7874464
          ],
          [
            -79.1906227,
            43.7876703
          ]
        ]
      }
    },
    {
      "type": "Feature",
      "id": "osm-way-228425629",
      "properties": {
        "osmWayId": 228425629,
        "highway": "footway",
        "surface": null,
        "wheelchair": null,
        "foot": null,
        "verificationStatus": "inferred",
        "source": "OpenStreetMap"
      },
      "geometry": {
        "type": "LineString",
        "coordinates": [
          [
            -79.1919211,
            43.7859142
          ],
          [
            -79.1920128,
            43.7860977
          ]
        ]
      }
    },
    {
      "type": "Feature",
      "id": "osm-way-228427393",
      "properties": {
        "osmWayId": 228427393,
        "highway": "footway",
        "surface": "asphalt",
        "wheelchair": null,
        "foot": null,
        "verificationStatus": "inferred",
        "source": "OpenStreetMap"
      },
      "geometry": {
        "type": "LineString",
        "coordinates": [
          [
            -79.1923054,
            43.7874382
          ],
          [
            -79.192322,
            43.7875233
          ],
          [
            -79.1923426,
            43.7875621
          ],
          [
            -79.1927889,
            43.788095
          ],
          [
            -79.1928316,
            43.7881248
          ],
          [
            -79.19297,
            43.7882581
          ]
        ]
      }
    },
    {
      "type": "Feature",
      "id": "osm-way-228428359",
      "properties": {
        "osmWayId": 228428359,
        "highway": "footway",
        "surface": "concrete",
        "wheelchair": null,
        "foot": null,
        "verificationStatus": "inferred",
        "source": "OpenStreetMap"
      },
      "geometry": {
        "type": "LineString",
        "coordinates": [
          [
            -79.1931888,
            43.7855219
          ],
          [
            -79.1932381,
            43.7855842
          ],
          [
            -79.1933128,
            43.7857511
          ],
          [
            -79.1933852,
            43.7860086
          ],
          [
            -79.1934147,
            43.7862976
          ],
          [
            -79.193408,
            43.7868525
          ],
          [
            -79.1933995,
            43.7870735
          ],
          [
            -79.1934094,
            43.7873243
          ],
          [
            -79.1934349,
            43.7875383
          ],
          [
            -79.1934872,
            43.7877852
          ],
          [
            -79.1936629,
            43.787972
          ],
          [
            -79.1939163,
            43.788764
          ],
          [
            -79.1939857,
            43.7888878
          ],
          [
            -79.1939765,
            43.7889601
          ],
          [
            -79.1939439,
            43.7889934
          ],
          [
            -79.1939322,
            43.7890053
          ],
          [
            -79.1938627,
            43.7890308
          ],
          [
            -79.1938206,
            43.7890349
          ],
          [
            -79.1937409,
            43.7890267
          ],
          [
            -79.1937159,
            43.7890168
          ],
          [
            -79.1935087,
            43.788942
          ],
          [
            -79.1930421,
            43.7887489
          ],
          [
            -79.192465,
            43.7885213
          ],
          [
            -79.1920374,
            43.7883648
          ],
          [
            -79.1918082,
            43.7882781
          ],
          [
            -79.1914536,
            43.7881121
          ],
          [
            -79.1912192,
            43.7879979
          ],
          [
            -79.1907903,
            43.787765
          ]
        ]
      }
    },
    {
      "type": "Feature",
      "id": "osm-way-228428999",
      "properties": {
        "osmWayId": 228428999,
        "highway": "footway",
        "surface": "concrete:plates",
        "wheelchair": null,
        "foot": null,
        "verificationStatus": "inferred",
        "source": "OpenStreetMap"
      },
      "geometry": {
        "type": "LineString",
        "coordinates": [
          [
            -79.1878193,
            43.785739
          ],
          [
            -79.187731,
            43.7857596
          ],
          [
            -79.1875651,
            43.7853962
          ],
          [
            -79.1875801,
            43.7853375
          ],
          [
            -79.1876296,
            43.7853253
          ]
        ]
      }
    },
    {
      "type": "Feature",
      "id": "osm-way-228463939",
      "properties": {
        "osmWayId": 228463939,
        "highway": "footway",
        "surface": "paving_stones",
        "wheelchair": null,
        "foot": null,
        "verificationStatus": "inferred",
        "source": "OpenStreetMap"
      },
      "geometry": {
        "type": "LineString",
        "coordinates": [
          [
            -79.1891025,
            43.7860795
          ],
          [
            -79.1891188,
            43.7860347
          ],
          [
            -79.1891106,
            43.7858568
          ]
        ]
      }
    },
    {
      "type": "Feature",
      "id": "osm-way-228463940",
      "properties": {
        "osmWayId": 228463940,
        "highway": "footway",
        "surface": "paving_stones",
        "wheelchair": null,
        "foot": null,
        "verificationStatus": "inferred",
        "source": "OpenStreetMap"
      },
      "geometry": {
        "type": "LineString",
        "coordinates": [
          [
            -79.1891106,
            43.7858568
          ],
          [
            -79.189262,
            43.7857729
          ],
          [
            -79.1893291,
            43.7856454
          ]
        ]
      }
    },
    {
      "type": "Feature",
      "id": "osm-way-228464007",
      "properties": {
        "osmWayId": 228464007,
        "highway": "footway",
        "surface": null,
        "wheelchair": null,
        "foot": null,
        "verificationStatus": "inferred",
        "source": "OpenStreetMap"
      },
      "geometry": {
        "type": "LineString",
        "coordinates": [
          [
            -79.1685541,
            43.7845632
          ],
          [
            -79.1686052,
            43.7846045
          ],
          [
            -79.1686872,
            43.7846707
          ]
        ]
      }
    },
    {
      "type": "Feature",
      "id": "osm-way-228464008",
      "properties": {
        "osmWayId": 228464008,
        "highway": "footway",
        "surface": null,
        "wheelchair": null,
        "foot": null,
        "verificationStatus": "inferred",
        "source": "OpenStreetMap"
      },
      "geometry": {
        "type": "LineString",
        "coordinates": [
          [
            -79.1689547,
            43.7844921
          ],
          [
            -79.1688809,
            43.7844287
          ],
          [
            -79.1687901,
            43.7843508
          ]
        ]
      }
    },
    {
      "type": "Feature",
      "id": "osm-way-254893299",
      "properties": {
        "osmWayId": 254893299,
        "highway": "footway",
        "surface": "concrete",
        "wheelchair": null,
        "foot": null,
        "verificationStatus": "inferred",
        "source": "OpenStreetMap"
      },
      "geometry": {
        "type": "LineString",
        "coordinates": [
          [
            -79.2048156,
            43.7827815
          ],
          [
            -79.2041977,
            43.7829194
          ],
          [
            -79.2026823,
            43.7832576
          ],
          [
            -79.2024351,
            43.7833131
          ],
          [
            -79.2005837,
            43.7837288
          ],
          [
            -79.1957067,
            43.7848685
          ],
          [
            -79.1956701,
            43.7848936
          ],
          [
            -79.1956498,
            43.7849201
          ],
          [
            -79.1956427,
            43.7849444
          ],
          [
            -79.1956198,
            43.7849472
          ]
        ]
      }
    },
    {
      "type": "Feature",
      "id": "osm-way-254893321",
      "properties": {
        "osmWayId": 254893321,
        "highway": "footway",
        "surface": null,
        "wheelchair": null,
        "foot": null,
        "verificationStatus": "inferred",
        "source": "OpenStreetMap"
      },
      "geometry": {
        "type": "LineString",
        "coordinates": [
          [
            -79.1831069,
            43.7877817
          ],
          [
            -79.1827895,
            43.7878472
          ],
          [
            -79.1823527,
            43.7879635
          ],
          [
            -79.1815737,
            43.7881468
          ],
          [
            -79.180743,
            43.7883341
          ],
          [
            -79.18053,
            43.7883835
          ],
          [
            -79.1797709,
            43.7885566
          ],
          [
            -79.175624,
            43.7894852
          ],
          [
            -79.1755892,
            43.789493
          ]
        ]
      }
    },
    {
      "type": "Feature",
      "id": "osm-way-283130985",
      "properties": {
        "osmWayId": 283130985,
        "highway": "footway",
        "surface": null,
        "wheelchair": null,
        "foot": null,
        "verificationStatus": "inferred",
        "source": "OpenStreetMap"
      },
      "geometry": {
        "type": "LineString",
        "coordinates": [
          [
            -79.1892377,
            43.776516
          ],
          [
            -79.1891301,
            43.7762406
          ]
        ]
      }
    },
    {
      "type": "Feature",
      "id": "osm-way-283130987",
      "properties": {
        "osmWayId": 283130987,
        "highway": "footway",
        "surface": "concrete",
        "wheelchair": null,
        "foot": "yes",
        "verificationStatus": "inferred",
        "source": "OpenStreetMap"
      },
      "geometry": {
        "type": "LineString",
        "coordinates": [
          [
            -79.190215,
            43.7764274
          ],
          [
            -79.1900543,
            43.7764541
          ],
          [
            -79.1899011,
            43.7760829
          ]
        ]
      }
    },
    {
      "type": "Feature",
      "id": "osm-way-295396503",
      "properties": {
        "osmWayId": 295396503,
        "highway": "path",
        "surface": "asphalt",
        "wheelchair": null,
        "foot": null,
        "verificationStatus": "inferred",
        "source": "OpenStreetMap"
      },
      "geometry": {
        "type": "LineString",
        "coordinates": [
          [
            -79.1769882,
            43.7937081
          ],
          [
            -79.1767405,
            43.7936467
          ],
          [
            -79.1764405,
            43.7935518
          ],
          [
            -79.1763557,
            43.7935185
          ],
          [
            -79.1762361,
            43.7934495
          ],
          [
            -79.1761247,
            43.7934213
          ]
        ]
      }
    },
    {
      "type": "Feature",
      "id": "osm-way-320467799",
      "properties": {
        "osmWayId": 320467799,
        "highway": "path",
        "surface": "concrete",
        "wheelchair": null,
        "foot": null,
        "verificationStatus": "inferred",
        "source": "OpenStreetMap"
      },
      "geometry": {
        "type": "LineString",
        "coordinates": [
          [
            -79.1723999,
            43.7876794
          ],
          [
            -79.1723622,
            43.7876895
          ],
          [
            -79.1716855,
            43.7878331
          ],
          [
            -79.1715166,
            43.787828
          ]
        ]
      }
    },
    {
      "type": "Feature",
      "id": "osm-way-320469233",
      "properties": {
        "osmWayId": 320469233,
        "highway": "footway",
        "surface": "concrete",
        "wheelchair": null,
        "foot": null,
        "verificationStatus": "inferred",
        "source": "OpenStreetMap"
      },
      "geometry": {
        "type": "LineString",
        "coordinates": [
          [
            -79.1648326,
            43.7871251
          ],
          [
            -79.1649666,
            43.787234
          ],
          [
            -79.1651193,
            43.7873649
          ],
          [
            -79.1652598,
            43.787483
          ],
          [
            -79.1653635,
            43.7876561
          ]
        ]
      }
    },
    {
      "type": "Feature",
      "id": "osm-way-320469234",
      "properties": {
        "osmWayId": 320469234,
        "highway": "footway",
        "surface": "concrete",
        "wheelchair": null,
        "foot": null,
        "verificationStatus": "inferred",
        "source": "OpenStreetMap"
      },
      "geometry": {
        "type": "LineString",
        "coordinates": [
          [
            -79.1653164,
            43.7877487
          ],
          [
            -79.1653878,
            43.7877314
          ],
          [
            -79.166071,
            43.7875686
          ],
          [
            -79.1661155,
            43.7875566
          ],
          [
            -79.1661568,
            43.7875462
          ],
          [
            -79.1661883,
            43.7875375
          ],
          [
            -79.1662091,
            43.7875307
          ],
          [
            -79.1662289,
            43.7875227
          ],
          [
            -79.1662433,
            43.7875157
          ],
          [
            -79.166264,
            43.7875031
          ],
          [
            -79.1662788,
            43.787491
          ],
          [
            -79.1662888,
            43.7874818
          ],
          [
            -79.1662989,
            43.7874697
          ],
          [
            -79.1663067,
            43.7874579
          ],
          [
            -79.1663164,
            43.787438
          ]
        ]
      }
    },
    {
      "type": "Feature",
      "id": "osm-way-320469235",
      "properties": {
        "osmWayId": 320469235,
        "highway": "footway",
        "surface": "concrete",
        "wheelchair": null,
        "foot": null,
        "verificationStatus": "inferred",
        "source": "OpenStreetMap"
      },
      "geometry": {
        "type": "LineString",
        "coordinates": [
          [
            -79.1653635,
            43.7876561
          ],
          [
            -79.1653831,
            43.7877217
          ],
          [
            -79.1653878,
            43.7877314
          ],
          [
            -79.1655559,
            43.7880818
          ],
          [
            -79.1657639,
            43.7885182
          ],
          [
            -79.1660816,
            43.7892209
          ],
          [
            -79.1661654,
            43.7893933
          ],
          [
            -79.1661726,
            43.7894111
          ],
          [
            -79.1661775,
            43.7894297
          ],
          [
            -79.1661801,
            43.7894499
          ],
          [
            -79.1661799,
            43.7894602
          ],
          [
            -79.1661795,
            43.7894666
          ],
          [
            -79.1661787,
            43.7894717
          ]
        ]
      }
    },
    {
      "type": "Feature",
      "id": "osm-way-334901595",
      "properties": {
        "osmWayId": 334901595,
        "highway": "footway",
        "surface": null,
        "wheelchair": null,
        "foot": null,
        "verificationStatus": "inferred",
        "source": "OpenStreetMap"
      },
      "geometry": {
        "type": "LineString",
        "coordinates": [
          [
            -79.1841359,
            43.7721553
          ],
          [
            -79.1840403,
            43.7721761
          ],
          [
            -79.1837136,
            43.7722474
          ],
          [
            -79.183615,
            43.7722597
          ]
        ]
      }
    },
    {
      "type": "Feature",
      "id": "osm-way-338407188",
      "properties": {
        "osmWayId": 338407188,
        "highway": "footway",
        "surface": "concrete",
        "wheelchair": null,
        "foot": null,
        "verificationStatus": "inferred",
        "source": "OpenStreetMap"
      },
      "geometry": {
        "type": "LineString",
        "coordinates": [
          [
            -79.1764051,
            43.7707182
          ],
          [
            -79.1764153,
            43.7708458
          ],
          [
            -79.1766031,
            43.7713902
          ],
          [
            -79.1767974,
            43.7718499
          ],
          [
            -79.176893,
            43.7720761
          ],
          [
            -79.177183,
            43.7727441
          ],
          [
            -79.1772686,
            43.7729635
          ],
          [
            -79.1773349,
            43.7731529
          ],
          [
            -79.1773349,
            43.7732207
          ],
          [
            -79.1774702,
            43.7735298
          ],
          [
            -79.1777021,
            43.7740801
          ],
          [
            -79.1777739,
            43.7741439
          ],
          [
            -79.177796,
            43.7742017
          ],
          [
            -79.1777905,
            43.7742635
          ],
          [
            -79.177977,
            43.7746754
          ],
          [
            -79.1780011,
            43.7746925
          ],
          [
            -79.1780519,
            43.7747264
          ]
        ]
      }
    },
    {
      "type": "Feature",
      "id": "osm-way-341218259",
      "properties": {
        "osmWayId": 341218259,
        "highway": "footway",
        "surface": null,
        "wheelchair": null,
        "foot": null,
        "verificationStatus": "inferred",
        "source": "OpenStreetMap"
      },
      "geometry": {
        "type": "LineString",
        "coordinates": [
          [
            -79.1843882,
            43.7790877
          ],
          [
            -79.1846698,
            43.7788957
          ]
        ]
      }
    },
    {
      "type": "Feature",
      "id": "osm-way-341218474",
      "properties": {
        "osmWayId": 341218474,
        "highway": "footway",
        "surface": null,
        "wheelchair": null,
        "foot": null,
        "verificationStatus": "inferred",
        "source": "OpenStreetMap"
      },
      "geometry": {
        "type": "LineString",
        "coordinates": [
          [
            -79.1843198,
            43.779162
          ],
          [
            -79.1843057,
            43.7791786
          ]
        ]
      }
    },
    {
      "type": "Feature",
      "id": "osm-way-341218475",
      "properties": {
        "osmWayId": 341218475,
        "highway": "steps",
        "surface": null,
        "wheelchair": null,
        "foot": null,
        "verificationStatus": "inferred",
        "source": "OpenStreetMap"
      },
      "geometry": {
        "type": "LineString",
        "coordinates": [
          [
            -79.1843542,
            43.7791215
          ],
          [
            -79.1843198,
            43.779162
          ]
        ]
      }
    },
    {
      "type": "Feature",
      "id": "osm-way-341218476",
      "properties": {
        "osmWayId": 341218476,
        "highway": "steps",
        "surface": null,
        "wheelchair": null,
        "foot": null,
        "verificationStatus": "inferred",
        "source": "OpenStreetMap"
      },
      "geometry": {
        "type": "LineString",
        "coordinates": [
          [
            -79.1843057,
            43.7791786
          ],
          [
            -79.1842917,
            43.7791988
          ]
        ]
      }
    },
    {
      "type": "Feature",
      "id": "osm-way-341218478",
      "properties": {
        "osmWayId": 341218478,
        "highway": "footway",
        "surface": null,
        "wheelchair": null,
        "foot": null,
        "verificationStatus": "inferred",
        "source": "OpenStreetMap"
      },
      "geometry": {
        "type": "LineString",
        "coordinates": [
          [
            -79.1843542,
            43.7791215
          ],
          [
            -79.1843882,
            43.7790877
          ]
        ]
      }
    },
    {
      "type": "Feature",
      "id": "osm-way-341218479",
      "properties": {
        "osmWayId": 341218479,
        "highway": "footway",
        "surface": null,
        "wheelchair": null,
        "foot": null,
        "verificationStatus": "inferred",
        "source": "OpenStreetMap"
      },
      "geometry": {
        "type": "LineString",
        "coordinates": [
          [
            -79.1842917,
            43.7791988
          ],
          [
            -79.184233,
            43.779267
          ],
          [
            -79.1843883,
            43.779447
          ],
          [
            -79.1843784,
            43.779429
          ],
          [
            -79.1844779,
            43.7795653
          ],
          [
            -79.1845697,
            43.7796206
          ],
          [
            -79.1845683,
            43.7796807
          ]
        ]
      }
    },
    {
      "type": "Feature",
      "id": "osm-way-354178052",
      "properties": {
        "osmWayId": 354178052,
        "highway": "path",
        "surface": null,
        "wheelchair": null,
        "foot": null,
        "verificationStatus": "inferred",
        "source": "OpenStreetMap"
      },
      "geometry": {
        "type": "LineString",
        "coordinates": [
          [
            -79.2033325,
            43.7789522
          ],
          [
            -79.2034001,
            43.7789009
          ],
          [
            -79.2033717,
            43.7788277
          ],
          [
            -79.2033745,
            43.7788168
          ],
          [
            -79.2033831,
            43.7788121
          ]
        ]
      }
    },
    {
      "type": "Feature",
      "id": "osm-way-358994484",
      "properties": {
        "osmWayId": 358994484,
        "highway": "footway",
        "surface": "concrete",
        "wheelchair": null,
        "foot": null,
        "verificationStatus": "inferred",
        "source": "OpenStreetMap"
      },
      "geometry": {
        "type": "LineString",
        "coordinates": [
          [
            -79.1873168,
            43.7827807
          ],
          [
            -79.1871851,
            43.7826164
          ],
          [
            -79.1871447,
            43.7825984
          ],
          [
            -79.1870797,
            43.7825943
          ],
          [
            -79.1870384,
            43.7825643
          ],
          [
            -79.1868175,
            43.7825732
          ]
        ]
      }
    },
    {
      "type": "Feature",
      "id": "osm-way-358997940",
      "properties": {
        "osmWayId": 358997940,
        "highway": "footway",
        "surface": "concrete:plates",
        "wheelchair": null,
        "foot": null,
        "verificationStatus": "inferred",
        "source": "OpenStreetMap"
      },
      "geometry": {
        "type": "LineString",
        "coordinates": [
          [
            -79.2001767,
            43.7895331
          ],
          [
            -79.2005468,
            43.789444
          ]
        ]
      }
    },
    {
      "type": "Feature",
      "id": "osm-way-372782337",
      "properties": {
        "osmWayId": 372782337,
        "highway": "footway",
        "surface": "concrete",
        "wheelchair": null,
        "foot": null,
        "verificationStatus": "inferred",
        "source": "OpenStreetMap"
      },
      "geometry": {
        "type": "LineString",
        "coordinates": [
          [
            -79.1936045,
            43.7854117
          ],
          [
            -79.1937142,
            43.7856873
          ],
          [
            -79.1937758,
            43.7858845
          ],
          [
            -79.1938068,
            43.7860383
          ],
          [
            -79.1938162,
            43.7861841
          ],
          [
            -79.1938255,
            43.786343
          ],
          [
            -79.1938115,
            43.7868987
          ],
          [
            -79.193837,
            43.7874137
          ],
          [
            -79.1938781,
            43.7876648
          ],
          [
            -79.1940021,
            43.7880124
          ],
          [
            -79.1940045,
            43.7880201
          ]
        ]
      }
    },
    {
      "type": "Feature",
      "id": "osm-way-372783123",
      "properties": {
        "osmWayId": 372783123,
        "highway": "footway",
        "surface": "asphalt",
        "wheelchair": null,
        "foot": null,
        "verificationStatus": "inferred",
        "source": "OpenStreetMap"
      },
      "geometry": {
        "type": "LineString",
        "coordinates": [
          [
            -79.1938115,
            43.7868987
          ],
          [
            -79.1954564,
            43.7865406
          ]
        ]
      }
    },
    {
      "type": "Feature",
      "id": "osm-way-372783124",
      "properties": {
        "osmWayId": 372783124,
        "highway": "footway",
        "surface": "concrete:plates",
        "wheelchair": null,
        "foot": null,
        "verificationStatus": "inferred",
        "source": "OpenStreetMap"
      },
      "geometry": {
        "type": "LineString",
        "coordinates": [
          [
            -79.1940021,
            43.7880124
          ],
          [
            -79.195408,
            43.7876789
          ],
          [
            -79.1954677,
            43.7876026
          ],
          [
            -79.1953229,
            43.7872889
          ],
          [
            -79.1953379,
            43.7872551
          ],
          [
            -79.1955409,
            43.7870876
          ],
          [
            -79.1959988,
            43.7867119
          ],
          [
            -79.1959559,
            43.786588
          ],
          [
            -79.195972,
            43.786495
          ],
          [
            -79.1959393,
            43.7864188
          ],
          [
            -79.1957453,
            43.7859658
          ],
          [
            -79.1957123,
            43.7858898
          ],
          [
            -79.1955482,
            43.7855075
          ],
          [
            -79.1953329,
            43.7850094
          ]
        ]
      }
    },
    {
      "type": "Feature",
      "id": "osm-way-372783126",
      "properties": {
        "osmWayId": 372783126,
        "highway": "footway",
        "surface": "concrete",
        "wheelchair": null,
        "foot": null,
        "verificationStatus": "inferred",
        "source": "OpenStreetMap"
      },
      "geometry": {
        "type": "LineString",
        "coordinates": [
          [
            -79.1951661,
            43.7869544
          ],
          [
            -79.1950761,
            43.7869171
          ],
          [
            -79.1946472,
            43.7870213
          ],
          [
            -79.1945804,
            43.7870958
          ]
        ]
      }
    },
    {
      "type": "Feature",
      "id": "osm-way-372783127",
      "properties": {
        "osmWayId": 372783127,
        "highway": "footway",
        "surface": "concrete:plates",
        "wheelchair": null,
        "foot": null,
        "verificationStatus": "inferred",
        "source": "OpenStreetMap"
      },
      "geometry": {
        "type": "LineString",
        "coordinates": [
          [
            -79.195408,
            43.7876789
          ],
          [
            -79.1954361,
            43.7877216
          ],
          [
            -79.1955235,
            43.7877534
          ],
          [
            -79.1958097,
            43.7883825
          ],
          [
            -79.1960295,
            43.7883306
          ]
        ]
      }
    },
    {
      "type": "Feature",
      "id": "osm-way-372783130",
      "properties": {
        "osmWayId": 372783130,
        "highway": "footway",
        "surface": "dirt",
        "wheelchair": null,
        "foot": null,
        "verificationStatus": "inferred",
        "source": "OpenStreetMap"
      },
      "geometry": {
        "type": "LineString",
        "coordinates": [
          [
            -79.1957123,
            43.7858898
          ],
          [
            -79.1938162,
            43.7861841
          ]
        ]
      }
    },
    {
      "type": "Feature",
      "id": "osm-way-380701323",
      "properties": {
        "osmWayId": 380701323,
        "highway": "footway",
        "surface": "asphalt",
        "wheelchair": null,
        "foot": null,
        "verificationStatus": "inferred",
        "source": "OpenStreetMap"
      },
      "geometry": {
        "type": "LineString",
        "coordinates": [
          [
            -79.185811,
            43.7842173
          ],
          [
            -79.1857308,
            43.7843062
          ],
          [
            -79.1852774,
            43.7847806
          ],
          [
            -79.1852829,
            43.7847841
          ]
        ]
      }
    },
    {
      "type": "Feature",
      "id": "osm-way-382246077",
      "properties": {
        "osmWayId": 382246077,
        "highway": "footway",
        "surface": null,
        "wheelchair": null,
        "foot": null,
        "verificationStatus": "inferred",
        "source": "OpenStreetMap"
      },
      "geometry": {
        "type": "LineString",
        "coordinates": [
          [
            -79.1874109,
            43.7835722
          ],
          [
            -79.1873295,
            43.7835372
          ]
        ]
      }
    },
    {
      "type": "Feature",
      "id": "osm-way-382246078",
      "properties": {
        "osmWayId": 382246078,
        "highway": "steps",
        "surface": "concrete",
        "wheelchair": null,
        "foot": null,
        "verificationStatus": "inferred",
        "source": "OpenStreetMap"
      },
      "geometry": {
        "type": "LineString",
        "coordinates": [
          [
            -79.1873204,
            43.7836214
          ],
          [
            -79.1874957,
            43.7834293
          ]
        ]
      }
    },
    {
      "type": "Feature",
      "id": "osm-way-382246079",
      "properties": {
        "osmWayId": 382246079,
        "highway": "footway",
        "surface": "paved",
        "wheelchair": null,
        "foot": null,
        "verificationStatus": "inferred",
        "source": "OpenStreetMap"
      },
      "geometry": {
        "type": "LineString",
        "coordinates": [
          [
            -79.1874957,
            43.7834293
          ],
          [
            -79.187179,
            43.7832775
          ],
          [
            -79.1872181,
            43.7831406
          ],
          [
            -79.187257,
            43.7831124
          ],
          [
            -79.187276,
            43.7830589
          ],
          [
            -79.187275,
            43.782917
          ],
          [
            -79.1873061,
            43.7828325
          ]
        ]
      }
    },
    {
      "type": "Feature",
      "id": "osm-way-403398848",
      "properties": {
        "osmWayId": 403398848,
        "highway": "footway",
        "surface": null,
        "wheelchair": null,
        "foot": null,
        "verificationStatus": "inferred",
        "source": "OpenStreetMap"
      },
      "geometry": {
        "type": "LineString",
        "coordinates": [
          [
            -79.1719109,
            43.7953405
          ],
          [
            -79.1709345,
            43.7955879
          ],
          [
            -79.1708317,
            43.7956139
          ]
        ]
      }
    },
    {
      "type": "Feature",
      "id": "osm-way-403419509",
      "properties": {
        "osmWayId": 403419509,
        "highway": "footway",
        "surface": "asphalt",
        "wheelchair": null,
        "foot": null,
        "verificationStatus": "inferred",
        "source": "OpenStreetMap"
      },
      "geometry": {
        "type": "LineString",
        "coordinates": [
          [
            -79.1984545,
            43.7943823
          ],
          [
            -79.1983507,
            43.7944078
          ],
          [
            -79.1981518,
            43.7944623
          ],
          [
            -79.1978413,
            43.7945152
          ],
          [
            -79.1976466,
            43.7945122
          ],
          [
            -79.1974101,
            43.7945066
          ],
          [
            -79.1971315,
            43.7945163
          ],
          [
            -79.1969913,
            43.7945532
          ],
          [
            -79.1968293,
            43.7946049
          ],
          [
            -79.1966344,
            43.7946366
          ]
        ]
      }
    },
    {
      "type": "Feature",
      "id": "osm-way-403488387",
      "properties": {
        "osmWayId": 403488387,
        "highway": "footway",
        "surface": null,
        "wheelchair": null,
        "foot": null,
        "verificationStatus": "inferred",
        "source": "OpenStreetMap"
      },
      "geometry": {
        "type": "LineString",
        "coordinates": [
          [
            -79.1784246,
            43.7832421
          ],
          [
            -79.178283,
            43.7829138
          ]
        ]
      }
    },
    {
      "type": "Feature",
      "id": "osm-way-445611955",
      "properties": {
        "osmWayId": 445611955,
        "highway": "path",
        "surface": "unpaved",
        "wheelchair": null,
        "foot": null,
        "verificationStatus": "inferred",
        "source": "OpenStreetMap"
      },
      "geometry": {
        "type": "LineString",
        "coordinates": [
          [
            -79.2022751,
            43.777724
          ],
          [
            -79.202192,
            43.777665
          ],
          [
            -79.202105,
            43.777572
          ],
          [
            -79.202066,
            43.777459
          ],
          [
            -79.2020048,
            43.7773701
          ],
          [
            -79.2018127,
            43.7770723
          ],
          [
            -79.2018185,
            43.7770266
          ],
          [
            -79.2018283,
            43.7769933
          ],
          [
            -79.2018647,
            43.7769607
          ],
          [
            -79.2019716,
            43.7768843
          ],
          [
            -79.2020883,
            43.776815
          ],
          [
            -79.2021165,
            43.7767665
          ],
          [
            -79.2021195,
            43.7767348
          ],
          [
            -79.202107,
            43.776666
          ],
          [
            -79.202084,
            43.776545
          ],
          [
            -79.2020694,
            43.7764671
          ],
          [
            -79.2020286,
            43.7764291
          ],
          [
            -79.2019738,
            43.776391
          ],
          [
            -79.2018853,
            43.7763183
          ],
          [
            -79.2018413,
            43.7762628
          ],
          [
            -79.2018258,
            43.77622
          ],
          [
            -79.2018337,
            43.776125
          ],
          [
            -79.201864,
            43.775908
          ],
          [
            -79.2019277,
            43.7757618
          ],
          [
            -79.2019703,
            43.7755971
          ],
          [
            -79.2019797,
            43.7754718
          ],
          [
            -79.201959,
            43.775363
          ],
          [
            -79.201874,
            43.775054
          ],
          [
            -79.201822,
            43.774967
          ],
          [
            -79.201757,
            43.774918
          ],
          [
            -79.201682,
            43.774888
          ],
          [
            -79.20142,
            43.774817
          ],
          [
            -79.201022,
            43.774786
          ],
          [
            -79.200547,
            43.774618
          ],
          [
            -79.200396,
            43.774608
          ],
          [
            -79.199917,
            43.774737
          ],
          [
            -79.199309,
            43.774822
          ],
          [
            -79.1992286,
            43.7748664
          ],
          [
            -79.1990807,
            43.7749751
          ]
        ]
      }
    },
    {
      "type": "Feature",
      "id": "osm-way-445611956",
      "properties": {
        "osmWayId": 445611956,
        "highway": "steps",
        "surface": null,
        "wheelchair": null,
        "foot": null,
        "verificationStatus": "inferred",
        "source": "OpenStreetMap"
      },
      "geometry": {
        "type": "LineString",
        "coordinates": [
          [
            -79.2033831,
            43.7788121
          ],
          [
            -79.203505,
            43.7787558
          ],
          [
            -79.2034974,
            43.7787449
          ],
          [
            -79.2034521,
            43.7787503
          ],
          [
            -79.203437,
            43.7787079
          ],
          [
            -79.2033896,
            43.7787074
          ],
          [
            -79.2033736,
            43.7786686
          ]
        ]
      }
    },
    {
      "type": "Feature",
      "id": "osm-way-449301931",
      "properties": {
        "osmWayId": 449301931,
        "highway": "footway",
        "surface": "asphalt",
        "wheelchair": null,
        "foot": "yes",
        "verificationStatus": "inferred",
        "source": "OpenStreetMap"
      },
      "geometry": {
        "type": "LineString",
        "coordinates": [
          [
            -79.1881432,
            43.7862665
          ],
          [
            -79.1875994,
            43.7860112
          ],
          [
            -79.1875699,
            43.7859923
          ],
          [
            -79.1875537,
            43.7859662
          ],
          [
            -79.1875504,
            43.7859375
          ],
          [
            -79.1875374,
            43.7858575
          ],
          [
            -79.1875151,
            43.7858296
          ],
          [
            -79.1874908,
            43.7858091
          ],
          [
            -79.1873531,
            43.785748
          ],
          [
            -79.1873082,
            43.7857268
          ],
          [
            -79.1871564,
            43.7856544
          ],
          [
            -79.1871112,
            43.7856315
          ]
        ]
      }
    },
    {
      "type": "Feature",
      "id": "osm-way-449302258",
      "properties": {
        "osmWayId": 449302258,
        "highway": "footway",
        "surface": "dirt",
        "wheelchair": null,
        "foot": "yes",
        "verificationStatus": "inferred",
        "source": "OpenStreetMap"
      },
      "geometry": {
        "type": "LineString",
        "coordinates": [
          [
            -79.186744,
            43.7859346
          ],
          [
            -79.1866685,
            43.7860109
          ],
          [
            -79.1866526,
            43.7860454
          ],
          [
            -79.1866508,
            43.7860799
          ],
          [
            -79.1866579,
            43.7861565
          ],
          [
            -79.186672,
            43.7862511
          ],
          [
            -79.1867358,
            43.786458
          ],
          [
            -79.1867358,
            43.7864823
          ],
          [
            -79.1867464,
            43.7867403
          ],
          [
            -79.1867588,
            43.7867748
          ],
          [
            -79.1867786,
            43.7868334
          ],
          [
            -79.1867577,
            43.7868752
          ]
        ]
      }
    },
    {
      "type": "Feature",
      "id": "osm-way-485199742",
      "properties": {
        "osmWayId": 485199742,
        "highway": "footway",
        "surface": null,
        "wheelchair": null,
        "foot": null,
        "verificationStatus": "inferred",
        "source": "OpenStreetMap"
      },
      "geometry": {
        "type": "LineString",
        "coordinates": [
          [
            -79.1891256,
            43.7889336
          ],
          [
            -79.1895061,
            43.7890312
          ]
        ]
      }
    },
    {
      "type": "Feature",
      "id": "osm-way-485199744",
      "properties": {
        "osmWayId": 485199744,
        "highway": "footway",
        "surface": null,
        "wheelchair": null,
        "foot": null,
        "verificationStatus": "inferred",
        "source": "OpenStreetMap"
      },
      "geometry": {
        "type": "LineString",
        "coordinates": [
          [
            -79.1916023,
            43.7889253
          ],
          [
            -79.1917086,
            43.7889732
          ],
          [
            -79.1918718,
            43.7890099
          ]
        ]
      }
    },
    {
      "type": "Feature",
      "id": "osm-way-485199745",
      "properties": {
        "osmWayId": 485199745,
        "highway": "footway",
        "surface": null,
        "wheelchair": null,
        "foot": null,
        "verificationStatus": "inferred",
        "source": "OpenStreetMap"
      },
      "geometry": {
        "type": "LineString",
        "coordinates": [
          [
            -79.1926792,
            43.7888248
          ],
          [
            -79.1918718,
            43.7890099
          ]
        ]
      }
    },
    {
      "type": "Feature",
      "id": "osm-way-485199752",
      "properties": {
        "osmWayId": 485199752,
        "highway": "footway",
        "surface": "concrete:plates",
        "wheelchair": null,
        "foot": null,
        "verificationStatus": "inferred",
        "source": "OpenStreetMap"
      },
      "geometry": {
        "type": "LineString",
        "coordinates": [
          [
            -79.1922039,
            43.7901799
          ],
          [
            -79.1923932,
            43.7901388
          ],
          [
            -79.1927033,
            43.7900752
          ],
          [
            -79.1929879,
            43.7900118
          ],
          [
            -79.1933301,
            43.7899357
          ],
          [
            -79.1932693,
            43.7898522
          ],
          [
            -79.1939574,
            43.7895541
          ],
          [
            -79.1941625,
            43.7893486
          ]
        ]
      }
    },
    {
      "type": "Feature",
      "id": "osm-way-485199754",
      "properties": {
        "osmWayId": 485199754,
        "highway": "footway",
        "surface": "concrete:plates",
        "wheelchair": null,
        "foot": null,
        "verificationStatus": "inferred",
        "source": "OpenStreetMap"
      },
      "geometry": {
        "type": "LineString",
        "coordinates": [
          [
            -79.1944905,
            43.7901817
          ],
          [
            -79.1941108,
            43.7898645
          ],
          [
            -79.1939574,
            43.7895541
          ]
        ]
      }
    },
    {
      "type": "Feature",
      "id": "osm-way-488608479",
      "properties": {
        "osmWayId": 488608479,
        "highway": "footway",
        "surface": null,
        "wheelchair": null,
        "foot": null,
        "verificationStatus": "inferred",
        "source": "OpenStreetMap"
      },
      "geometry": {
        "type": "LineString",
        "coordinates": [
          [
            -79.1898422,
            43.7872726
          ],
          [
            -79.189849,
            43.787265
          ],
          [
            -79.190011,
            43.7871051
          ],
          [
            -79.1900413,
            43.7870789
          ],
          [
            -79.1899552,
            43.7870382
          ]
        ]
      }
    },
    {
      "type": "Feature",
      "id": "osm-way-528559984",
      "properties": {
        "osmWayId": 528559984,
        "highway": "path",
        "surface": null,
        "wheelchair": null,
        "foot": null,
        "verificationStatus": "inferred",
        "source": "OpenStreetMap"
      },
      "geometry": {
        "type": "LineString",
        "coordinates": [
          [
            -79.1696997,
            43.7798101
          ],
          [
            -79.169494,
            43.779687
          ],
          [
            -79.169544,
            43.779386
          ],
          [
            -79.169533,
            43.779099
          ],
          [
            -79.169461,
            43.778923
          ],
          [
            -79.169435,
            43.778793
          ],
          [
            -79.169413,
            43.778759
          ],
          [
            -79.169357,
            43.778732
          ],
          [
            -79.169216,
            43.778751
          ],
          [
            -79.168802,
            43.778913
          ],
          [
            -79.168418,
            43.779103
          ],
          [
            -79.168333,
            43.779174
          ],
          [
            -79.16823,
            43.779353
          ],
          [
            -79.168175,
            43.779518
          ],
          [
            -79.168174,
            43.779758
          ],
          [
            -79.1681152,
            43.7798784
          ]
        ]
      }
    },
    {
      "type": "Feature",
      "id": "osm-way-542132459",
      "properties": {
        "osmWayId": 542132459,
        "highway": "footway",
        "surface": null,
        "wheelchair": null,
        "foot": null,
        "verificationStatus": "inferred",
        "source": "OpenStreetMap"
      },
      "geometry": {
        "type": "LineString",
        "coordinates": [
          [
            -79.1845953,
            43.7837871
          ],
          [
            -79.1845596,
            43.783773
          ],
          [
            -79.1845079,
            43.7837852
          ],
          [
            -79.1844522,
            43.7837823
          ]
        ]
      }
    },
    {
      "type": "Feature",
      "id": "osm-way-555481566",
      "properties": {
        "osmWayId": 555481566,
        "highway": "footway",
        "surface": "sett",
        "wheelchair": null,
        "foot": null,
        "verificationStatus": "inferred",
        "source": "OpenStreetMap"
      },
      "geometry": {
        "type": "LineString",
        "coordinates": [
          [
            -79.1871957,
            43.7852551
          ],
          [
            -79.1870864,
            43.7852142
          ],
          [
            -79.1868962,
            43.7851261
          ],
          [
            -79.1868718,
            43.7851324
          ]
        ]
      }
    },
    {
      "type": "Feature",
      "id": "osm-way-555567188",
      "properties": {
        "osmWayId": 555567188,
        "highway": "footway",
        "surface": null,
        "wheelchair": null,
        "foot": null,
        "verificationStatus": "inferred",
        "source": "OpenStreetMap"
      },
      "geometry": {
        "type": "LineString",
        "coordinates": [
          [
            -79.1941625,
            43.7893486
          ],
          [
            -79.193462,
            43.7891361
          ],
          [
            -79.1932645,
            43.7890598
          ],
          [
            -79.1929753,
            43.788948
          ],
          [
            -79.1926792,
            43.7888248
          ],
          [
            -79.1921053,
            43.7886096
          ],
          [
            -79.1919971,
            43.7885855
          ]
        ]
      }
    },
    {
      "type": "Feature",
      "id": "osm-way-555567193",
      "properties": {
        "osmWayId": 555567193,
        "highway": "footway",
        "surface": "concrete:plates",
        "wheelchair": null,
        "foot": null,
        "verificationStatus": "inferred",
        "source": "OpenStreetMap"
      },
      "geometry": {
        "type": "LineString",
        "coordinates": [
          [
            -79.1932693,
            43.7898522
          ],
          [
            -79.1929607,
            43.7899265
          ],
          [
            -79.1926701,
            43.7899903
          ],
          [
            -79.1923567,
            43.7900592
          ],
          [
            -79.1920301,
            43.7901334
          ]
        ]
      }
    },
    {
      "type": "Feature",
      "id": "osm-way-555567713",
      "properties": {
        "osmWayId": 555567713,
        "highway": "footway",
        "surface": null,
        "wheelchair": null,
        "foot": null,
        "verificationStatus": "inferred",
        "source": "OpenStreetMap"
      },
      "geometry": {
        "type": "LineString",
        "coordinates": [
          [
            -79.1941625,
            43.7893486
          ],
          [
            -79.1941237,
            43.7892036
          ],
          [
            -79.1941127,
            43.7891623
          ]
        ]
      }
    },
    {
      "type": "Feature",
      "id": "osm-way-569802037",
      "properties": {
        "osmWayId": 569802037,
        "highway": "steps",
        "surface": null,
        "wheelchair": null,
        "foot": null,
        "verificationStatus": "inferred",
        "source": "OpenStreetMap"
      },
      "geometry": {
        "type": "LineString",
        "coordinates": [
          [
            -79.1896798,
            43.7847262
          ],
          [
            -79.189646,
            43.784716
          ]
        ]
      }
    },
    {
      "type": "Feature",
      "id": "osm-way-569802038",
      "properties": {
        "osmWayId": 569802038,
        "highway": "footway",
        "surface": "unpaved",
        "wheelchair": null,
        "foot": null,
        "verificationStatus": "inferred",
        "source": "OpenStreetMap"
      },
      "geometry": {
        "type": "LineString",
        "coordinates": [
          [
            -79.1897821,
            43.7853476
          ],
          [
            -79.1898219,
            43.7853144
          ],
          [
            -79.1898501,
            43.7851827
          ],
          [
            -79.1898099,
            43.7851033
          ],
          [
            -79.1897643,
            43.7849804
          ],
          [
            -79.1897053,
            43.784855
          ],
          [
            -79.1896798,
            43.7847262
          ]
        ]
      }
    },
    {
      "type": "Feature",
      "id": "osm-way-569803354",
      "properties": {
        "osmWayId": 569803354,
        "highway": "steps",
        "surface": "concrete",
        "wheelchair": null,
        "foot": null,
        "verificationStatus": "inferred",
        "source": "OpenStreetMap"
      },
      "geometry": {
        "type": "LineString",
        "coordinates": [
          [
            -79.1869369,
            43.7836602
          ],
          [
            -79.1869878,
            43.783682
          ]
        ]
      }
    },
    {
      "type": "Feature",
      "id": "osm-way-569803355",
      "properties": {
        "osmWayId": 569803355,
        "highway": "footway",
        "surface": "concrete",
        "wheelchair": null,
        "foot": null,
        "verificationStatus": "inferred",
        "source": "OpenStreetMap"
      },
      "geometry": {
        "type": "LineString",
        "coordinates": [
          [
            -79.1872628,
            43.7840394
          ],
          [
            -79.1874418,
            43.7838897
          ]
        ]
      }
    },
    {
      "type": "Feature",
      "id": "osm-way-569803356",
      "properties": {
        "osmWayId": 569803356,
        "highway": "steps",
        "surface": null,
        "wheelchair": null,
        "foot": null,
        "verificationStatus": "inferred",
        "source": "OpenStreetMap"
      },
      "geometry": {
        "type": "LineString",
        "coordinates": [
          [
            -79.187302,
            43.7840601
          ],
          [
            -79.1872758,
            43.7840477
          ]
        ]
      }
    },
    {
      "type": "Feature",
      "id": "osm-way-569803357",
      "properties": {
        "osmWayId": 569803357,
        "highway": "footway",
        "surface": null,
        "wheelchair": null,
        "foot": null,
        "verificationStatus": "inferred",
        "source": "OpenStreetMap"
      },
      "geometry": {
        "type": "LineString",
        "coordinates": [
          [
            -79.1872758,
            43.7840477
          ],
          [
            -79.1872628,
            43.7840394
          ],
          [
            -79.1872245,
            43.784022
          ]
        ]
      }
    },
    {
      "type": "Feature",
      "id": "osm-way-569803359",
      "properties": {
        "osmWayId": 569803359,
        "highway": "footway",
        "surface": null,
        "wheelchair": null,
        "foot": null,
        "verificationStatus": "inferred",
        "source": "OpenStreetMap"
      },
      "geometry": {
        "type": "LineString",
        "coordinates": [
          [
            -79.1873964,
            43.7841347
          ],
          [
            -79.1874773,
            43.7841677
          ]
        ]
      }
    },
    {
      "type": "Feature",
      "id": "osm-way-569803360",
      "properties": {
        "osmWayId": 569803360,
        "highway": "footway",
        "surface": "concrete",
        "wheelchair": null,
        "foot": null,
        "verificationStatus": "inferred",
        "source": "OpenStreetMap"
      },
      "geometry": {
        "type": "LineString",
        "coordinates": [
          [
            -79.1870383,
            43.7844171
          ],
          [
            -79.1871392,
            43.7844136
          ]
        ]
      }
    },
    {
      "type": "Feature",
      "id": "osm-way-569803361",
      "properties": {
        "osmWayId": 569803361,
        "highway": "footway",
        "surface": "concrete",
        "wheelchair": null,
        "foot": null,
        "verificationStatus": "inferred",
        "source": "OpenStreetMap"
      },
      "geometry": {
        "type": "LineString",
        "coordinates": [
          [
            -79.1870102,
            43.7845557
          ],
          [
            -79.1869842,
            43.7844729
          ]
        ]
      }
    },
    {
      "type": "Feature",
      "id": "osm-way-585267287",
      "properties": {
        "osmWayId": 585267287,
        "highway": "footway",
        "surface": "asphalt",
        "wheelchair": null,
        "foot": null,
        "verificationStatus": "inferred",
        "source": "OpenStreetMap"
      },
      "geometry": {
        "type": "LineString",
        "coordinates": [
          [
            -79.1878827,
            43.7865113
          ],
          [
            -79.1879257,
            43.7865276
          ],
          [
            -79.1879618,
            43.7865413
          ]
        ]
      }
    },
    {
      "type": "Feature",
      "id": "osm-way-585267288",
      "properties": {
        "osmWayId": 585267288,
        "highway": "footway",
        "surface": "concrete",
        "wheelchair": null,
        "foot": null,
        "verificationStatus": "inferred",
        "source": "OpenStreetMap"
      },
      "geometry": {
        "type": "LineString",
        "coordinates": [
          [
            -79.1879618,
            43.7865413
          ],
          [
            -79.1880226,
            43.7865495
          ],
          [
            -79.188054,
            43.7865646
          ]
        ]
      }
    },
    {
      "type": "Feature",
      "id": "osm-way-585267289",
      "properties": {
        "osmWayId": 585267289,
        "highway": "footway",
        "surface": "asphalt",
        "wheelchair": null,
        "foot": null,
        "verificationStatus": "inferred",
        "source": "OpenStreetMap"
      },
      "geometry": {
        "type": "LineString",
        "coordinates": [
          [
            -79.188054,
            43.7865646
          ],
          [
            -79.1881426,
            43.7866094
          ],
          [
            -79.1882723,
            43.7866749
          ]
        ]
      }
    },
    {
      "type": "Feature",
      "id": "osm-way-585267290",
      "properties": {
        "osmWayId": 585267290,
        "highway": "footway",
        "surface": "asphalt",
        "wheelchair": null,
        "foot": null,
        "verificationStatus": "inferred",
        "source": "OpenStreetMap"
      },
      "geometry": {
        "type": "LineString",
        "coordinates": [
          [
            -79.1882406,
            43.7864993
          ],
          [
            -79.1881602,
            43.7865184
          ],
          [
            -79.1880226,
            43.7865495
          ]
        ]
      }
    },
    {
      "type": "Feature",
      "id": "osm-way-585267291",
      "properties": {
        "osmWayId": 585267291,
        "highway": "footway",
        "surface": "concrete",
        "wheelchair": null,
        "foot": null,
        "verificationStatus": "inferred",
        "source": "OpenStreetMap"
      },
      "geometry": {
        "type": "LineString",
        "coordinates": [
          [
            -79.2047734,
            43.7825501
          ],
          [
            -79.2047267,
            43.7825828
          ],
          [
            -79.2039175,
            43.7827577
          ],
          [
            -79.2027349,
            43.7830558
          ],
          [
            -79.1984023,
            43.7840641
          ],
          [
            -79.1955034,
            43.7847345
          ],
          [
            -79.1936168,
            43.7851841
          ],
          [
            -79.1935408,
            43.7851885
          ],
          [
            -79.1934827,
            43.785173
          ],
          [
            -79.1934278,
            43.7851538
          ],
          [
            -79.1933759,
            43.7850849
          ],
          [
            -79.1917169,
            43.781182
          ],
          [
            -79.1916525,
            43.7811077
          ]
        ]
      }
    },
    {
      "type": "Feature",
      "id": "osm-way-585267294",
      "properties": {
        "osmWayId": 585267294,
        "highway": "footway",
        "surface": "concrete:plates",
        "wheelchair": null,
        "foot": null,
        "verificationStatus": "inferred",
        "source": "OpenStreetMap"
      },
      "geometry": {
        "type": "LineString",
        "coordinates": [
          [
            -79.1882723,
            43.7866749
          ],
          [
            -79.1882901,
            43.7866864
          ],
          [
            -79.1883418,
            43.7867219
          ],
          [
            -79.1889586,
            43.7870303
          ],
          [
            -79.1895617,
            43.7873509
          ],
          [
            -79.1897319,
            43.7874777
          ],
          [
            -79.1897752,
            43.7875007
          ],
          [
            -79.1901,
            43.7876726
          ],
          [
            -79.1902776,
            43.7877666
          ],
          [
            -79.1904349,
            43.787851
          ]
        ]
      }
    },
    {
      "type": "Feature",
      "id": "osm-way-585267297",
      "properties": {
        "osmWayId": 585267297,
        "highway": "footway",
        "surface": "concrete:plates",
        "wheelchair": null,
        "foot": null,
        "verificationStatus": "inferred",
        "source": "OpenStreetMap"
      },
      "geometry": {
        "type": "LineString",
        "coordinates": [
          [
            -79.1883336,
            43.7864831
          ],
          [
            -79.1883648,
            43.7864956
          ]
        ]
      }
    },
    {
      "type": "Feature",
      "id": "osm-way-585267299",
      "properties": {
        "osmWayId": 585267299,
        "highway": "footway",
        "surface": "concrete:plates",
        "wheelchair": null,
        "foot": null,
        "verificationStatus": "inferred",
        "source": "OpenStreetMap"
      },
      "geometry": {
        "type": "LineString",
        "coordinates": [
          [
            -79.1885519,
            43.7866127
          ],
          [
            -79.1885721,
            43.7866291
          ]
        ]
      }
    },
    {
      "type": "Feature",
      "id": "osm-way-585267301",
      "properties": {
        "osmWayId": 585267301,
        "highway": "footway",
        "surface": "concrete:plates",
        "wheelchair": null,
        "foot": null,
        "verificationStatus": "inferred",
        "source": "OpenStreetMap"
      },
      "geometry": {
        "type": "LineString",
        "coordinates": [
          [
            -79.1885375,
            43.786635
          ],
          [
            -79.1885721,
            43.7866291
          ],
          [
            -79.1886454,
            43.7866621
          ]
        ]
      }
    },
    {
      "type": "Feature",
      "id": "osm-way-585267303",
      "properties": {
        "osmWayId": 585267303,
        "highway": "footway",
        "surface": "asphalt",
        "wheelchair": null,
        "foot": null,
        "verificationStatus": "inferred",
        "source": "OpenStreetMap"
      },
      "geometry": {
        "type": "LineString",
        "coordinates": [
          [
            -79.1883125,
            43.7866822
          ],
          [
            -79.1884286,
            43.7866578
          ],
          [
            -79.1885375,
            43.786635
          ]
        ]
      }
    },
    {
      "type": "Feature",
      "id": "osm-way-585267304",
      "properties": {
        "osmWayId": 585267304,
        "highway": "footway",
        "surface": "asphalt",
        "wheelchair": null,
        "foot": null,
        "verificationStatus": "inferred",
        "source": "OpenStreetMap"
      },
      "geometry": {
        "type": "LineString",
        "coordinates": [
          [
            -79.188732,
            43.786677
          ],
          [
            -79.1886829,
            43.7866685
          ],
          [
            -79.1886454,
            43.7866621
          ]
        ]
      }
    },
    {
      "type": "Feature",
      "id": "osm-way-585267306",
      "properties": {
        "osmWayId": 585267306,
        "highway": "footway",
        "surface": "concrete:plates",
        "wheelchair": null,
        "foot": null,
        "verificationStatus": "inferred",
        "source": "OpenStreetMap"
      },
      "geometry": {
        "type": "LineString",
        "coordinates": [
          [
            -79.1887335,
            43.7866601
          ],
          [
            -79.1887785,
            43.7866638
          ],
          [
            -79.1888878,
            43.786627
          ],
          [
            -79.1890398,
            43.7865886
          ]
        ]
      }
    },
    {
      "type": "Feature",
      "id": "osm-way-585267307",
      "properties": {
        "osmWayId": 585267307,
        "highway": "footway",
        "surface": "concrete:plates",
        "wheelchair": null,
        "foot": null,
        "verificationStatus": "inferred",
        "source": "OpenStreetMap"
      },
      "geometry": {
        "type": "LineString",
        "coordinates": [
          [
            -79.188732,
            43.786677
          ],
          [
            -79.1887335,
            43.7866601
          ],
          [
            -79.1887477,
            43.7866113
          ],
          [
            -79.1887618,
            43.7865963
          ],
          [
            -79.1887899,
            43.7865721
          ],
          [
            -79.1890245,
            43.7865097
          ]
        ]
      }
    },
    {
      "type": "Feature",
      "id": "osm-way-585267309",
      "properties": {
        "osmWayId": 585267309,
        "highway": "footway",
        "surface": "asphalt",
        "wheelchair": null,
        "foot": null,
        "verificationStatus": "inferred",
        "source": "OpenStreetMap"
      },
      "geometry": {
        "type": "LineString",
        "coordinates": [
          [
            -79.1883648,
            43.7864956
          ],
          [
            -79.1884315,
            43.7865373
          ],
          [
            -79.1885519,
            43.7866127
          ]
        ]
      }
    },
    {
      "type": "Feature",
      "id": "osm-way-585271444",
      "properties": {
        "osmWayId": 585271444,
        "highway": "footway",
        "surface": null,
        "wheelchair": null,
        "foot": null,
        "verificationStatus": "inferred",
        "source": "OpenStreetMap"
      },
      "geometry": {
        "type": "LineString",
        "coordinates": [
          [
            -79.1735691,
            43.7902336
          ],
          [
            -79.1735629,
            43.7901813
          ]
        ]
      }
    },
    {
      "type": "Feature",
      "id": "osm-way-585271445",
      "properties": {
        "osmWayId": 585271445,
        "highway": "footway",
        "surface": null,
        "wheelchair": null,
        "foot": null,
        "verificationStatus": "inferred",
        "source": "OpenStreetMap"
      },
      "geometry": {
        "type": "LineString",
        "coordinates": [
          [
            -79.1732526,
            43.7902731
          ],
          [
            -79.1732164,
            43.7901804
          ],
          [
            -79.1731902,
            43.7901132
          ],
          [
            -79.1731629,
            43.7900432
          ]
        ]
      }
    },
    {
      "type": "Feature",
      "id": "osm-way-585271446",
      "properties": {
        "osmWayId": 585271446,
        "highway": "footway",
        "surface": null,
        "wheelchair": null,
        "foot": null,
        "verificationStatus": "inferred",
        "source": "OpenStreetMap"
      },
      "geometry": {
        "type": "LineString",
        "coordinates": [
          [
            -79.1735629,
            43.7901813
          ],
          [
            -79.1735297,
            43.7901041
          ],
          [
            -79.1735016,
            43.7900388
          ],
          [
            -79.1734738,
            43.7899741
          ]
        ]
      }
    },
    {
      "type": "Feature",
      "id": "osm-way-585271447",
      "properties": {
        "osmWayId": 585271447,
        "highway": "footway",
        "surface": "concrete",
        "wheelchair": null,
        "foot": null,
        "verificationStatus": "inferred",
        "source": "OpenStreetMap"
      },
      "geometry": {
        "type": "LineString",
        "coordinates": [
          [
            -79.1701566,
            43.7908008
          ],
          [
            -79.1684447,
            43.7911978
          ],
          [
            -79.1683629,
            43.7911659
          ],
          [
            -79.1675365,
            43.7913725
          ],
          [
            -79.166071,
            43.7917351
          ],
          [
            -79.1645646,
            43.7920701
          ],
          [
            -79.1638056,
            43.7922834
          ],
          [
            -79.1637075,
            43.7923092
          ]
        ]
      }
    },
    {
      "type": "Feature",
      "id": "osm-way-585443533",
      "properties": {
        "osmWayId": 585443533,
        "highway": "footway",
        "surface": "asphalt",
        "wheelchair": null,
        "foot": null,
        "verificationStatus": "inferred",
        "source": "OpenStreetMap"
      },
      "geometry": {
        "type": "LineString",
        "coordinates": [
          [
            -79.1934278,
            43.7851538
          ],
          [
            -79.1932852,
            43.7851859
          ],
          [
            -79.1931327,
            43.785221
          ]
        ]
      }
    },
    {
      "type": "Feature",
      "id": "osm-way-585443534",
      "properties": {
        "osmWayId": 585443534,
        "highway": "footway",
        "surface": "concrete",
        "wheelchair": null,
        "foot": null,
        "verificationStatus": "inferred",
        "source": "OpenStreetMap"
      },
      "geometry": {
        "type": "LineString",
        "coordinates": [
          [
            -79.1931327,
            43.785221
          ],
          [
            -79.1930956,
            43.7852448
          ],
          [
            -79.1930819,
            43.7852694
          ],
          [
            -79.1930665,
            43.7852858
          ],
          [
            -79.1930303,
            43.7852996
          ],
          [
            -79.1921176,
            43.7855386
          ],
          [
            -79.1909201,
            43.7858483
          ],
          [
            -79.1904589,
            43.7859644
          ],
          [
            -79.1899892,
            43.7860865
          ],
          [
            -79.1892627,
            43.7862736
          ],
          [
            -79.1891269,
            43.7862969
          ],
          [
            -79.189033,
            43.7863182
          ],
          [
            -79.1888991,
            43.7863527
          ],
          [
            -79.1884677,
            43.7864635
          ],
          [
            -79.1884191,
            43.7864748
          ],
          [
            -79.1883336,
            43.7864831
          ]
        ]
      }
    },
    {
      "type": "Feature",
      "id": "osm-way-591408519",
      "properties": {
        "osmWayId": 591408519,
        "highway": "footway",
        "surface": null,
        "wheelchair": null,
        "foot": null,
        "verificationStatus": "inferred",
        "source": "OpenStreetMap"
      },
      "geometry": {
        "type": "LineString",
        "coordinates": [
          [
            -79.1853988,
            43.7840225
          ],
          [
            -79.185213,
            43.7841139
          ],
          [
            -79.1850231,
            43.7843173
          ],
          [
            -79.1848076,
            43.7845481
          ]
        ]
      }
    },
    {
      "type": "Feature",
      "id": "osm-way-591408520",
      "properties": {
        "osmWayId": 591408520,
        "highway": "footway",
        "surface": null,
        "wheelchair": null,
        "foot": null,
        "verificationStatus": "inferred",
        "source": "OpenStreetMap"
      },
      "geometry": {
        "type": "LineString",
        "coordinates": [
          [
            -79.1849482,
            43.7842819
          ],
          [
            -79.1850231,
            43.7843173
          ]
        ]
      }
    },
    {
      "type": "Feature",
      "id": "osm-way-609340997",
      "properties": {
        "osmWayId": 609340997,
        "highway": "footway",
        "surface": null,
        "wheelchair": null,
        "foot": null,
        "verificationStatus": "inferred",
        "source": "OpenStreetMap"
      },
      "geometry": {
        "type": "LineString",
        "coordinates": [
          [
            -79.1900114,
            43.7873623
          ],
          [
            -79.1900593,
            43.787318
          ],
          [
            -79.1902115,
            43.7871616
          ],
          [
            -79.1904739,
            43.7869144
          ]
        ]
      }
    },
    {
      "type": "Feature",
      "id": "osm-way-609340998",
      "properties": {
        "osmWayId": 609340998,
        "highway": "footway",
        "surface": null,
        "wheelchair": null,
        "foot": null,
        "verificationStatus": "inferred",
        "source": "OpenStreetMap"
      },
      "geometry": {
        "type": "LineString",
        "coordinates": [
          [
            -79.1903234,
            43.7872212
          ],
          [
            -79.1902115,
            43.7871616
          ],
          [
            -79.1900413,
            43.7870789
          ],
          [
            -79.1903002,
            43.7868236
          ],
          [
            -79.1903134,
            43.7868107
          ]
        ]
      }
    },
    {
      "type": "Feature",
      "id": "osm-way-609340999",
      "properties": {
        "osmWayId": 609340999,
        "highway": "footway",
        "surface": null,
        "wheelchair": null,
        "foot": null,
        "verificationStatus": "inferred",
        "source": "OpenStreetMap"
      },
      "geometry": {
        "type": "LineString",
        "coordinates": [
          [
            -79.1900918,
            43.7866941
          ],
          [
            -79.1903134,
            43.7868107
          ]
        ]
      }
    },
    {
      "type": "Feature",
      "id": "osm-way-609341000",
      "properties": {
        "osmWayId": 609341000,
        "highway": "footway",
        "surface": "concrete:plates",
        "wheelchair": null,
        "foot": null,
        "verificationStatus": "inferred",
        "source": "OpenStreetMap"
      },
      "geometry": {
        "type": "LineString",
        "coordinates": [
          [
            -79.1910712,
            43.7872172
          ],
          [
            -79.1910136,
            43.7871906
          ],
          [
            -79.1907344,
            43.7870443
          ],
          [
            -79.1905087,
            43.7869318
          ],
          [
            -79.1904739,
            43.7869144
          ],
          [
            -79.1903002,
            43.7868236
          ]
        ]
      }
    },
    {
      "type": "Feature",
      "id": "osm-way-609341354",
      "properties": {
        "osmWayId": 609341354,
        "highway": "footway",
        "surface": "concrete:plates",
        "wheelchair": null,
        "foot": null,
        "verificationStatus": "inferred",
        "source": "OpenStreetMap"
      },
      "geometry": {
        "type": "LineString",
        "coordinates": [
          [
            -79.1909419,
            43.786267
          ],
          [
            -79.190955,
            43.7863648
          ],
          [
            -79.1909669,
            43.7864533
          ],
          [
            -79.1909564,
            43.7864853
          ],
          [
            -79.1907436,
            43.7866977
          ],
          [
            -79.1905611,
            43.7868799
          ],
          [
            -79.1905087,
            43.7869318
          ]
        ]
      }
    },
    {
      "type": "Feature",
      "id": "osm-way-609341355",
      "properties": {
        "osmWayId": 609341355,
        "highway": "footway",
        "surface": "concrete:plates",
        "wheelchair": null,
        "foot": null,
        "verificationStatus": "inferred",
        "source": "OpenStreetMap"
      },
      "geometry": {
        "type": "LineString",
        "coordinates": [
          [
            -79.1907344,
            43.7870443
          ],
          [
            -79.1907824,
            43.7869952
          ],
          [
            -79.1907624,
            43.7869848
          ],
          [
            -79.1905611,
            43.7868799
          ]
        ]
      }
    },
    {
      "type": "Feature",
      "id": "osm-way-609341358",
      "properties": {
        "osmWayId": 609341358,
        "highway": "footway",
        "surface": "concrete:plates",
        "wheelchair": null,
        "foot": null,
        "verificationStatus": "inferred",
        "source": "OpenStreetMap"
      },
      "geometry": {
        "type": "LineString",
        "coordinates": [
          [
            -79.1918322,
            43.7867362
          ],
          [
            -79.1918847,
            43.7866956
          ]
        ]
      }
    },
    {
      "type": "Feature",
      "id": "osm-way-609341654",
      "properties": {
        "osmWayId": 609341654,
        "highway": "footway",
        "surface": null,
        "wheelchair": null,
        "foot": null,
        "verificationStatus": "inferred",
        "source": "OpenStreetMap"
      },
      "geometry": {
        "type": "LineString",
        "coordinates": [
          [
            -79.1900341,
            43.7877315
          ],
          [
            -79.1901,
            43.7876726
          ]
        ]
      }
    },
    {
      "type": "Feature",
      "id": "osm-way-609341655",
      "properties": {
        "osmWayId": 609341655,
        "highway": "footway",
        "surface": "concrete:plates",
        "wheelchair": null,
        "foot": null,
        "verificationStatus": "inferred",
        "source": "OpenStreetMap"
      },
      "geometry": {
        "type": "LineString",
        "coordinates": [
          [
            -79.1906023,
            43.7876899
          ],
          [
            -79.1905256,
            43.7877637
          ],
          [
            -79.1904623,
            43.7878247
          ]
        ]
      }
    },
    {
      "type": "Feature",
      "id": "osm-way-609341656",
      "properties": {
        "osmWayId": 609341656,
        "highway": "footway",
        "surface": "concrete:plates",
        "wheelchair": null,
        "foot": null,
        "verificationStatus": "inferred",
        "source": "OpenStreetMap"
      },
      "geometry": {
        "type": "LineString",
        "coordinates": [
          [
            -79.1910136,
            43.7871906
          ],
          [
            -79.1907882,
            43.7874215
          ],
          [
            -79.1906029,
            43.7876164
          ],
          [
            -79.1900593,
            43.787318
          ]
        ]
      }
    },
    {
      "type": "Feature",
      "id": "osm-way-609341657",
      "properties": {
        "osmWayId": 609341657,
        "highway": "steps",
        "surface": "concrete:plates",
        "wheelchair": null,
        "foot": null,
        "verificationStatus": "inferred",
        "source": "OpenStreetMap"
      },
      "geometry": {
        "type": "LineString",
        "coordinates": [
          [
            -79.1906029,
            43.7876164
          ],
          [
            -79.1905398,
            43.7876384
          ]
        ]
      }
    },
    {
      "type": "Feature",
      "id": "osm-way-609341658",
      "properties": {
        "osmWayId": 609341658,
        "highway": "steps",
        "surface": "concrete:plates",
        "wheelchair": null,
        "foot": null,
        "verificationStatus": "inferred",
        "source": "OpenStreetMap"
      },
      "geometry": {
        "type": "LineString",
        "coordinates": [
          [
            -79.1907882,
            43.7874215
          ],
          [
            -79.1908428,
            43.7874464
          ]
        ]
      }
    },
    {
      "type": "Feature",
      "id": "osm-way-618092059",
      "properties": {
        "osmWayId": 618092059,
        "highway": "path",
        "surface": null,
        "wheelchair": null,
        "foot": null,
        "verificationStatus": "inferred",
        "source": "OpenStreetMap"
      },
      "geometry": {
        "type": "LineString",
        "coordinates": [
          [
            -79.1730294,
            43.7977756
          ],
          [
            -79.172752,
            43.7979835
          ],
          [
            -79.1727261,
            43.798013
          ],
          [
            -79.1727047,
            43.7980479
          ],
          [
            -79.1726939,
            43.7980817
          ],
          [
            -79.1726992,
            43.7981184
          ],
          [
            -79.1727182,
            43.7981467
          ],
          [
            -79.172793,
            43.7982287
          ],
          [
            -79.1728109,
            43.798252
          ],
          [
            -79.1728249,
            43.7982754
          ],
          [
            -79.172975,
            43.7985666
          ],
          [
            -79.1729816,
            43.7985985
          ],
          [
            -79.1729793,
            43.7986304
          ],
          [
            -79.172964,
            43.7986638
          ],
          [
            -79.172937,
            43.7986935
          ],
          [
            -79.172733,
            43.7988617
          ],
          [
            -79.1727087,
            43.7988789
          ],
          [
            -79.1726835,
            43.798893
          ],
          [
            -79.1726578,
            43.7989041
          ]
        ]
      }
    },
    {
      "type": "Feature",
      "id": "osm-way-638090172",
      "properties": {
        "osmWayId": 638090172,
        "highway": "path",
        "surface": "concrete",
        "wheelchair": null,
        "foot": null,
        "verificationStatus": "inferred",
        "source": "OpenStreetMap"
      },
      "geometry": {
        "type": "LineString",
        "coordinates": [
          [
            -79.2018127,
            43.7770723
          ],
          [
            -79.2016831,
            43.7771119
          ]
        ]
      }
    },
    {
      "type": "Feature",
      "id": "osm-way-638090176",
      "properties": {
        "osmWayId": 638090176,
        "highway": "path",
        "surface": "concrete",
        "wheelchair": null,
        "foot": null,
        "verificationStatus": "inferred",
        "source": "OpenStreetMap"
      },
      "geometry": {
        "type": "LineString",
        "coordinates": [
          [
            -79.2020048,
            43.7773701
          ],
          [
            -79.2019305,
            43.7774207
          ],
          [
            -79.2019104,
            43.7774331
          ],
          [
            -79.2018939,
            43.7774414
          ],
          [
            -79.2018296,
            43.7774669
          ],
          [
            -79.2017781,
            43.7774875
          ],
          [
            -79.2017547,
            43.7774983
          ],
          [
            -79.2017366,
            43.777508
          ],
          [
            -79.2017281,
            43.7775135
          ],
          [
            -79.2017197,
            43.7775197
          ],
          [
            -79.2017141,
            43.7775251
          ],
          [
            -79.2017107,
            43.7775303
          ],
          [
            -79.2017051,
            43.7775417
          ],
          [
            -79.2017022,
            43.7775511
          ]
        ]
      }
    },
    {
      "type": "Feature",
      "id": "osm-way-638090179",
      "properties": {
        "osmWayId": 638090179,
        "highway": "path",
        "surface": "unpaved",
        "wheelchair": null,
        "foot": null,
        "verificationStatus": "inferred",
        "source": "OpenStreetMap"
      },
      "geometry": {
        "type": "LineString",
        "coordinates": [
          [
            -79.2018864,
            43.77783
          ],
          [
            -79.2018156,
            43.7777627
          ],
          [
            -79.2018068,
            43.7777236
          ],
          [
            -79.2017937,
            43.7776972
          ],
          [
            -79.2017678,
            43.7776856
          ]
        ]
      }
    },
    {
      "type": "Feature",
      "id": "osm-way-660211742",
      "properties": {
        "osmWayId": 660211742,
        "highway": "path",
        "surface": null,
        "wheelchair": null,
        "foot": null,
        "verificationStatus": "inferred",
        "source": "OpenStreetMap"
      },
      "geometry": {
        "type": "LineString",
        "coordinates": [
          [
            -79.2033736,
            43.7786686
          ],
          [
            -79.2033581,
            43.7786398
          ],
          [
            -79.2033594,
            43.7786094
          ],
          [
            -79.2033867,
            43.7785602
          ],
          [
            -79.2034566,
            43.7784634
          ],
          [
            -79.2035207,
            43.7783702
          ],
          [
            -79.2035848,
            43.7782788
          ],
          [
            -79.2035901,
            43.778248
          ],
          [
            -79.2035671,
            43.7782207
          ],
          [
            -79.2034397,
            43.7781849
          ],
          [
            -79.2033991,
            43.7781278
          ],
          [
            -79.2033701,
            43.7780355
          ],
          [
            -79.2032984,
            43.7779655
          ],
          [
            -79.2032278,
            43.7779054
          ],
          [
            -79.2031856,
            43.7778708
          ],
          [
            -79.2031447,
            43.7778359
          ],
          [
            -79.203034,
            43.7778072
          ],
          [
            -79.2028654,
            43.7778473
          ],
          [
            -79.2027735,
            43.7778488
          ],
          [
            -79.202691,
            43.777823
          ],
          [
            -79.202479,
            43.7776868
          ]
        ]
      }
    },
    {
      "type": "Feature",
      "id": "osm-way-660211747",
      "properties": {
        "osmWayId": 660211747,
        "highway": "footway",
        "surface": "asphalt",
        "wheelchair": null,
        "foot": null,
        "verificationStatus": "inferred",
        "source": "OpenStreetMap"
      },
      "geometry": {
        "type": "LineString",
        "coordinates": [
          [
            -79.2047151,
            43.7845867
          ],
          [
            -79.2047645,
            43.7846434
          ],
          [
            -79.2047633,
            43.7846949
          ]
        ]
      }
    },
    {
      "type": "Feature",
      "id": "osm-way-660307237",
      "properties": {
        "osmWayId": 660307237,
        "highway": "footway",
        "surface": "concrete:plates",
        "wheelchair": null,
        "foot": null,
        "verificationStatus": "inferred",
        "source": "OpenStreetMap"
      },
      "geometry": {
        "type": "LineString",
        "coordinates": [
          [
            -79.1945761,
            43.7873937
          ],
          [
            -79.1945654,
            43.7873597
          ],
          [
            -79.194665,
            43.7873385
          ],
          [
            -79.1947652,
            43.7873171
          ]
        ]
      }
    },
    {
      "type": "Feature",
      "id": "osm-way-705641191",
      "properties": {
        "osmWayId": 705641191,
        "highway": "footway",
        "surface": null,
        "wheelchair": null,
        "foot": null,
        "verificationStatus": "inferred",
        "source": "OpenStreetMap"
      },
      "geometry": {
        "type": "LineString",
        "coordinates": [
          [
            -79.1730252,
            43.7754465
          ],
          [
            -79.1730254,
            43.7754567
          ],
          [
            -79.1730276,
            43.7754642
          ],
          [
            -79.1730346,
            43.7754748
          ],
          [
            -79.1730529,
            43.7754913
          ],
          [
            -79.1730642,
            43.7755051
          ],
          [
            -79.1730883,
            43.7755219
          ]
        ]
      }
    },
    {
      "type": "Feature",
      "id": "osm-way-712180766",
      "properties": {
        "osmWayId": 712180766,
        "highway": "path",
        "surface": "asphalt",
        "wheelchair": null,
        "foot": null,
        "verificationStatus": "inferred",
        "source": "OpenStreetMap"
      },
      "geometry": {
        "type": "LineString",
        "coordinates": [
          [
            -79.1674495,
            43.7892331
          ],
          [
            -79.1674073,
            43.7892877
          ],
          [
            -79.167386,
            43.7894989
          ],
          [
            -79.1673806,
            43.7895534
          ],
          [
            -79.1673755,
            43.7896036
          ],
          [
            -79.1673763,
            43.7896538
          ],
          [
            -79.1673763,
            43.7897002
          ],
          [
            -79.167376,
            43.7897668
          ],
          [
            -79.1673708,
            43.7898369
          ],
          [
            -79.1673554,
            43.7899224
          ]
        ]
      }
    },
    {
      "type": "Feature",
      "id": "osm-way-860194817",
      "properties": {
        "osmWayId": 860194817,
        "highway": "footway",
        "surface": null,
        "wheelchair": null,
        "foot": null,
        "verificationStatus": "inferred",
        "source": "OpenStreetMap"
      },
      "geometry": {
        "type": "LineString",
        "coordinates": [
          [
            -79.1941014,
            43.779106
          ],
          [
            -79.1941684,
            43.7790934
          ],
          [
            -79.1942368,
            43.7791051
          ],
          [
            -79.194269,
            43.7791418
          ],
          [
            -79.1942905,
            43.7792145
          ],
          [
            -79.1942771,
            43.7792406
          ],
          [
            -79.1942556,
            43.7792629
          ],
          [
            -79.1942596,
            43.7792726
          ],
          [
            -79.1942047,
            43.779305
          ],
          [
            -79.1942456,
            43.7793331
          ],
          [
            -79.1942804,
            43.7793399
          ],
          [
            -79.1943079,
            43.7793462
          ],
          [
            -79.1943421,
            43.7793636
          ],
          [
            -79.1943629,
            43.779383
          ],
          [
            -79.1943971,
            43.7794033
          ],
          [
            -79.1944387,
            43.7794193
          ],
          [
            -79.1944896,
            43.7794309
          ],
          [
            -79.1945601,
            43.779444
          ],
          [
            -79.1947143,
            43.7794647
          ],
          [
            -79.1948801,
            43.7794775
          ]
        ]
      }
    },
    {
      "type": "Feature",
      "id": "osm-way-860909140",
      "properties": {
        "osmWayId": 860909140,
        "highway": "footway",
        "surface": null,
        "wheelchair": null,
        "foot": null,
        "verificationStatus": "inferred",
        "source": "OpenStreetMap"
      },
      "geometry": {
        "type": "LineString",
        "coordinates": [
          [
            -79.1830887,
            43.7880276
          ],
          [
            -79.1830514,
            43.7880354
          ],
          [
            -79.1823902,
            43.7881891
          ],
          [
            -79.1823601,
            43.7882439
          ],
          [
            -79.1815462,
            43.7884296
          ],
          [
            -79.1808399,
            43.7885831
          ],
          [
            -79.1807272,
            43.788605
          ],
          [
            -79.1806342,
            43.7886273
          ],
          [
            -79.180024,
            43.7887734
          ],
          [
            -79.1787148,
            43.7890694
          ],
          [
            -79.1785443,
            43.7891089
          ],
          [
            -79.1779454,
            43.7892497
          ],
          [
            -79.1778994,
            43.7892603
          ]
        ]
      }
    },
    {
      "type": "Feature",
      "id": "osm-way-860913553",
      "properties": {
        "osmWayId": 860913553,
        "highway": "path",
        "surface": "asphalt",
        "wheelchair": null,
        "foot": null,
        "verificationStatus": "inferred",
        "source": "OpenStreetMap"
      },
      "geometry": {
        "type": "LineString",
        "coordinates": [
          [
            -79.1834059,
            43.7879584
          ],
          [
            -79.1833782,
            43.7880253
          ],
          [
            -79.1833835,
            43.7881137
          ]
        ]
      }
    },
    {
      "type": "Feature",
      "id": "osm-way-861069844",
      "properties": {
        "osmWayId": 861069844,
        "highway": "footway",
        "surface": null,
        "wheelchair": null,
        "foot": "yes",
        "verificationStatus": "inferred",
        "source": "OpenStreetMap"
      },
      "geometry": {
        "type": "LineString",
        "coordinates": [
          [
            -79.1913666,
            43.7804102
          ],
          [
            -79.1912719,
            43.7804284
          ],
          [
            -79.1911714,
            43.7804477
          ]
        ]
      }
    },
    {
      "type": "Feature",
      "id": "osm-way-861069845",
      "properties": {
        "osmWayId": 861069845,
        "highway": "footway",
        "surface": null,
        "wheelchair": null,
        "foot": null,
        "verificationStatus": "inferred",
        "source": "OpenStreetMap"
      },
      "geometry": {
        "type": "LineString",
        "coordinates": [
          [
            -79.1912843,
            43.7802265
          ],
          [
            -79.1911965,
            43.7802458
          ],
          [
            -79.1910974,
            43.7802676
          ]
        ]
      }
    },
    {
      "type": "Feature",
      "id": "osm-way-861069846",
      "properties": {
        "osmWayId": 861069846,
        "highway": "footway",
        "surface": "concrete",
        "wheelchair": null,
        "foot": null,
        "verificationStatus": "inferred",
        "source": "OpenStreetMap"
      },
      "geometry": {
        "type": "LineString",
        "coordinates": [
          [
            -79.1930956,
            43.7852448
          ],
          [
            -79.1931047,
            43.785215
          ],
          [
            -79.193056,
            43.7850796
          ],
          [
            -79.192994,
            43.7848685
          ],
          [
            -79.1929529,
            43.7847611
          ],
          [
            -79.192886,
            43.784592
          ],
          [
            -79.1927736,
            43.7843121
          ],
          [
            -79.1927219,
            43.7841676
          ],
          [
            -79.1926362,
            43.7839687
          ],
          [
            -79.1924566,
            43.7835471
          ],
          [
            -79.1924645,
            43.7835175
          ],
          [
            -79.1923209,
            43.7831957
          ],
          [
            -79.1922134,
            43.7829479
          ],
          [
            -79.1911827,
            43.78053
          ],
          [
            -79.1911836,
            43.7805087
          ],
          [
            -79.191158,
            43.7804503
          ],
          [
            -79.1910794,
            43.7802715
          ],
          [
            -79.1910747,
            43.7802634
          ],
          [
            -79.1910666,
            43.7802452
          ],
          [
            -79.1910489,
            43.7802047
          ],
          [
            -79.1907527,
            43.7794933
          ],
          [
            -79.1906685,
            43.7793256
          ]
        ]
      }
    },
    {
      "type": "Feature",
      "id": "osm-way-861069847",
      "properties": {
        "osmWayId": 861069847,
        "highway": "footway",
        "surface": "concrete",
        "wheelchair": null,
        "foot": null,
        "verificationStatus": "inferred",
        "source": "OpenStreetMap"
      },
      "geometry": {
        "type": "LineString",
        "coordinates": [
          [
            -79.1916525,
            43.7811077
          ],
          [
            -79.1914382,
            43.7806279
          ],
          [
            -79.1914267,
            43.7805807
          ],
          [
            -79.1913741,
            43.7804341
          ],
          [
            -79.1913787,
            43.7804233
          ],
          [
            -79.1913833,
            43.7804156
          ],
          [
            -79.1913666,
            43.7804102
          ]
        ]
      }
    },
    {
      "type": "Feature",
      "id": "osm-way-878028687",
      "properties": {
        "osmWayId": 878028687,
        "highway": "footway",
        "surface": "concrete",
        "wheelchair": null,
        "foot": null,
        "verificationStatus": "inferred",
        "source": "OpenStreetMap"
      },
      "geometry": {
        "type": "LineString",
        "coordinates": [
          [
            -79.1732526,
            43.7902731
          ],
          [
            -79.1732197,
            43.7902622
          ],
          [
            -79.1731768,
            43.7902602
          ],
          [
            -79.1719524,
            43.7905381
          ],
          [
            -79.1718572,
            43.7906315
          ],
          [
            -79.1701241,
            43.7910628
          ],
          [
            -79.1700801,
            43.7910737
          ]
        ]
      }
    },
    {
      "type": "Feature",
      "id": "osm-way-905849308",
      "properties": {
        "osmWayId": 905849308,
        "highway": "footway",
        "surface": null,
        "wheelchair": null,
        "foot": null,
        "verificationStatus": "inferred",
        "source": "OpenStreetMap"
      },
      "geometry": {
        "type": "LineString",
        "coordinates": [
          [
            -79.170117,
            43.7812632
          ],
          [
            -79.1701245,
            43.7812585
          ],
          [
            -79.1701118,
            43.7811848
          ],
          [
            -79.1701427,
            43.7811225
          ],
          [
            -79.1702516,
            43.7809418
          ],
          [
            -79.170331,
            43.780812
          ],
          [
            -79.170389,
            43.7807228
          ],
          [
            -79.1704079,
            43.7806911
          ]
        ]
      }
    },
    {
      "type": "Feature",
      "id": "osm-way-905849309",
      "properties": {
        "osmWayId": 905849309,
        "highway": "footway",
        "surface": null,
        "wheelchair": null,
        "foot": null,
        "verificationStatus": "inferred",
        "source": "OpenStreetMap"
      },
      "geometry": {
        "type": "LineString",
        "coordinates": [
          [
            -79.1700768,
            43.7805906
          ],
          [
            -79.1698609,
            43.7808691
          ],
          [
            -79.169751,
            43.7810063
          ],
          [
            -79.1696367,
            43.7811271
          ],
          [
            -79.1695384,
            43.7812232
          ],
          [
            -79.169447,
            43.7813184
          ],
          [
            -79.1692833,
            43.7814871
          ],
          [
            -79.1691475,
            43.7815856
          ],
          [
            -79.1690878,
            43.7816298
          ],
          [
            -79.169027,
            43.7816667
          ],
          [
            -79.1689637,
            43.781702
          ],
          [
            -79.1688908,
            43.781734
          ],
          [
            -79.1686766,
            43.7818054
          ],
          [
            -79.1685765,
            43.7818414
          ],
          [
            -79.1684809,
            43.7818811
          ],
          [
            -79.1683483,
            43.7819533
          ],
          [
            -79.1683039,
            43.7819743
          ]
        ]
      }
    },
    {
      "type": "Feature",
      "id": "osm-way-905849310",
      "properties": {
        "osmWayId": 905849310,
        "highway": "footway",
        "surface": null,
        "wheelchair": null,
        "foot": null,
        "verificationStatus": "inferred",
        "source": "OpenStreetMap"
      },
      "geometry": {
        "type": "LineString",
        "coordinates": [
          [
            -79.1697642,
            43.7816534
          ],
          [
            -79.1696913,
            43.7817392
          ],
          [
            -79.1696277,
            43.7818226
          ],
          [
            -79.1695538,
            43.7819363
          ],
          [
            -79.169533,
            43.7819857
          ],
          [
            -79.169523,
            43.7820366
          ],
          [
            -79.169516,
            43.7821241
          ],
          [
            -79.1695159,
            43.7821421
          ],
          [
            -79.1695101,
            43.7823391
          ],
          [
            -79.1694784,
            43.7827275
          ],
          [
            -79.1694274,
            43.7831682
          ],
          [
            -79.1694096,
            43.7832744
          ],
          [
            -79.1693893,
            43.783336
          ],
          [
            -79.1693613,
            43.7836346
          ],
          [
            -79.1693346,
            43.7838285
          ],
          [
            -79.1693264,
            43.7838642
          ],
          [
            -79.1693048,
            43.7839576
          ],
          [
            -79.169289,
            43.784013
          ]
        ]
      }
    },
    {
      "type": "Feature",
      "id": "osm-way-906717960",
      "properties": {
        "osmWayId": 906717960,
        "highway": "footway",
        "surface": null,
        "wheelchair": null,
        "foot": null,
        "verificationStatus": "inferred",
        "source": "OpenStreetMap"
      },
      "geometry": {
        "type": "LineString",
        "coordinates": [
          [
            -79.166275,
            43.7860008
          ],
          [
            -79.1663137,
            43.785976
          ],
          [
            -79.1663452,
            43.7859558
          ]
        ]
      }
    },
    {
      "type": "Feature",
      "id": "osm-way-906717961",
      "properties": {
        "osmWayId": 906717961,
        "highway": "footway",
        "surface": "concrete",
        "wheelchair": null,
        "foot": null,
        "verificationStatus": "inferred",
        "source": "OpenStreetMap"
      },
      "geometry": {
        "type": "LineString",
        "coordinates": [
          [
            -79.1652921,
            43.7866435
          ],
          [
            -79.166275,
            43.7860008
          ]
        ]
      }
    },
    {
      "type": "Feature",
      "id": "osm-way-906717962",
      "properties": {
        "osmWayId": 906717962,
        "highway": "footway",
        "surface": "concrete",
        "wheelchair": null,
        "foot": null,
        "verificationStatus": "inferred",
        "source": "OpenStreetMap"
      },
      "geometry": {
        "type": "LineString",
        "coordinates": [
          [
            -79.1671583,
            43.7854333
          ],
          [
            -79.1680413,
            43.7848641
          ],
          [
            -79.1681436,
            43.7847977
          ],
          [
            -79.168275,
            43.7847013
          ],
          [
            -79.1682865,
            43.7846942
          ],
          [
            -79.1685137,
            43.7845525
          ],
          [
            -79.1685225,
            43.7845377
          ],
          [
            -79.1685178,
            43.7845026
          ],
          [
            -79.168497,
            43.7844713
          ],
          [
            -79.1684262,
            43.7844154
          ],
          [
            -79.1680739,
            43.7841373
          ],
          [
            -79.1680255,
            43.7841193
          ]
        ]
      }
    },
    {
      "type": "Feature",
      "id": "osm-way-906717963",
      "properties": {
        "osmWayId": 906717963,
        "highway": "footway",
        "surface": null,
        "wheelchair": null,
        "foot": null,
        "verificationStatus": "inferred",
        "source": "OpenStreetMap"
      },
      "geometry": {
        "type": "LineString",
        "coordinates": [
          [
            -79.1651584,
            43.7867272
          ],
          [
            -79.1652189,
            43.7866844
          ],
          [
            -79.1652921,
            43.7866435
          ]
        ]
      }
    },
    {
      "type": "Feature",
      "id": "osm-way-906717965",
      "properties": {
        "osmWayId": 906717965,
        "highway": "footway",
        "surface": "concrete",
        "wheelchair": null,
        "foot": null,
        "verificationStatus": "inferred",
        "source": "OpenStreetMap"
      },
      "geometry": {
        "type": "LineString",
        "coordinates": [
          [
            -79.1687793,
            43.7843331
          ],
          [
            -79.1688588,
            43.7842903
          ],
          [
            -79.1689472,
            43.7842079
          ],
          [
            -79.1690207,
            43.7841218
          ],
          [
            -79.1690829,
            43.7840176
          ],
          [
            -79.1691554,
            43.7837746
          ]
        ]
      }
    },
    {
      "type": "Feature",
      "id": "osm-way-906717966",
      "properties": {
        "osmWayId": 906717966,
        "highway": "footway",
        "surface": "asphalt",
        "wheelchair": null,
        "foot": null,
        "verificationStatus": "inferred",
        "source": "OpenStreetMap"
      },
      "geometry": {
        "type": "LineString",
        "coordinates": [
          [
            -79.1685475,
            43.7845202
          ],
          [
            -79.1686244,
            43.7844665
          ],
          [
            -79.1687901,
            43.7843508
          ]
        ]
      }
    },
    {
      "type": "Feature",
      "id": "osm-way-906717967",
      "properties": {
        "osmWayId": 906717967,
        "highway": "footway",
        "surface": "concrete",
        "wheelchair": null,
        "foot": null,
        "verificationStatus": "inferred",
        "source": "OpenStreetMap"
      },
      "geometry": {
        "type": "LineString",
        "coordinates": [
          [
            -79.1671224,
            43.7856591
          ],
          [
            -79.1658797,
            43.7864494
          ],
          [
            -79.1650187,
            43.7870034
          ],
          [
            -79.1648326,
            43.7871251
          ]
        ]
      }
    },
    {
      "type": "Feature",
      "id": "osm-way-906717968",
      "properties": {
        "osmWayId": 906717968,
        "highway": "footway",
        "surface": null,
        "wheelchair": null,
        "foot": null,
        "verificationStatus": "inferred",
        "source": "OpenStreetMap"
      },
      "geometry": {
        "type": "LineString",
        "coordinates": [
          [
            -79.1682283,
            43.7849726
          ],
          [
            -79.1681609,
            43.7850079
          ],
          [
            -79.1680879,
            43.7850461
          ]
        ]
      }
    },
    {
      "type": "Feature",
      "id": "osm-way-906717970",
      "properties": {
        "osmWayId": 906717970,
        "highway": "footway",
        "surface": "concrete",
        "wheelchair": null,
        "foot": null,
        "verificationStatus": "inferred",
        "source": "OpenStreetMap"
      },
      "geometry": {
        "type": "LineString",
        "coordinates": [
          [
            -79.170572,
            43.783478
          ],
          [
            -79.1705458,
            43.7835048
          ],
          [
            -79.1697384,
            43.7840155
          ],
          [
            -79.1692583,
            43.7843242
          ],
          [
            -79.1690471,
            43.7844577
          ],
          [
            -79.1689708,
            43.7845059
          ]
        ]
      }
    },
    {
      "type": "Feature",
      "id": "osm-way-906717988",
      "properties": {
        "osmWayId": 906717988,
        "highway": "footway",
        "surface": null,
        "wheelchair": null,
        "foot": null,
        "verificationStatus": "inferred",
        "source": "OpenStreetMap"
      },
      "geometry": {
        "type": "LineString",
        "coordinates": [
          [
            -79.170572,
            43.783478
          ],
          [
            -79.1705408,
            43.7833795
          ],
          [
            -79.1705092,
            43.7832799
          ]
        ]
      }
    },
    {
      "type": "Feature",
      "id": "osm-way-906717989",
      "properties": {
        "osmWayId": 906717989,
        "highway": "footway",
        "surface": null,
        "wheelchair": null,
        "foot": null,
        "verificationStatus": "inferred",
        "source": "OpenStreetMap"
      },
      "geometry": {
        "type": "LineString",
        "coordinates": [
          [
            -79.1707455,
            43.7833747
          ],
          [
            -79.1706784,
            43.7834146
          ],
          [
            -79.170572,
            43.783478
          ]
        ]
      }
    },
    {
      "type": "Feature",
      "id": "osm-way-906717990",
      "properties": {
        "osmWayId": 906717990,
        "highway": "footway",
        "surface": "concrete",
        "wheelchair": null,
        "foot": null,
        "verificationStatus": "inferred",
        "source": "OpenStreetMap"
      },
      "geometry": {
        "type": "LineString",
        "coordinates": [
          [
            -79.1724157,
            43.7823221
          ],
          [
            -79.1722689,
            43.7824116
          ],
          [
            -79.1720997,
            43.7825189
          ],
          [
            -79.1716228,
            43.7828216
          ],
          [
            -79.170932,
            43.78326
          ],
          [
            -79.1707662,
            43.7833616
          ],
          [
            -79.1707455,
            43.7833747
          ]
        ]
      }
    },
    {
      "type": "Feature",
      "id": "osm-way-906717991",
      "properties": {
        "osmWayId": 906717991,
        "highway": "footway",
        "surface": null,
        "wheelchair": null,
        "foot": null,
        "verificationStatus": "inferred",
        "source": "OpenStreetMap"
      },
      "geometry": {
        "type": "LineString",
        "coordinates": [
          [
            -79.1707662,
            43.7833616
          ],
          [
            -79.1707358,
            43.7832557
          ],
          [
            -79.1707111,
            43.7831696
          ]
        ]
      }
    },
    {
      "type": "Feature",
      "id": "osm-way-906717996",
      "properties": {
        "osmWayId": 906717996,
        "highway": "footway",
        "surface": null,
        "wheelchair": null,
        "foot": null,
        "verificationStatus": "inferred",
        "source": "OpenStreetMap"
      },
      "geometry": {
        "type": "LineString",
        "coordinates": [
          [
            -79.1739852,
            43.7819736
          ],
          [
            -79.1734568,
            43.7818733
          ],
          [
            -79.1733642,
            43.7818748
          ],
          [
            -79.1733185,
            43.7818669
          ]
        ]
      }
    },
    {
      "type": "Feature",
      "id": "osm-way-906717997",
      "properties": {
        "osmWayId": 906717997,
        "highway": "footway",
        "surface": null,
        "wheelchair": null,
        "foot": null,
        "verificationStatus": "inferred",
        "source": "OpenStreetMap"
      },
      "geometry": {
        "type": "LineString",
        "coordinates": [
          [
            -79.1741401,
            43.782001
          ],
          [
            -79.1740692,
            43.7819885
          ],
          [
            -79.1739852,
            43.7819736
          ]
        ]
      }
    },
    {
      "type": "Feature",
      "id": "osm-way-906717998",
      "properties": {
        "osmWayId": 906717998,
        "highway": "footway",
        "surface": null,
        "wheelchair": null,
        "foot": null,
        "verificationStatus": "inferred",
        "source": "OpenStreetMap"
      },
      "geometry": {
        "type": "LineString",
        "coordinates": [
          [
            -79.1743137,
            43.7820682
          ],
          [
            -79.1742463,
            43.7820551
          ],
          [
            -79.1742393,
            43.7820186
          ],
          [
            -79.1741401,
            43.782001
          ]
        ]
      }
    },
    {
      "type": "Feature",
      "id": "osm-way-906717999",
      "properties": {
        "osmWayId": 906717999,
        "highway": "footway",
        "surface": null,
        "wheelchair": null,
        "foot": null,
        "verificationStatus": "inferred",
        "source": "OpenStreetMap"
      },
      "geometry": {
        "type": "LineString",
        "coordinates": [
          [
            -79.1729298,
            43.7817873
          ],
          [
            -79.1730384,
            43.7818095
          ],
          [
            -79.1731568,
            43.7818338
          ]
        ]
      }
    },
    {
      "type": "Feature",
      "id": "osm-way-906718000",
      "properties": {
        "osmWayId": 906718000,
        "highway": "footway",
        "surface": null,
        "wheelchair": null,
        "foot": null,
        "verificationStatus": "inferred",
        "source": "OpenStreetMap"
      },
      "geometry": {
        "type": "LineString",
        "coordinates": [
          [
            -79.1730627,
            43.7819805
          ],
          [
            -79.1731106,
            43.7819059
          ],
          [
            -79.1731424,
            43.7818563
          ]
        ]
      }
    },
    {
      "type": "Feature",
      "id": "osm-way-906718001",
      "properties": {
        "osmWayId": 906718001,
        "highway": "footway",
        "surface": null,
        "wheelchair": null,
        "foot": null,
        "verificationStatus": "inferred",
        "source": "OpenStreetMap"
      },
      "geometry": {
        "type": "LineString",
        "coordinates": [
          [
            -79.1726259,
            43.7819291
          ],
          [
            -79.172572,
            43.781936
          ],
          [
            -79.1725443,
            43.7819395
          ]
        ]
      }
    },
    {
      "type": "Feature",
      "id": "osm-way-906718002",
      "properties": {
        "osmWayId": 906718002,
        "highway": "footway",
        "surface": null,
        "wheelchair": null,
        "foot": null,
        "verificationStatus": "inferred",
        "source": "OpenStreetMap"
      },
      "geometry": {
        "type": "LineString",
        "coordinates": [
          [
            -79.1727137,
            43.7819319
          ],
          [
            -79.1726766,
            43.7819227
          ],
          [
            -79.1726948,
            43.7819107
          ]
        ]
      }
    },
    {
      "type": "Feature",
      "id": "osm-way-906718003",
      "properties": {
        "osmWayId": 906718003,
        "highway": "footway",
        "surface": null,
        "wheelchair": null,
        "foot": null,
        "verificationStatus": "inferred",
        "source": "OpenStreetMap"
      },
      "geometry": {
        "type": "LineString",
        "coordinates": [
          [
            -79.1748498,
            43.7804323
          ],
          [
            -79.1748238,
            43.7804503
          ],
          [
            -79.1746705,
            43.7805563
          ],
          [
            -79.1739492,
            43.7810838
          ],
          [
            -79.1738396,
            43.781165
          ],
          [
            -79.1737237,
            43.7812508
          ],
          [
            -79.1736672,
            43.781292
          ],
          [
            -79.1735073,
            43.7814077
          ],
          [
            -79.1730243,
            43.7817429
          ],
          [
            -79.1729775,
            43.7817691
          ],
          [
            -79.1729298,
            43.7817873
          ]
        ]
      }
    },
    {
      "type": "Feature",
      "id": "osm-way-906718004",
      "properties": {
        "osmWayId": 906718004,
        "highway": "footway",
        "surface": null,
        "wheelchair": null,
        "foot": null,
        "verificationStatus": "inferred",
        "source": "OpenStreetMap"
      },
      "geometry": {
        "type": "LineString",
        "coordinates": [
          [
            -79.170117,
            43.7812632
          ],
          [
            -79.1700878,
            43.7812871
          ],
          [
            -79.1700517,
            43.7813096
          ]
        ]
      }
    },
    {
      "type": "Feature",
      "id": "osm-way-906718005",
      "properties": {
        "osmWayId": 906718005,
        "highway": "footway",
        "surface": null,
        "wheelchair": null,
        "foot": null,
        "verificationStatus": "inferred",
        "source": "OpenStreetMap"
      },
      "geometry": {
        "type": "LineString",
        "coordinates": [
          [
            -79.1754795,
            43.7799818
          ],
          [
            -79.1748498,
            43.7804323
          ]
        ]
      }
    },
    {
      "type": "Feature",
      "id": "osm-way-906718006",
      "properties": {
        "osmWayId": 906718006,
        "highway": "footway",
        "surface": null,
        "wheelchair": null,
        "foot": null,
        "verificationStatus": "inferred",
        "source": "OpenStreetMap"
      },
      "geometry": {
        "type": "LineString",
        "coordinates": [
          [
            -79.1728651,
            43.7817971
          ],
          [
            -79.1723966,
            43.781708
          ],
          [
            -79.1722608,
            43.7816821
          ],
          [
            -79.1715159,
            43.7815412
          ],
          [
            -79.1714206,
            43.7815301
          ],
          [
            -79.1712104,
            43.7814916
          ],
          [
            -79.1711102,
            43.7814814
          ],
          [
            -79.1707568,
            43.7814156
          ],
          [
            -79.1703843,
            43.7813519
          ],
          [
            -79.1702076,
            43.7813096
          ],
          [
            -79.1701439,
            43.781291
          ],
          [
            -79.1701245,
            43.7812585
          ]
        ]
      }
    },
    {
      "type": "Feature",
      "id": "osm-way-906718007",
      "properties": {
        "osmWayId": 906718007,
        "highway": "footway",
        "surface": null,
        "wheelchair": null,
        "foot": null,
        "verificationStatus": "inferred",
        "source": "OpenStreetMap"
      },
      "geometry": {
        "type": "LineString",
        "coordinates": [
          [
            -79.1759341,
            43.7796737
          ],
          [
            -79.1754795,
            43.7799818
          ]
        ]
      }
    },
    {
      "type": "Feature",
      "id": "osm-way-906718008",
      "properties": {
        "osmWayId": 906718008,
        "highway": "footway",
        "surface": null,
        "wheelchair": null,
        "foot": null,
        "verificationStatus": "inferred",
        "source": "OpenStreetMap"
      },
      "geometry": {
        "type": "LineString",
        "coordinates": [
          [
            -79.170687,
            43.7831644
          ],
          [
            -79.1705956,
            43.7832201
          ],
          [
            -79.170507,
            43.7832741
          ]
        ]
      }
    },
    {
      "type": "Feature",
      "id": "osm-way-906718009",
      "properties": {
        "osmWayId": 906718009,
        "highway": "footway",
        "surface": null,
        "wheelchair": null,
        "foot": null,
        "verificationStatus": "inferred",
        "source": "OpenStreetMap"
      },
      "geometry": {
        "type": "LineString",
        "coordinates": [
          [
            -79.1709211,
            43.783043
          ],
          [
            -79.170738,
            43.7831558
          ],
          [
            -79.1707111,
            43.7831696
          ]
        ]
      }
    },
    {
      "type": "Feature",
      "id": "osm-way-906718010",
      "properties": {
        "osmWayId": 906718010,
        "highway": "footway",
        "surface": "asphalt",
        "wheelchair": null,
        "foot": null,
        "verificationStatus": "inferred",
        "source": "OpenStreetMap"
      },
      "geometry": {
        "type": "LineString",
        "coordinates": [
          [
            -79.1680255,
            43.7841193
          ],
          [
            -79.1679521,
            43.7840657
          ],
          [
            -79.1678791,
            43.7840124
          ],
          [
            -79.1678312,
            43.7839774
          ]
        ]
      }
    },
    {
      "type": "Feature",
      "id": "osm-way-906718011",
      "properties": {
        "osmWayId": 906718011,
        "highway": "footway",
        "surface": "concrete",
        "wheelchair": null,
        "foot": null,
        "verificationStatus": "inferred",
        "source": "OpenStreetMap"
      },
      "geometry": {
        "type": "LineString",
        "coordinates": [
          [
            -79.1678123,
            43.7839477
          ],
          [
            -79.1677909,
            43.7839178
          ],
          [
            -79.1677722,
            43.7838819
          ],
          [
            -79.1677373,
            43.7838422
          ],
          [
            -79.167286,
            43.7834903
          ]
        ]
      }
    },
    {
      "type": "Feature",
      "id": "osm-way-906718012",
      "properties": {
        "osmWayId": 906718012,
        "highway": "footway",
        "surface": "concrete",
        "wheelchair": null,
        "foot": null,
        "verificationStatus": "inferred",
        "source": "OpenStreetMap"
      },
      "geometry": {
        "type": "LineString",
        "coordinates": [
          [
            -79.1687793,
            43.7843331
          ],
          [
            -79.1687492,
            43.7843375
          ],
          [
            -79.1686861,
            43.7843351
          ],
          [
            -79.1686278,
            43.7843215
          ],
          [
            -79.1685453,
            43.784293
          ],
          [
            -79.1684467,
            43.784247
          ],
          [
            -79.1681731,
            43.7840359
          ],
          [
            -79.1677373,
            43.7836917
          ],
          [
            -79.167402,
            43.7834278
          ]
        ]
      }
    },
    {
      "type": "Feature",
      "id": "osm-way-906718013",
      "properties": {
        "osmWayId": 906718013,
        "highway": "footway",
        "surface": null,
        "wheelchair": null,
        "foot": null,
        "verificationStatus": "inferred",
        "source": "OpenStreetMap"
      },
      "geometry": {
        "type": "LineString",
        "coordinates": [
          [
            -79.167286,
            43.7834903
          ],
          [
            -79.1669025,
            43.7831863
          ]
        ]
      }
    },
    {
      "type": "Feature",
      "id": "osm-way-906718014",
      "properties": {
        "osmWayId": 906718014,
        "highway": "footway",
        "surface": null,
        "wheelchair": null,
        "foot": null,
        "verificationStatus": "inferred",
        "source": "OpenStreetMap"
      },
      "geometry": {
        "type": "LineString",
        "coordinates": [
          [
            -79.167402,
            43.7834278
          ],
          [
            -79.1670191,
            43.7831238
          ]
        ]
      }
    },
    {
      "type": "Feature",
      "id": "osm-way-906718015",
      "properties": {
        "osmWayId": 906718015,
        "highway": "footway",
        "surface": "concrete",
        "wheelchair": null,
        "foot": null,
        "verificationStatus": "inferred",
        "source": "OpenStreetMap"
      },
      "geometry": {
        "type": "LineString",
        "coordinates": [
          [
            -79.1670191,
            43.7831238
          ],
          [
            -79.1665913,
            43.7827837
          ],
          [
            -79.1665638,
            43.7827506
          ],
          [
            -79.1665612,
            43.7827253
          ],
          [
            -79.1665454,
            43.7827121
          ]
        ]
      }
    },
    {
      "type": "Feature",
      "id": "osm-way-906718016",
      "properties": {
        "osmWayId": 906718016,
        "highway": "footway",
        "surface": "concrete",
        "wheelchair": null,
        "foot": null,
        "verificationStatus": "inferred",
        "source": "OpenStreetMap"
      },
      "geometry": {
        "type": "LineString",
        "coordinates": [
          [
            -79.1669025,
            43.7831863
          ],
          [
            -79.1664901,
            43.7828595
          ],
          [
            -79.1664448,
            43.782838
          ],
          [
            -79.1664073,
            43.7828273
          ],
          [
            -79.1663646,
            43.7828241
          ]
        ]
      }
    },
    {
      "type": "Feature",
      "id": "osm-way-906718017",
      "properties": {
        "osmWayId": 906718017,
        "highway": "footway",
        "surface": null,
        "wheelchair": null,
        "foot": null,
        "verificationStatus": "inferred",
        "source": "OpenStreetMap"
      },
      "geometry": {
        "type": "LineString",
        "coordinates": [
          [
            -79.1664034,
            43.782608
          ],
          [
            -79.1664548,
            43.7826457
          ],
          [
            -79.1665454,
            43.7827121
          ]
        ]
      }
    },
    {
      "type": "Feature",
      "id": "osm-way-906718018",
      "properties": {
        "osmWayId": 906718018,
        "highway": "footway",
        "surface": null,
        "wheelchair": null,
        "foot": null,
        "verificationStatus": "inferred",
        "source": "OpenStreetMap"
      },
      "geometry": {
        "type": "LineString",
        "coordinates": [
          [
            -79.1692833,
            43.7814871
          ],
          [
            -79.1691703,
            43.7814328
          ],
          [
            -79.1691037,
            43.7814264
          ]
        ]
      }
    },
    {
      "type": "Feature",
      "id": "osm-way-906718019",
      "properties": {
        "osmWayId": 906718019,
        "highway": "footway",
        "surface": null,
        "wheelchair": null,
        "foot": null,
        "verificationStatus": "inferred",
        "source": "OpenStreetMap"
      },
      "geometry": {
        "type": "LineString",
        "coordinates": [
          [
            -79.1690352,
            43.7812271
          ],
          [
            -79.1689117,
            43.7813699
          ],
          [
            -79.1686676,
            43.78152
          ],
          [
            -79.1681203,
            43.781833
          ],
          [
            -79.1679013,
            43.7819226
          ],
          [
            -79.1678282,
            43.7819537
          ],
          [
            -79.1677762,
            43.781977
          ]
        ]
      }
    },
    {
      "type": "Feature",
      "id": "osm-way-906718022",
      "properties": {
        "osmWayId": 906718022,
        "highway": "footway",
        "surface": null,
        "wheelchair": null,
        "foot": null,
        "verificationStatus": "inferred",
        "source": "OpenStreetMap"
      },
      "geometry": {
        "type": "LineString",
        "coordinates": [
          [
            -79.1698117,
            43.7815762
          ],
          [
            -79.169787,
            43.7816145
          ],
          [
            -79.1697642,
            43.7816534
          ]
        ]
      }
    },
    {
      "type": "Feature",
      "id": "osm-way-906718023",
      "properties": {
        "osmWayId": 906718023,
        "highway": "footway",
        "surface": null,
        "wheelchair": null,
        "foot": null,
        "verificationStatus": "inferred",
        "source": "OpenStreetMap"
      },
      "geometry": {
        "type": "LineString",
        "coordinates": [
          [
            -79.1700517,
            43.7813096
          ],
          [
            -79.1699496,
            43.781407
          ],
          [
            -79.1698784,
            43.781488
          ],
          [
            -79.1698117,
            43.7815762
          ]
        ]
      }
    },
    {
      "type": "Feature",
      "id": "osm-way-979712479",
      "properties": {
        "osmWayId": 979712479,
        "highway": "footway",
        "surface": null,
        "wheelchair": null,
        "foot": null,
        "verificationStatus": "inferred",
        "source": "OpenStreetMap"
      },
      "geometry": {
        "type": "LineString",
        "coordinates": [
          [
            -79.1793753,
            43.7750701
          ],
          [
            -79.1793834,
            43.7749766
          ],
          [
            -79.1794735,
            43.7748764
          ]
        ]
      }
    },
    {
      "type": "Feature",
      "id": "osm-way-979712482",
      "properties": {
        "osmWayId": 979712482,
        "highway": "footway",
        "surface": null,
        "wheelchair": null,
        "foot": null,
        "verificationStatus": "inferred",
        "source": "OpenStreetMap"
      },
      "geometry": {
        "type": "LineString",
        "coordinates": [
          [
            -79.1810465,
            43.7747955
          ],
          [
            -79.1810546,
            43.7746855
          ],
          [
            -79.1810692,
            43.7746434
          ],
          [
            -79.1810651,
            43.7746235
          ],
          [
            -79.1810578,
            43.7745875
          ],
          [
            -79.181053,
            43.7745639
          ]
        ]
      }
    },
    {
      "type": "Feature",
      "id": "osm-way-979712483",
      "properties": {
        "osmWayId": 979712483,
        "highway": "footway",
        "surface": null,
        "wheelchair": null,
        "foot": null,
        "verificationStatus": "inferred",
        "source": "OpenStreetMap"
      },
      "geometry": {
        "type": "LineString",
        "coordinates": [
          [
            -79.1810911,
            43.77462
          ],
          [
            -79.1810651,
            43.7746235
          ],
          [
            -79.1809563,
            43.7746667
          ],
          [
            -79.1809371,
            43.7746827
          ],
          [
            -79.1809331,
            43.7747065
          ]
        ]
      }
    },
    {
      "type": "Feature",
      "id": "osm-way-979712484",
      "properties": {
        "osmWayId": 979712484,
        "highway": "footway",
        "surface": null,
        "wheelchair": null,
        "foot": null,
        "verificationStatus": "inferred",
        "source": "OpenStreetMap"
      },
      "geometry": {
        "type": "LineString",
        "coordinates": [
          [
            -79.1810578,
            43.7745875
          ],
          [
            -79.1809469,
            43.774646
          ],
          [
            -79.1809345,
            43.7746586
          ],
          [
            -79.1809371,
            43.7746827
          ]
        ]
      }
    },
    {
      "type": "Feature",
      "id": "osm-way-979712486",
      "properties": {
        "osmWayId": 979712486,
        "highway": "footway",
        "surface": "concrete",
        "wheelchair": null,
        "foot": null,
        "verificationStatus": "inferred",
        "source": "OpenStreetMap"
      },
      "geometry": {
        "type": "LineString",
        "coordinates": [
          [
            -79.1839972,
            43.7740247
          ],
          [
            -79.1837864,
            43.7741551
          ],
          [
            -79.1837325,
            43.7741777
          ],
          [
            -79.1836772,
            43.7742008
          ],
          [
            -79.1835722,
            43.7742638
          ],
          [
            -79.1835154,
            43.7743024
          ],
          [
            -79.1834797,
            43.7743286
          ],
          [
            -79.1834269,
            43.7743836
          ],
          [
            -79.1834105,
            43.7744176
          ],
          [
            -79.1833953,
            43.7744372
          ],
          [
            -79.1832393,
            43.7746045
          ],
          [
            -79.1831073,
            43.7747473
          ],
          [
            -79.1828114,
            43.7750674
          ],
          [
            -79.1827815,
            43.7750997
          ],
          [
            -79.1827479,
            43.775157
          ],
          [
            -79.1827127,
            43.7751991
          ],
          [
            -79.1826108,
            43.7753095
          ],
          [
            -79.1825226,
            43.7754051
          ],
          [
            -79.182123,
            43.7758378
          ],
          [
            -79.1819609,
            43.7760271
          ],
          [
            -79.1818846,
            43.7760771
          ],
          [
            -79.1817878,
            43.7759928
          ]
        ]
      }
    },
    {
      "type": "Feature",
      "id": "osm-way-979712487",
      "properties": {
        "osmWayId": 979712487,
        "highway": "footway",
        "surface": null,
        "wheelchair": null,
        "foot": null,
        "verificationStatus": "inferred",
        "source": "OpenStreetMap"
      },
      "geometry": {
        "type": "LineString",
        "coordinates": [
          [
            -79.1843654,
            43.7737413
          ],
          [
            -79.1843026,
            43.7737035
          ],
          [
            -79.1842001,
            43.7736577
          ]
        ]
      }
    },
    {
      "type": "Feature",
      "id": "osm-way-979712488",
      "properties": {
        "osmWayId": 979712488,
        "highway": "footway",
        "surface": null,
        "wheelchair": null,
        "foot": null,
        "verificationStatus": "inferred",
        "source": "OpenStreetMap"
      },
      "geometry": {
        "type": "LineString",
        "coordinates": [
          [
            -79.1843113,
            43.773801
          ],
          [
            -79.1842525,
            43.7737689
          ]
        ]
      }
    },
    {
      "type": "Feature",
      "id": "osm-way-979712489",
      "properties": {
        "osmWayId": 979712489,
        "highway": "footway",
        "surface": null,
        "wheelchair": null,
        "foot": null,
        "verificationStatus": "inferred",
        "source": "OpenStreetMap"
      },
      "geometry": {
        "type": "LineString",
        "coordinates": [
          [
            -79.1842572,
            43.77386
          ],
          [
            -79.184208,
            43.7738351
          ]
        ]
      }
    },
    {
      "type": "Feature",
      "id": "osm-way-979720418",
      "properties": {
        "osmWayId": 979720418,
        "highway": "footway",
        "surface": null,
        "wheelchair": null,
        "foot": null,
        "verificationStatus": "inferred",
        "source": "OpenStreetMap"
      },
      "geometry": {
        "type": "LineString",
        "coordinates": [
          [
            -79.1911971,
            43.7768791
          ],
          [
            -79.1914678,
            43.7768175
          ],
          [
            -79.1915241,
            43.7766579
          ],
          [
            -79.1915124,
            43.7766206
          ],
          [
            -79.1915684,
            43.7766021
          ]
        ]
      }
    },
    {
      "type": "Feature",
      "id": "osm-way-979720419",
      "properties": {
        "osmWayId": 979720419,
        "highway": "footway",
        "surface": "concrete",
        "wheelchair": null,
        "foot": null,
        "verificationStatus": "inferred",
        "source": "OpenStreetMap"
      },
      "geometry": {
        "type": "LineString",
        "coordinates": [
          [
            -79.1896704,
            43.7761718
          ],
          [
            -79.1895492,
            43.7758765
          ]
        ]
      }
    },
    {
      "type": "Feature",
      "id": "osm-way-984052674",
      "properties": {
        "osmWayId": 984052674,
        "highway": "footway",
        "surface": "concrete",
        "wheelchair": null,
        "foot": null,
        "verificationStatus": "inferred",
        "source": "OpenStreetMap"
      },
      "geometry": {
        "type": "LineString",
        "coordinates": [
          [
            -79.187727,
            43.7827773
          ],
          [
            -79.1876774,
            43.782785
          ],
          [
            -79.1876288,
            43.7827824
          ],
          [
            -79.1875149,
            43.7827562
          ]
        ]
      }
    },
    {
      "type": "Feature",
      "id": "osm-way-984052675",
      "properties": {
        "osmWayId": 984052675,
        "highway": "steps",
        "surface": "concrete",
        "wheelchair": null,
        "foot": null,
        "verificationStatus": "inferred",
        "source": "OpenStreetMap"
      },
      "geometry": {
        "type": "LineString",
        "coordinates": [
          [
            -79.187793,
            43.7827564
          ],
          [
            -79.187727,
            43.7827773
          ]
        ]
      }
    },
    {
      "type": "Feature",
      "id": "osm-way-984052676",
      "properties": {
        "osmWayId": 984052676,
        "highway": "steps",
        "surface": "concrete",
        "wheelchair": null,
        "foot": null,
        "verificationStatus": "inferred",
        "source": "OpenStreetMap"
      },
      "geometry": {
        "type": "LineString",
        "coordinates": [
          [
            -79.1875149,
            43.7827562
          ],
          [
            -79.1874194,
            43.7827603
          ]
        ]
      }
    },
    {
      "type": "Feature",
      "id": "osm-way-984052677",
      "properties": {
        "osmWayId": 984052677,
        "highway": "footway",
        "surface": null,
        "wheelchair": null,
        "foot": null,
        "verificationStatus": "inferred",
        "source": "OpenStreetMap"
      },
      "geometry": {
        "type": "LineString",
        "coordinates": [
          [
            -79.1874194,
            43.7827603
          ],
          [
            -79.1873168,
            43.7827807
          ]
        ]
      }
    },
    {
      "type": "Feature",
      "id": "osm-way-984052678",
      "properties": {
        "osmWayId": 984052678,
        "highway": "footway",
        "surface": "concrete",
        "wheelchair": null,
        "foot": null,
        "verificationStatus": "inferred",
        "source": "OpenStreetMap"
      },
      "geometry": {
        "type": "LineString",
        "coordinates": [
          [
            -79.1879387,
            43.7822776
          ],
          [
            -79.1879234,
            43.7822562
          ]
        ]
      }
    },
    {
      "type": "Feature",
      "id": "osm-way-984052679",
      "properties": {
        "osmWayId": 984052679,
        "highway": "footway",
        "surface": "concrete",
        "wheelchair": null,
        "foot": null,
        "verificationStatus": "inferred",
        "source": "OpenStreetMap"
      },
      "geometry": {
        "type": "LineString",
        "coordinates": [
          [
            -79.1879526,
            43.7826156
          ],
          [
            -79.1879359,
            43.7826332
          ]
        ]
      }
    },
    {
      "type": "Feature",
      "id": "osm-way-984052680",
      "properties": {
        "osmWayId": 984052680,
        "highway": "footway",
        "surface": "concrete",
        "wheelchair": null,
        "foot": null,
        "verificationStatus": "inferred",
        "source": "OpenStreetMap"
      },
      "geometry": {
        "type": "LineString",
        "coordinates": [
          [
            -79.1879959,
            43.7824027
          ],
          [
            -79.1880132,
            43.7824672
          ],
          [
            -79.1880193,
            43.7825164
          ],
          [
            -79.1880183,
            43.7825678
          ],
          [
            -79.1880112,
            43.7826037
          ],
          [
            -79.1879893,
            43.7826434
          ]
        ]
      }
    },
    {
      "type": "Feature",
      "id": "osm-way-984052681",
      "properties": {
        "osmWayId": 984052681,
        "highway": "steps",
        "surface": "concrete",
        "wheelchair": null,
        "foot": null,
        "verificationStatus": "inferred",
        "source": "OpenStreetMap"
      },
      "geometry": {
        "type": "LineString",
        "coordinates": [
          [
            -79.1879526,
            43.7826156
          ],
          [
            -79.1879893,
            43.7826434
          ]
        ]
      }
    },
    {
      "type": "Feature",
      "id": "osm-way-984052682",
      "properties": {
        "osmWayId": 984052682,
        "highway": "steps",
        "surface": "concrete",
        "wheelchair": null,
        "foot": null,
        "verificationStatus": "inferred",
        "source": "OpenStreetMap"
      },
      "geometry": {
        "type": "LineString",
        "coordinates": [
          [
            -79.1879959,
            43.7824027
          ],
          [
            -79.1879726,
            43.782344
          ],
          [
            -79.1879387,
            43.7822776
          ]
        ]
      }
    },
    {
      "type": "Feature",
      "id": "osm-way-984052683",
      "properties": {
        "osmWayId": 984052683,
        "highway": "footway",
        "surface": "concrete",
        "wheelchair": null,
        "foot": null,
        "verificationStatus": "inferred",
        "source": "OpenStreetMap"
      },
      "geometry": {
        "type": "LineString",
        "coordinates": [
          [
            -79.1878314,
            43.782739
          ],
          [
            -79.187793,
            43.7827564
          ]
        ]
      }
    },
    {
      "type": "Feature",
      "id": "osm-way-984052684",
      "properties": {
        "osmWayId": 984052684,
        "highway": "footway",
        "surface": "concrete",
        "wheelchair": null,
        "foot": null,
        "verificationStatus": "inferred",
        "source": "OpenStreetMap"
      },
      "geometry": {
        "type": "LineString",
        "coordinates": [
          [
            -79.1879359,
            43.7826332
          ],
          [
            -79.1879046,
            43.7826258
          ],
          [
            -79.1878771,
            43.7826221
          ],
          [
            -79.1878446,
            43.7826295
          ],
          [
            -79.1878212,
            43.7826427
          ],
          [
            -79.1878019,
            43.7826691
          ],
          [
            -79.1877978,
            43.782697
          ],
          [
            -79.18781,
            43.7827234
          ],
          [
            -79.1878314,
            43.782739
          ]
        ]
      }
    },
    {
      "type": "Feature",
      "id": "osm-way-984052685",
      "properties": {
        "osmWayId": 984052685,
        "highway": "footway",
        "surface": "concrete",
        "wheelchair": null,
        "foot": null,
        "verificationStatus": "inferred",
        "source": "OpenStreetMap"
      },
      "geometry": {
        "type": "LineString",
        "coordinates": [
          [
            -79.1878314,
            43.782739
          ],
          [
            -79.1878924,
            43.7827659
          ],
          [
            -79.1879523,
            43.7827946
          ],
          [
            -79.1880285,
            43.7828298
          ],
          [
            -79.1880733,
            43.7828584
          ],
          [
            -79.18812,
            43.7828833
          ],
          [
            -79.1881617,
            43.782901
          ],
          [
            -79.1882003,
            43.7829171
          ],
          [
            -79.1882379,
            43.7829332
          ],
          [
            -79.1882755,
            43.7829531
          ],
          [
            -79.1883091,
            43.7829619
          ],
          [
            -79.1883365,
            43.7829619
          ],
          [
            -79.1883589,
            43.7829553
          ],
          [
            -79.1883914,
            43.7829413
          ],
          [
            -79.1884514,
            43.7829186
          ],
          [
            -79.1884951,
            43.7829083
          ],
          [
            -79.1885215,
            43.7829076
          ],
          [
            -79.1885499,
            43.7829149
          ],
          [
            -79.1885855,
            43.7829391
          ],
          [
            -79.1885987,
            43.7829655
          ],
          [
            -79.1885903,
            43.7829996
          ],
          [
            -79.1885837,
            43.7830097
          ],
          [
            -79.1885732,
            43.7830167
          ],
          [
            -79.188547,
            43.7830335
          ],
          [
            -79.1884986,
            43.7830532
          ],
          [
            -79.1884227,
            43.7830768
          ],
          [
            -79.1883504,
            43.7830877
          ],
          [
            -79.1882663,
            43.7830919
          ],
          [
            -79.1882033,
            43.7830869
          ],
          [
            -79.1881414,
            43.7830725
          ],
          [
            -79.1880594,
            43.7830514
          ],
          [
            -79.1880083,
            43.7830363
          ],
          [
            -79.1879616,
            43.7830211
          ],
          [
            -79.1879149,
            43.7830051
          ],
          [
            -79.1878612,
            43.7829882
          ],
          [
            -79.1878156,
            43.7829756
          ],
          [
            -79.1877932,
            43.782966
          ],
          [
            -79.1877785,
            43.7829504
          ],
          [
            -79.1877608,
            43.7829321
          ],
          [
            -79.1877393,
            43.7829115
          ],
          [
            -79.1877178,
            43.7828945
          ],
          [
            -79.1877015,
            43.7828826
          ],
          [
            -79.1876838,
            43.7828709
          ],
          [
            -79.1876576,
            43.7828659
          ],
          [
            -79.1876291,
            43.7828653
          ],
          [
            -79.1876052,
            43.7828703
          ],
          [
            -79.1875852,
            43.7828792
          ],
          [
            -79.1875721,
            43.7828926
          ],
          [
            -79.1875606,
            43.7829182
          ],
          [
            -79.187559,
            43.7829399
          ],
          [
            -79.1875659,
            43.7829599
          ],
          [
            -79.1875798,
            43.7829838
          ],
          [
            -79.187596,
            43.7830027
          ],
          [
            -79.1876145,
            43.7830227
          ],
          [
            -79.1876237,
            43.7830416
          ],
          [
            -79.1876268,
            43.7830616
          ],
          [
            -79.1876191,
            43.7830794
          ],
          [
            -79.1876083,
            43.7831006
          ],
          [
            -79.1875936,
            43.7831127
          ],
          [
            -79.1875775,
            43.7831178
          ],
          [
            -79.187529,
            43.783115
          ],
          [
            -79.1874928,
            43.7831006
          ],
          [
            -79.1874597,
            43.7830722
          ],
          [
            -79.1874412,
            43.7830555
          ],
          [
            -79.1874196,
            43.7830338
          ],
          [
            -79.1874003,
            43.7830144
          ],
          [
            -79.1873849,
            43.7829916
          ],
          [
            -79.1873654,
            43.7829597
          ],
          [
            -79.1873424,
            43.7829239
          ],
          [
            -79.1873247,
            43.7828779
          ],
          [
            -79.1873061,
            43.7828325
          ]
        ]
      }
    },
    {
      "type": "Feature",
      "id": "osm-way-997786632",
      "properties": {
        "osmWayId": 997786632,
        "highway": "footway",
        "surface": "concrete",
        "wheelchair": null,
        "foot": null,
        "verificationStatus": "inferred",
        "source": "OpenStreetMap"
      },
      "geometry": {
        "type": "LineString",
        "coordinates": [
          [
            -79.1875775,
            43.7831178
          ],
          [
            -79.1875741,
            43.7831702
          ]
        ]
      }
    },
    {
      "type": "Feature",
      "id": "osm-way-997786633",
      "properties": {
        "osmWayId": 997786633,
        "highway": "steps",
        "surface": "concrete",
        "wheelchair": null,
        "foot": null,
        "verificationStatus": "inferred",
        "source": "OpenStreetMap"
      },
      "geometry": {
        "type": "LineString",
        "coordinates": [
          [
            -79.1875741,
            43.7831702
          ],
          [
            -79.1875535,
            43.7832323
          ]
        ]
      }
    },
    {
      "type": "Feature",
      "id": "osm-way-997786634",
      "properties": {
        "osmWayId": 997786634,
        "highway": "footway",
        "surface": "paved",
        "wheelchair": null,
        "foot": null,
        "verificationStatus": "inferred",
        "source": "OpenStreetMap"
      },
      "geometry": {
        "type": "LineString",
        "coordinates": [
          [
            -79.1875535,
            43.7832323
          ],
          [
            -79.1876552,
            43.7832703
          ]
        ]
      }
    },
    {
      "type": "Feature",
      "id": "osm-way-997787248",
      "properties": {
        "osmWayId": 997787248,
        "highway": "steps",
        "surface": null,
        "wheelchair": null,
        "foot": null,
        "verificationStatus": "inferred",
        "source": "OpenStreetMap"
      },
      "geometry": {
        "type": "LineString",
        "coordinates": [
          [
            -79.1852172,
            43.779709
          ],
          [
            -79.1852158,
            43.7797005
          ],
          [
            -79.1852163,
            43.7796938
          ],
          [
            -79.1852186,
            43.7796891
          ],
          [
            -79.1852256,
            43.7796837
          ],
          [
            -79.1852378,
            43.7796779
          ],
          [
            -79.1852532,
            43.7796712
          ],
          [
            -79.1852649,
            43.7796662
          ],
          [
            -79.1852695,
            43.7796628
          ],
          [
            -79.1852719,
            43.7796581
          ],
          [
            -79.1852716,
            43.7796529
          ],
          [
            -79.1852639,
            43.7796297
          ]
        ]
      }
    },
    {
      "type": "Feature",
      "id": "osm-way-997787249",
      "properties": {
        "osmWayId": 997787249,
        "highway": "footway",
        "surface": null,
        "wheelchair": null,
        "foot": null,
        "verificationStatus": "inferred",
        "source": "OpenStreetMap"
      },
      "geometry": {
        "type": "LineString",
        "coordinates": [
          [
            -79.1852357,
            43.7797421
          ],
          [
            -79.1852261,
            43.7797439
          ],
          [
            -79.1852172,
            43.779709
          ]
        ]
      }
    },
    {
      "type": "Feature",
      "id": "osm-way-1012320616",
      "properties": {
        "osmWayId": 1012320616,
        "highway": "footway",
        "surface": null,
        "wheelchair": null,
        "foot": null,
        "verificationStatus": "inferred",
        "source": "OpenStreetMap"
      },
      "geometry": {
        "type": "LineString",
        "coordinates": [
          [
            -79.1684262,
            43.7844154
          ],
          [
            -79.1683305,
            43.7844901
          ],
          [
            -79.1683017,
            43.7845551
          ],
          [
            -79.1682865,
            43.7846942
          ]
        ]
      }
    },
    {
      "type": "Feature",
      "id": "osm-way-1012320617",
      "properties": {
        "osmWayId": 1012320617,
        "highway": "footway",
        "surface": "paving_stones",
        "wheelchair": null,
        "foot": null,
        "verificationStatus": "inferred",
        "source": "OpenStreetMap"
      },
      "geometry": {
        "type": "LineString",
        "coordinates": [
          [
            -79.1880034,
            43.7841321
          ],
          [
            -79.1880457,
            43.7840129
          ]
        ]
      }
    },
    {
      "type": "Feature",
      "id": "osm-way-1012320622",
      "properties": {
        "osmWayId": 1012320622,
        "highway": "footway",
        "surface": null,
        "wheelchair": null,
        "foot": null,
        "verificationStatus": "inferred",
        "source": "OpenStreetMap"
      },
      "geometry": {
        "type": "LineString",
        "coordinates": [
          [
            -79.2047768,
            43.7810307
          ],
          [
            -79.2047327,
            43.7809329
          ]
        ]
      }
    },
    {
      "type": "Feature",
      "id": "osm-way-1012320623",
      "properties": {
        "osmWayId": 1012320623,
        "highway": "footway",
        "surface": null,
        "wheelchair": null,
        "foot": null,
        "verificationStatus": "inferred",
        "source": "OpenStreetMap"
      },
      "geometry": {
        "type": "LineString",
        "coordinates": [
          [
            -79.2047777,
            43.7808832
          ],
          [
            -79.2050008,
            43.7808329
          ],
          [
            -79.2050312,
            43.7808648
          ]
        ]
      }
    },
    {
      "type": "Feature",
      "id": "osm-way-1012320624",
      "properties": {
        "osmWayId": 1012320624,
        "highway": "footway",
        "surface": null,
        "wheelchair": null,
        "foot": null,
        "verificationStatus": "inferred",
        "source": "OpenStreetMap"
      },
      "geometry": {
        "type": "LineString",
        "coordinates": [
          [
            -79.2046606,
            43.7809048
          ],
          [
            -79.2043411,
            43.7809711
          ],
          [
            -79.204249,
            43.7809902
          ]
        ]
      }
    },
    {
      "type": "Feature",
      "id": "osm-way-1012320625",
      "properties": {
        "osmWayId": 1012320625,
        "highway": "footway",
        "surface": null,
        "wheelchair": null,
        "foot": null,
        "verificationStatus": "inferred",
        "source": "OpenStreetMap"
      },
      "geometry": {
        "type": "LineString",
        "coordinates": [
          [
            -79.2046686,
            43.7808649
          ],
          [
            -79.2045642,
            43.7806292
          ],
          [
            -79.2043904,
            43.7806559
          ]
        ]
      }
    },
    {
      "type": "Feature",
      "id": "osm-way-1012320626",
      "properties": {
        "osmWayId": 1012320626,
        "highway": "footway",
        "surface": null,
        "wheelchair": null,
        "foot": null,
        "verificationStatus": "inferred",
        "source": "OpenStreetMap"
      },
      "geometry": {
        "type": "LineString",
        "coordinates": [
          [
            -79.2047216,
            43.7808467
          ],
          [
            -79.2047014,
            43.7808483
          ],
          [
            -79.204683,
            43.7808546
          ],
          [
            -79.2046686,
            43.7808649
          ],
          [
            -79.20466,
            43.7808773
          ],
          [
            -79.2046572,
            43.7808911
          ],
          [
            -79.2046606,
            43.7809048
          ],
          [
            -79.2046689,
            43.7809162
          ],
          [
            -79.2046815,
            43.7809254
          ],
          [
            -79.2046973,
            43.7809316
          ],
          [
            -79.2047149,
            43.7809341
          ],
          [
            -79.2047327,
            43.7809329
          ],
          [
            -79.2047493,
            43.7809278
          ],
          [
            -79.2047631,
            43.7809195
          ],
          [
            -79.204773,
            43.7809087
          ],
          [
            -79.204778,
            43.7808962
          ],
          [
            -79.2047777,
            43.7808832
          ],
          [
            -79.2047711,
            43.7808694
          ],
          [
            -79.2047585,
            43.7808579
          ],
          [
            -79.2047413,
            43.78085
          ],
          [
            -79.2047216,
            43.7808467
          ]
        ]
      }
    },
    {
      "type": "Feature",
      "id": "osm-way-1020705731",
      "properties": {
        "osmWayId": 1020705731,
        "highway": "footway",
        "surface": null,
        "wheelchair": null,
        "foot": null,
        "verificationStatus": "inferred",
        "source": "OpenStreetMap"
      },
      "geometry": {
        "type": "LineString",
        "coordinates": [
          [
            -79.2045915,
            43.7791224
          ],
          [
            -79.2045534,
            43.7790366
          ],
          [
            -79.2044682,
            43.7788451
          ]
        ]
      }
    },
    {
      "type": "Feature",
      "id": "osm-way-1020705732",
      "properties": {
        "osmWayId": 1020705732,
        "highway": "footway",
        "surface": null,
        "wheelchair": null,
        "foot": null,
        "verificationStatus": "inferred",
        "source": "OpenStreetMap"
      },
      "geometry": {
        "type": "LineString",
        "coordinates": [
          [
            -79.2046687,
            43.7789707
          ],
          [
            -79.2046602,
            43.7790127
          ],
          [
            -79.2045534,
            43.7790366
          ],
          [
            -79.2044281,
            43.7790647
          ],
          [
            -79.2043797,
            43.7790334
          ]
        ]
      }
    },
    {
      "type": "Feature",
      "id": "osm-way-1020705737",
      "properties": {
        "osmWayId": 1020705737,
        "highway": "footway",
        "surface": null,
        "wheelchair": null,
        "foot": null,
        "verificationStatus": "inferred",
        "source": "OpenStreetMap"
      },
      "geometry": {
        "type": "LineString",
        "coordinates": [
          [
            -79.204013,
            43.7805509
          ],
          [
            -79.2039525,
            43.7805688
          ],
          [
            -79.2038685,
            43.7805872
          ],
          [
            -79.2037804,
            43.7805522
          ],
          [
            -79.2037678,
            43.7805755
          ],
          [
            -79.2037228,
            43.7805872
          ]
        ]
      }
    },
    {
      "type": "Feature",
      "id": "osm-way-1020705741",
      "properties": {
        "osmWayId": 1020705741,
        "highway": "footway",
        "surface": null,
        "wheelchair": null,
        "foot": null,
        "verificationStatus": "inferred",
        "source": "OpenStreetMap"
      },
      "geometry": {
        "type": "LineString",
        "coordinates": [
          [
            -79.2028662,
            43.7805297
          ],
          [
            -79.202737,
            43.7804924
          ],
          [
            -79.2026171,
            43.7805129
          ]
        ]
      }
    },
    {
      "type": "Feature",
      "id": "osm-way-1033876819",
      "properties": {
        "osmWayId": 1033876819,
        "highway": "footway",
        "surface": null,
        "wheelchair": null,
        "foot": null,
        "verificationStatus": "inferred",
        "source": "OpenStreetMap"
      },
      "geometry": {
        "type": "LineString",
        "coordinates": [
          [
            -79.1721604,
            43.7769609
          ],
          [
            -79.1722789,
            43.7768867
          ],
          [
            -79.1723018,
            43.7768623
          ],
          [
            -79.1722884,
            43.7768305
          ],
          [
            -79.1722847,
            43.7768129
          ],
          [
            -79.1722041,
            43.7766347
          ],
          [
            -79.1721716,
            43.7765628
          ]
        ]
      }
    },
    {
      "type": "Feature",
      "id": "osm-way-1033876820",
      "properties": {
        "osmWayId": 1033876820,
        "highway": "footway",
        "surface": null,
        "wheelchair": null,
        "foot": null,
        "verificationStatus": "inferred",
        "source": "OpenStreetMap"
      },
      "geometry": {
        "type": "LineString",
        "coordinates": [
          [
            -79.1725916,
            43.7770444
          ],
          [
            -79.1723628,
            43.7769292
          ],
          [
            -79.1722789,
            43.7768867
          ]
        ]
      }
    },
    {
      "type": "Feature",
      "id": "osm-way-1033876821",
      "properties": {
        "osmWayId": 1033876821,
        "highway": "footway",
        "surface": null,
        "wheelchair": null,
        "foot": null,
        "verificationStatus": "inferred",
        "source": "OpenStreetMap"
      },
      "geometry": {
        "type": "LineString",
        "coordinates": [
          [
            -79.171901,
            43.7778207
          ],
          [
            -79.171717,
            43.7777431
          ],
          [
            -79.1716932,
            43.7777291
          ],
          [
            -79.1716788,
            43.7776821
          ],
          [
            -79.1716875,
            43.7776628
          ],
          [
            -79.1720108,
            43.7773116
          ],
          [
            -79.1722156,
            43.7770903
          ],
          [
            -79.1723628,
            43.7769292
          ],
          [
            -79.1724762,
            43.7767906
          ],
          [
            -79.1725826,
            43.7767635
          ],
          [
            -79.1726151,
            43.7767363
          ],
          [
            -79.1726681,
            43.7767597
          ]
        ]
      }
    },
    {
      "type": "Feature",
      "id": "osm-way-1033876822",
      "properties": {
        "osmWayId": 1033876822,
        "highway": "footway",
        "surface": null,
        "wheelchair": null,
        "foot": null,
        "verificationStatus": "inferred",
        "source": "OpenStreetMap"
      },
      "geometry": {
        "type": "LineString",
        "coordinates": [
          [
            -79.1726151,
            43.7767363
          ],
          [
            -79.1725945,
            43.7766757
          ]
        ]
      }
    },
    {
      "type": "Feature",
      "id": "osm-way-1033876823",
      "properties": {
        "osmWayId": 1033876823,
        "highway": "footway",
        "surface": null,
        "wheelchair": null,
        "foot": null,
        "verificationStatus": "inferred",
        "source": "OpenStreetMap"
      },
      "geometry": {
        "type": "LineString",
        "coordinates": [
          [
            -79.1716106,
            43.7769746
          ],
          [
            -79.1721201,
            43.7768663
          ],
          [
            -79.1722884,
            43.7768305
          ],
          [
            -79.1724762,
            43.7767906
          ]
        ]
      }
    },
    {
      "type": "Feature",
      "id": "osm-way-1036872179",
      "properties": {
        "osmWayId": 1036872179,
        "highway": "footway",
        "surface": "concrete",
        "wheelchair": null,
        "foot": null,
        "verificationStatus": "inferred",
        "source": "OpenStreetMap"
      },
      "geometry": {
        "type": "LineString",
        "coordinates": [
          [
            -79.1862919,
            43.7852195
          ],
          [
            -79.1862515,
            43.7852012
          ]
        ]
      }
    },
    {
      "type": "Feature",
      "id": "osm-way-1038123217",
      "properties": {
        "osmWayId": 1038123217,
        "highway": "footway",
        "surface": "concrete:plates",
        "wheelchair": null,
        "foot": null,
        "verificationStatus": "inferred",
        "source": "OpenStreetMap"
      },
      "geometry": {
        "type": "LineString",
        "coordinates": [
          [
            -79.1864503,
            43.7846805
          ],
          [
            -79.1865115,
            43.7846086
          ]
        ]
      }
    },
    {
      "type": "Feature",
      "id": "osm-way-1047732762",
      "properties": {
        "osmWayId": 1047732762,
        "highway": "footway",
        "surface": "paving_stones",
        "wheelchair": null,
        "foot": null,
        "verificationStatus": "inferred",
        "source": "OpenStreetMap"
      },
      "geometry": {
        "type": "LineString",
        "coordinates": [
          [
            -79.1892531,
            43.7840271
          ],
          [
            -79.1891489,
            43.7840449
          ]
        ]
      }
    },
    {
      "type": "Feature",
      "id": "osm-way-1059436536",
      "properties": {
        "osmWayId": 1059436536,
        "highway": "footway",
        "surface": "concrete:plates",
        "wheelchair": null,
        "foot": null,
        "verificationStatus": "inferred",
        "source": "OpenStreetMap"
      },
      "geometry": {
        "type": "LineString",
        "coordinates": [
          [
            -79.1918322,
            43.7867362
          ],
          [
            -79.1917105,
            43.7868337
          ],
          [
            -79.1916092,
            43.7869337
          ],
          [
            -79.1915679,
            43.7869804
          ],
          [
            -79.1914872,
            43.7870608
          ]
        ]
      }
    },
    {
      "type": "Feature",
      "id": "osm-way-1059438871",
      "properties": {
        "osmWayId": 1059438871,
        "highway": "footway",
        "surface": "concrete",
        "wheelchair": null,
        "foot": null,
        "verificationStatus": "inferred",
        "source": "OpenStreetMap"
      },
      "geometry": {
        "type": "LineString",
        "coordinates": [
          [
            -79.1870113,
            43.784445
          ],
          [
            -79.1869087,
            43.7843977
          ]
        ]
      }
    },
    {
      "type": "Feature",
      "id": "osm-way-1059440941",
      "properties": {
        "osmWayId": 1059440941,
        "highway": "footway",
        "surface": null,
        "wheelchair": null,
        "foot": null,
        "verificationStatus": "inferred",
        "source": "OpenStreetMap"
      },
      "geometry": {
        "type": "LineString",
        "coordinates": [
          [
            -79.1855655,
            43.7830165
          ],
          [
            -79.1854751,
            43.7829665
          ],
          [
            -79.1855697,
            43.7828297
          ],
          [
            -79.1856052,
            43.7827584
          ]
        ]
      }
    },
    {
      "type": "Feature",
      "id": "osm-way-1075811863",
      "properties": {
        "osmWayId": 1075811863,
        "highway": "footway",
        "surface": "concrete:plates",
        "wheelchair": null,
        "foot": null,
        "verificationStatus": "inferred",
        "source": "OpenStreetMap"
      },
      "geometry": {
        "type": "LineString",
        "coordinates": [
          [
            -79.1907882,
            43.7874215
          ],
          [
            -79.1907523,
            43.787404
          ]
        ]
      }
    },
    {
      "type": "Feature",
      "id": "osm-way-1079519901",
      "properties": {
        "osmWayId": 1079519901,
        "highway": "footway",
        "surface": null,
        "wheelchair": null,
        "foot": null,
        "verificationStatus": "inferred",
        "source": "OpenStreetMap"
      },
      "geometry": {
        "type": "LineString",
        "coordinates": [
          [
            -79.1887508,
            43.7834765
          ],
          [
            -79.1887676,
            43.7834446
          ]
        ]
      }
    },
    {
      "type": "Feature",
      "id": "osm-way-1079519902",
      "properties": {
        "osmWayId": 1079519902,
        "highway": "footway",
        "surface": null,
        "wheelchair": null,
        "foot": null,
        "verificationStatus": "inferred",
        "source": "OpenStreetMap"
      },
      "geometry": {
        "type": "LineString",
        "coordinates": [
          [
            -79.1882542,
            43.7834873
          ],
          [
            -79.1882658,
            43.783518
          ]
        ]
      }
    },
    {
      "type": "Feature",
      "id": "osm-way-1079519903",
      "properties": {
        "osmWayId": 1079519903,
        "highway": "footway",
        "surface": "concrete",
        "wheelchair": null,
        "foot": null,
        "verificationStatus": "inferred",
        "source": "OpenStreetMap"
      },
      "geometry": {
        "type": "LineString",
        "coordinates": [
          [
            -79.1877372,
            43.7837725
          ],
          [
            -79.1875792,
            43.7839571
          ]
        ]
      }
    },
    {
      "type": "Feature",
      "id": "osm-way-1079519904",
      "properties": {
        "osmWayId": 1079519904,
        "highway": "steps",
        "surface": "concrete:plates",
        "wheelchair": null,
        "foot": null,
        "verificationStatus": "inferred",
        "source": "OpenStreetMap"
      },
      "geometry": {
        "type": "LineString",
        "coordinates": [
          [
            -79.1872411,
            43.7850345
          ],
          [
            -79.1872783,
            43.7850474
          ]
        ]
      }
    },
    {
      "type": "Feature",
      "id": "osm-way-1079519905",
      "properties": {
        "osmWayId": 1079519905,
        "highway": "footway",
        "surface": "concrete",
        "wheelchair": null,
        "foot": null,
        "verificationStatus": "inferred",
        "source": "OpenStreetMap"
      },
      "geometry": {
        "type": "LineString",
        "coordinates": [
          [
            -79.1876363,
            43.7851461
          ],
          [
            -79.1874828,
            43.7851038
          ],
          [
            -79.1873708,
            43.7850932
          ],
          [
            -79.1872783,
            43.7850474
          ]
        ]
      }
    },
    {
      "type": "Feature",
      "id": "osm-way-1079519906",
      "properties": {
        "osmWayId": 1079519906,
        "highway": "footway",
        "surface": "concrete:plates",
        "wheelchair": null,
        "foot": null,
        "verificationStatus": "inferred",
        "source": "OpenStreetMap"
      },
      "geometry": {
        "type": "LineString",
        "coordinates": [
          [
            -79.1866822,
            43.7847234
          ],
          [
            -79.1868038,
            43.7847652
          ]
        ]
      }
    },
    {
      "type": "Feature",
      "id": "osm-way-1079519907",
      "properties": {
        "osmWayId": 1079519907,
        "highway": "footway",
        "surface": "concrete:plates",
        "wheelchair": null,
        "foot": null,
        "verificationStatus": "inferred",
        "source": "OpenStreetMap"
      },
      "geometry": {
        "type": "LineString",
        "coordinates": [
          [
            -79.1864799,
            43.7845263
          ],
          [
            -79.1864558,
            43.7845157
          ],
          [
            -79.186137,
            43.784374
          ]
        ]
      }
    },
    {
      "type": "Feature",
      "id": "osm-way-1079519908",
      "properties": {
        "osmWayId": 1079519908,
        "highway": "footway",
        "surface": "concrete:plates",
        "wheelchair": null,
        "foot": null,
        "verificationStatus": "inferred",
        "source": "OpenStreetMap"
      },
      "geometry": {
        "type": "LineString",
        "coordinates": [
          [
            -79.1864558,
            43.7845157
          ],
          [
            -79.1864913,
            43.7844852
          ]
        ]
      }
    },
    {
      "type": "Feature",
      "id": "osm-way-1079519909",
      "properties": {
        "osmWayId": 1079519909,
        "highway": "footway",
        "surface": null,
        "wheelchair": null,
        "foot": null,
        "verificationStatus": "inferred",
        "source": "OpenStreetMap"
      },
      "geometry": {
        "type": "LineString",
        "coordinates": [
          [
            -79.1854928,
            43.7832085
          ],
          [
            -79.1854572,
            43.7832151
          ],
          [
            -79.1853303,
            43.7832475
          ],
          [
            -79.1852939,
            43.7832568
          ]
        ]
      }
    },
    {
      "type": "Feature",
      "id": "osm-way-1079519910",
      "properties": {
        "osmWayId": 1079519910,
        "highway": "footway",
        "surface": null,
        "wheelchair": null,
        "foot": null,
        "verificationStatus": "inferred",
        "source": "OpenStreetMap"
      },
      "geometry": {
        "type": "LineString",
        "coordinates": [
          [
            -79.185998,
            43.7830118
          ],
          [
            -79.1857977,
            43.7831235
          ]
        ]
      }
    },
    {
      "type": "Feature",
      "id": "osm-way-1079519911",
      "properties": {
        "osmWayId": 1079519911,
        "highway": "footway",
        "surface": null,
        "wheelchair": null,
        "foot": null,
        "verificationStatus": "inferred",
        "source": "OpenStreetMap"
      },
      "geometry": {
        "type": "LineString",
        "coordinates": [
          [
            -79.1873168,
            43.7827807
          ],
          [
            -79.1872865,
            43.7828063
          ]
        ]
      }
    },
    {
      "type": "Feature",
      "id": "osm-way-1091328684",
      "properties": {
        "osmWayId": 1091328684,
        "highway": "footway",
        "surface": null,
        "wheelchair": null,
        "foot": null,
        "verificationStatus": "inferred",
        "source": "OpenStreetMap"
      },
      "geometry": {
        "type": "LineString",
        "coordinates": [
          [
            -79.1736978,
            43.7744966
          ],
          [
            -79.173818,
            43.7746606
          ]
        ]
      }
    },
    {
      "type": "Feature",
      "id": "osm-way-1091328685",
      "properties": {
        "osmWayId": 1091328685,
        "highway": "footway",
        "surface": "asphalt",
        "wheelchair": null,
        "foot": null,
        "verificationStatus": "inferred",
        "source": "OpenStreetMap"
      },
      "geometry": {
        "type": "LineString",
        "coordinates": [
          [
            -79.173283,
            43.7765021
          ],
          [
            -79.173389,
            43.7765372
          ],
          [
            -79.1735517,
            43.7765968
          ],
          [
            -79.1736578,
            43.7766359
          ]
        ]
      }
    },
    {
      "type": "Feature",
      "id": "osm-way-1091328686",
      "properties": {
        "osmWayId": 1091328686,
        "highway": "footway",
        "surface": "asphalt",
        "wheelchair": null,
        "foot": null,
        "verificationStatus": "inferred",
        "source": "OpenStreetMap"
      },
      "geometry": {
        "type": "LineString",
        "coordinates": [
          [
            -79.1734803,
            43.7763564
          ],
          [
            -79.1735889,
            43.7763821
          ],
          [
            -79.1737627,
            43.7764235
          ],
          [
            -79.173884,
            43.7764511
          ]
        ]
      }
    },
    {
      "type": "Feature",
      "id": "osm-way-1091328687",
      "properties": {
        "osmWayId": 1091328687,
        "highway": "footway",
        "surface": "concrete",
        "wheelchair": null,
        "foot": null,
        "verificationStatus": "inferred",
        "source": "OpenStreetMap"
      },
      "geometry": {
        "type": "LineString",
        "coordinates": [
          [
            -79.173283,
            43.7765021
          ],
          [
            -79.1732155,
            43.7765454
          ],
          [
            -79.1731433,
            43.7765918
          ],
          [
            -79.1730186,
            43.7766325
          ],
          [
            -79.1728759,
            43.7767621
          ],
          [
            -79.1725916,
            43.7770444
          ],
          [
            -79.1725172,
            43.777125
          ],
          [
            -79.172245,
            43.7774174
          ],
          [
            -79.171901,
            43.7778207
          ],
          [
            -79.1718059,
            43.7779422
          ],
          [
            -79.1717813,
            43.778009
          ],
          [
            -79.1717831,
            43.7780791
          ],
          [
            -79.1717965,
            43.7781138
          ],
          [
            -79.171803,
            43.7781579
          ],
          [
            -79.171795,
            43.7781899
          ],
          [
            -79.1715151,
            43.7785713
          ],
          [
            -79.1714784,
            43.7786543
          ],
          [
            -79.171373,
            43.7788038
          ]
        ]
      }
    },
    {
      "type": "Feature",
      "id": "osm-way-1091328688",
      "properties": {
        "osmWayId": 1091328688,
        "highway": "footway",
        "surface": "asphalt",
        "wheelchair": null,
        "foot": null,
        "verificationStatus": "inferred",
        "source": "OpenStreetMap"
      },
      "geometry": {
        "type": "LineString",
        "coordinates": [
          [
            -79.1734081,
            43.7763874
          ],
          [
            -79.1733524,
            43.7764355
          ],
          [
            -79.173283,
            43.7765021
          ]
        ]
      }
    },
    {
      "type": "Feature",
      "id": "osm-way-1091328689",
      "properties": {
        "osmWayId": 1091328689,
        "highway": "footway",
        "surface": "concrete",
        "wheelchair": null,
        "foot": null,
        "verificationStatus": "inferred",
        "source": "OpenStreetMap"
      },
      "geometry": {
        "type": "LineString",
        "coordinates": [
          [
            -79.173728,
            43.7765774
          ],
          [
            -79.1736578,
            43.7766359
          ],
          [
            -79.173517,
            43.7767532
          ],
          [
            -79.1733358,
            43.7769104
          ],
          [
            -79.1731352,
            43.7771309
          ],
          [
            -79.1728389,
            43.7774765
          ],
          [
            -79.1726703,
            43.7776666
          ],
          [
            -79.1724572,
            43.7779274
          ],
          [
            -79.1721956,
            43.7782819
          ],
          [
            -79.1721814,
            43.7782976
          ],
          [
            -79.1719056,
            43.7786745
          ],
          [
            -79.1717951,
            43.7788053
          ],
          [
            -79.1716971,
            43.7789172
          ]
        ]
      }
    },
    {
      "type": "Feature",
      "id": "osm-way-1091328690",
      "properties": {
        "osmWayId": 1091328690,
        "highway": "footway",
        "surface": "asphalt",
        "wheelchair": null,
        "foot": null,
        "verificationStatus": "inferred",
        "source": "OpenStreetMap"
      },
      "geometry": {
        "type": "LineString",
        "coordinates": [
          [
            -79.173884,
            43.7764511
          ],
          [
            -79.1737981,
            43.776519
          ],
          [
            -79.173728,
            43.7765774
          ]
        ]
      }
    },
    {
      "type": "Feature",
      "id": "osm-way-1091328692",
      "properties": {
        "osmWayId": 1091328692,
        "highway": "path",
        "surface": "ground",
        "wheelchair": null,
        "foot": null,
        "verificationStatus": "inferred",
        "source": "OpenStreetMap"
      },
      "geometry": {
        "type": "LineString",
        "coordinates": [
          [
            -79.1631586,
            43.7769405
          ],
          [
            -79.1632357,
            43.7770854
          ],
          [
            -79.1633416,
            43.7773885
          ],
          [
            -79.1634119,
            43.7777215
          ],
          [
            -79.163416,
            43.7781152
          ],
          [
            -79.1634554,
            43.7784583
          ],
          [
            -79.1634827,
            43.7787144
          ],
          [
            -79.1635484,
            43.7787975
          ],
          [
            -79.1636844,
            43.7788315
          ],
          [
            -79.1639544,
            43.7787644
          ],
          [
            -79.1642195,
            43.7785566
          ],
          [
            -79.1644361,
            43.7782664
          ],
          [
            -79.1647084,
            43.7780212
          ],
          [
            -79.1651085,
            43.7778443
          ],
          [
            -79.1655128,
            43.7777069
          ],
          [
            -79.1657813,
            43.7777375
          ],
          [
            -79.1660076,
            43.7778575
          ],
          [
            -79.1660965,
            43.7781144
          ],
          [
            -79.1661451,
            43.7784301
          ],
          [
            -79.1660179,
            43.778853
          ],
          [
            -79.1659697,
            43.7791362
          ],
          [
            -79.1659699,
            43.7794045
          ],
          [
            -79.1660538,
            43.7795813
          ],
          [
            -79.1663617,
            43.7797391
          ],
          [
            -79.1670329,
            43.7798417
          ],
          [
            -79.1674391,
            43.7798513
          ]
        ]
      }
    },
    {
      "type": "Feature",
      "id": "osm-way-1091328698",
      "properties": {
        "osmWayId": 1091328698,
        "highway": "footway",
        "surface": "concrete",
        "wheelchair": null,
        "foot": null,
        "verificationStatus": "inferred",
        "source": "OpenStreetMap"
      },
      "geometry": {
        "type": "LineString",
        "coordinates": [
          [
            -79.1750822,
            43.7757329
          ],
          [
            -79.1748592,
            43.7758307
          ],
          [
            -79.1744639,
            43.7760399
          ],
          [
            -79.1743226,
            43.7761501
          ],
          [
            -79.1739762,
            43.7763821
          ],
          [
            -79.173884,
            43.7764511
          ]
        ]
      }
    },
    {
      "type": "Feature",
      "id": "osm-way-1091328699",
      "properties": {
        "osmWayId": 1091328699,
        "highway": "footway",
        "surface": "concrete",
        "wheelchair": null,
        "foot": null,
        "verificationStatus": "inferred",
        "source": "OpenStreetMap"
      },
      "geometry": {
        "type": "LineString",
        "coordinates": [
          [
            -79.1753163,
            43.7756323
          ],
          [
            -79.17527,
            43.7756522
          ],
          [
            -79.1751721,
            43.7756942
          ],
          [
            -79.1750822,
            43.7757329
          ]
        ]
      }
    },
    {
      "type": "Feature",
      "id": "osm-way-1091328700",
      "properties": {
        "osmWayId": 1091328700,
        "highway": "footway",
        "surface": "concrete",
        "wheelchair": null,
        "foot": null,
        "verificationStatus": "inferred",
        "source": "OpenStreetMap"
      },
      "geometry": {
        "type": "LineString",
        "coordinates": [
          [
            -79.1751645,
            43.7753625
          ],
          [
            -79.1750667,
            43.7754017
          ],
          [
            -79.174958,
            43.7754453
          ],
          [
            -79.1747944,
            43.7754963
          ],
          [
            -79.1746498,
            43.7755673
          ],
          [
            -79.1742856,
            43.7757607
          ],
          [
            -79.1741346,
            43.775847
          ],
          [
            -79.1739533,
            43.7759599
          ],
          [
            -79.173759,
            43.7761205
          ],
          [
            -79.1736312,
            43.776216
          ],
          [
            -79.1735756,
            43.7762576
          ],
          [
            -79.1734803,
            43.7763564
          ]
        ]
      }
    },
    {
      "type": "Feature",
      "id": "osm-way-1091328701",
      "properties": {
        "osmWayId": 1091328701,
        "highway": "footway",
        "surface": "asphalt",
        "wheelchair": null,
        "foot": null,
        "verificationStatus": "inferred",
        "source": "OpenStreetMap"
      },
      "geometry": {
        "type": "LineString",
        "coordinates": [
          [
            -79.1753649,
            43.7752806
          ],
          [
            -79.1752624,
            43.7753225
          ],
          [
            -79.1751645,
            43.7753625
          ]
        ]
      }
    },
    {
      "type": "Feature",
      "id": "osm-way-1091328702",
      "properties": {
        "osmWayId": 1091328702,
        "highway": "footway",
        "surface": "concrete",
        "wheelchair": null,
        "foot": null,
        "verificationStatus": "inferred",
        "source": "OpenStreetMap"
      },
      "geometry": {
        "type": "LineString",
        "coordinates": [
          [
            -79.1778564,
            43.7750383
          ],
          [
            -79.1776839,
            43.7750642
          ],
          [
            -79.1776326,
            43.775087
          ],
          [
            -79.1771774,
            43.7751525
          ],
          [
            -79.1767198,
            43.7752315
          ],
          [
            -79.1762779,
            43.7753309
          ],
          [
            -79.1759181,
            43.7754317
          ],
          [
            -79.1757036,
            43.7755063
          ],
          [
            -79.1755355,
            43.7755648
          ],
          [
            -79.1754607,
            43.7755841
          ],
          [
            -79.175364,
            43.7756091
          ],
          [
            -79.1753163,
            43.7756323
          ]
        ]
      }
    },
    {
      "type": "Feature",
      "id": "osm-way-1091328703",
      "properties": {
        "osmWayId": 1091328703,
        "highway": "footway",
        "surface": "asphalt",
        "wheelchair": null,
        "foot": null,
        "verificationStatus": "inferred",
        "source": "OpenStreetMap"
      },
      "geometry": {
        "type": "LineString",
        "coordinates": [
          [
            -79.1781249,
            43.7749854
          ],
          [
            -79.1780024,
            43.7750164
          ],
          [
            -79.1779294,
            43.7750274
          ]
        ]
      }
    },
    {
      "type": "Feature",
      "id": "osm-way-1091328704",
      "properties": {
        "osmWayId": 1091328704,
        "highway": "footway",
        "surface": "asphalt",
        "wheelchair": null,
        "foot": null,
        "verificationStatus": "inferred",
        "source": "OpenStreetMap"
      },
      "geometry": {
        "type": "LineString",
        "coordinates": [
          [
            -79.1780519,
            43.7747264
          ],
          [
            -79.1780658,
            43.7747756
          ],
          [
            -79.1781064,
            43.7749198
          ],
          [
            -79.1781249,
            43.7749854
          ]
        ]
      }
    },
    {
      "type": "Feature",
      "id": "osm-way-1091328705",
      "properties": {
        "osmWayId": 1091328705,
        "highway": "footway",
        "surface": "concrete",
        "wheelchair": null,
        "foot": null,
        "verificationStatus": "inferred",
        "source": "OpenStreetMap"
      },
      "geometry": {
        "type": "LineString",
        "coordinates": [
          [
            -79.1777677,
            43.7747519
          ],
          [
            -79.1777132,
            43.7747712
          ],
          [
            -79.1768263,
            43.7749061
          ],
          [
            -79.1768054,
            43.7749093
          ],
          [
            -79.1763822,
            43.7749873
          ],
          [
            -79.1760232,
            43.7750751
          ],
          [
            -79.1756544,
            43.7751929
          ],
          [
            -79.1754187,
            43.7752715
          ],
          [
            -79.1753649,
            43.7752806
          ]
        ]
      }
    },
    {
      "type": "Feature",
      "id": "osm-way-1091328706",
      "properties": {
        "osmWayId": 1091328706,
        "highway": "footway",
        "surface": "asphalt",
        "wheelchair": null,
        "foot": null,
        "verificationStatus": "inferred",
        "source": "OpenStreetMap"
      },
      "geometry": {
        "type": "LineString",
        "coordinates": [
          [
            -79.1779778,
            43.7747003
          ],
          [
            -79.1778946,
            43.7747209
          ],
          [
            -79.1777677,
            43.7747519
          ]
        ]
      }
    },
    {
      "type": "Feature",
      "id": "osm-way-1091328707",
      "properties": {
        "osmWayId": 1091328707,
        "highway": "footway",
        "surface": "concrete",
        "wheelchair": null,
        "foot": null,
        "verificationStatus": "inferred",
        "source": "OpenStreetMap"
      },
      "geometry": {
        "type": "LineString",
        "coordinates": [
          [
            -79.1778564,
            43.7750383
          ],
          [
            -79.1778473,
            43.7750117
          ]
        ]
      }
    },
    {
      "type": "Feature",
      "id": "osm-way-1091328710",
      "properties": {
        "osmWayId": 1091328710,
        "highway": "footway",
        "surface": null,
        "wheelchair": null,
        "foot": null,
        "verificationStatus": "inferred",
        "source": "OpenStreetMap"
      },
      "geometry": {
        "type": "LineString",
        "coordinates": [
          [
            -79.1680806,
            43.7819831
          ],
          [
            -79.1681833,
            43.7819825
          ],
          [
            -79.1683039,
            43.7819743
          ]
        ]
      }
    },
    {
      "type": "Feature",
      "id": "osm-way-1093706616",
      "properties": {
        "osmWayId": 1093706616,
        "highway": "footway",
        "surface": "concrete",
        "wheelchair": null,
        "foot": null,
        "verificationStatus": "inferred",
        "source": "OpenStreetMap"
      },
      "geometry": {
        "type": "LineString",
        "coordinates": [
          [
            -79.1860299,
            43.7814391
          ],
          [
            -79.18618,
            43.7814704
          ],
          [
            -79.1862613,
            43.7814648
          ],
          [
            -79.1866303,
            43.7815764
          ],
          [
            -79.1869736,
            43.7816508
          ],
          [
            -79.1872998,
            43.7818243
          ],
          [
            -79.1878643,
            43.7822545
          ],
          [
            -79.1879234,
            43.7822562
          ]
        ]
      }
    },
    {
      "type": "Feature",
      "id": "osm-way-1095431551",
      "properties": {
        "osmWayId": 1095431551,
        "highway": "footway",
        "surface": "dirt",
        "wheelchair": null,
        "foot": "yes",
        "verificationStatus": "inferred",
        "source": "OpenStreetMap"
      },
      "geometry": {
        "type": "LineString",
        "coordinates": [
          [
            -79.2033497,
            43.7758486
          ],
          [
            -79.2033201,
            43.7757866
          ],
          [
            -79.2032665,
            43.7757169
          ],
          [
            -79.2032316,
            43.7756588
          ],
          [
            -79.2032611,
            43.7756259
          ],
          [
            -79.2033201,
            43.7756007
          ],
          [
            -79.2033309,
            43.7755135
          ],
          [
            -79.2033309,
            43.7754845
          ],
          [
            -79.2034301,
            43.7754632
          ],
          [
            -79.203524,
            43.7754109
          ],
          [
            -79.2035937,
            43.7753567
          ],
          [
            -79.203693,
            43.7753334
          ],
          [
            -79.2038271,
            43.7753392
          ],
          [
            -79.2039156,
            43.775347
          ]
        ]
      }
    },
    {
      "type": "Feature",
      "id": "osm-way-1095431552",
      "properties": {
        "osmWayId": 1095431552,
        "highway": "footway",
        "surface": "dirt",
        "wheelchair": null,
        "foot": "yes",
        "verificationStatus": "inferred",
        "source": "OpenStreetMap"
      },
      "geometry": {
        "type": "LineString",
        "coordinates": [
          [
            -79.2047229,
            43.7756007
          ],
          [
            -79.2047605,
            43.7756588
          ],
          [
            -79.204782,
            43.7758118
          ],
          [
            -79.2048195,
            43.7758467
          ]
        ]
      }
    },
    {
      "type": "Feature",
      "id": "osm-way-1095431553",
      "properties": {
        "osmWayId": 1095431553,
        "highway": "footway",
        "surface": "dirt",
        "wheelchair": null,
        "foot": "yes",
        "verificationStatus": "inferred",
        "source": "OpenStreetMap"
      },
      "geometry": {
        "type": "LineString",
        "coordinates": [
          [
            -79.2039156,
            43.775347
          ],
          [
            -79.2039424,
            43.775256
          ],
          [
            -79.2039934,
            43.7751514
          ],
          [
            -79.2040631,
            43.7750642
          ],
          [
            -79.2041007,
            43.7750429
          ],
          [
            -79.2041624,
            43.7750642
          ],
          [
            -79.2041945,
            43.7750642
          ],
          [
            -79.2042267,
            43.7750236
          ],
          [
            -79.2042831,
            43.7749809
          ],
          [
            -79.2043608,
            43.7749538
          ],
          [
            -79.2044547,
            43.7749538
          ],
          [
            -79.2045808,
            43.7749926
          ],
          [
            -79.2046613,
            43.7750081
          ],
          [
            -79.2046807,
            43.7750323
          ],
          [
            -79.2046773,
            43.7751204
          ],
          [
            -79.2046398,
            43.7751669
          ],
          [
            -79.2046344,
            43.7752656
          ],
          [
            -79.2046586,
            43.7753683
          ],
          [
            -79.2047069,
            43.7754361
          ],
          [
            -79.2047337,
            43.7754632
          ],
          [
            -79.2047069,
            43.7755523
          ],
          [
            -79.2047229,
            43.7756007
          ]
        ]
      }
    },
    {
      "type": "Feature",
      "id": "osm-way-1095431554",
      "properties": {
        "osmWayId": 1095431554,
        "highway": "footway",
        "surface": "dirt",
        "wheelchair": null,
        "foot": "yes",
        "verificationStatus": "inferred",
        "source": "OpenStreetMap"
      },
      "geometry": {
        "type": "LineString",
        "coordinates": [
          [
            -79.2039156,
            43.775347
          ],
          [
            -79.2039116,
            43.7753722
          ],
          [
            -79.2039411,
            43.7754099
          ],
          [
            -79.2039625,
            43.7754351
          ],
          [
            -79.2040215,
            43.775498
          ],
          [
            -79.2041047,
            43.7755542
          ],
          [
            -79.2042053,
            43.775622
          ],
          [
            -79.2042589,
            43.7756675
          ],
          [
            -79.2044038,
            43.7756743
          ],
          [
            -79.2045446,
            43.7756617
          ],
          [
            -79.2046545,
            43.7756288
          ],
          [
            -79.2047229,
            43.7756007
          ]
        ]
      }
    },
    {
      "type": "Feature",
      "id": "osm-way-1095431555",
      "properties": {
        "osmWayId": 1095431555,
        "highway": "footway",
        "surface": "dirt",
        "wheelchair": null,
        "foot": "yes",
        "verificationStatus": "inferred",
        "source": "OpenStreetMap"
      },
      "geometry": {
        "type": "LineString",
        "coordinates": [
          [
            -79.2051921,
            43.7757251
          ],
          [
            -79.2050716,
            43.7757498
          ],
          [
            -79.2048973,
            43.7757963
          ],
          [
            -79.2048195,
            43.7758467
          ]
        ]
      }
    },
    {
      "type": "Feature",
      "id": "osm-way-1097863978",
      "properties": {
        "osmWayId": 1097863978,
        "highway": "footway",
        "surface": null,
        "wheelchair": null,
        "foot": "yes",
        "verificationStatus": "inferred",
        "source": "OpenStreetMap"
      },
      "geometry": {
        "type": "LineString",
        "coordinates": [
          [
            -79.1934823,
            43.7792852
          ],
          [
            -79.193313,
            43.7793119
          ]
        ]
      }
    },
    {
      "type": "Feature",
      "id": "osm-way-1097863979",
      "properties": {
        "osmWayId": 1097863979,
        "highway": "footway",
        "surface": null,
        "wheelchair": null,
        "foot": null,
        "verificationStatus": "inferred",
        "source": "OpenStreetMap"
      },
      "geometry": {
        "type": "LineString",
        "coordinates": [
          [
            -79.1942047,
            43.779305
          ],
          [
            -79.194149,
            43.7793341
          ],
          [
            -79.1941329,
            43.7793287
          ],
          [
            -79.1940424,
            43.7792445
          ],
          [
            -79.1939788,
            43.7791873
          ],
          [
            -79.1939431,
            43.7792034
          ],
          [
            -79.1939028,
            43.7792216
          ],
          [
            -79.1938436,
            43.7792359
          ],
          [
            -79.1937953,
            43.7792412
          ]
        ]
      }
    },
    {
      "type": "Feature",
      "id": "osm-way-1097863980",
      "properties": {
        "osmWayId": 1097863980,
        "highway": "footway",
        "surface": null,
        "wheelchair": null,
        "foot": "yes",
        "verificationStatus": "inferred",
        "source": "OpenStreetMap"
      },
      "geometry": {
        "type": "LineString",
        "coordinates": [
          [
            -79.1937953,
            43.7792412
          ],
          [
            -79.1934823,
            43.7792852
          ]
        ]
      }
    },
    {
      "type": "Feature",
      "id": "osm-way-1099928660",
      "properties": {
        "osmWayId": 1099928660,
        "highway": "footway",
        "surface": "earth",
        "wheelchair": null,
        "foot": "designated",
        "verificationStatus": "inferred",
        "source": "OpenStreetMap"
      },
      "geometry": {
        "type": "LineString",
        "coordinates": [
          [
            -79.1634812,
            43.7770738
          ],
          [
            -79.1637502,
            43.776947
          ],
          [
            -79.1641137,
            43.7768801
          ],
          [
            -79.1644771,
            43.7768596
          ],
          [
            -79.1648262,
            43.7768994
          ],
          [
            -79.1651163,
            43.7769544
          ]
        ]
      }
    },
    {
      "type": "Feature",
      "id": "osm-way-1109610248",
      "properties": {
        "osmWayId": 1109610248,
        "highway": "footway",
        "surface": null,
        "wheelchair": null,
        "foot": null,
        "verificationStatus": "inferred",
        "source": "OpenStreetMap"
      },
      "geometry": {
        "type": "LineString",
        "coordinates": [
          [
            -79.1742701,
            43.7849223
          ],
          [
            -79.1742622,
            43.7849112
          ],
          [
            -79.1738435,
            43.7849992
          ],
          [
            -79.1737177,
            43.7850014
          ]
        ]
      }
    },
    {
      "type": "Feature",
      "id": "osm-way-1109610249",
      "properties": {
        "osmWayId": 1109610249,
        "highway": "footway",
        "surface": null,
        "wheelchair": null,
        "foot": null,
        "verificationStatus": "inferred",
        "source": "OpenStreetMap"
      },
      "geometry": {
        "type": "LineString",
        "coordinates": [
          [
            -79.1743211,
            43.7849888
          ],
          [
            -79.1743349,
            43.7850116
          ],
          [
            -79.1738582,
            43.7851256
          ],
          [
            -79.1737892,
            43.7851641
          ]
        ]
      }
    },
    {
      "type": "Feature",
      "id": "osm-way-1109610250",
      "properties": {
        "osmWayId": 1109610250,
        "highway": "footway",
        "surface": null,
        "wheelchair": null,
        "foot": null,
        "verificationStatus": "inferred",
        "source": "OpenStreetMap"
      },
      "geometry": {
        "type": "LineString",
        "coordinates": [
          [
            -79.173773,
            43.7851285
          ],
          [
            -79.1737892,
            43.7851641
          ],
          [
            -79.173971,
            43.7856455
          ],
          [
            -79.1740155,
            43.7856924
          ],
          [
            -79.1743475,
            43.7865129
          ],
          [
            -79.1744468,
            43.7867032
          ],
          [
            -79.1746161,
            43.7871234
          ],
          [
            -79.1746286,
            43.7871506
          ]
        ]
      }
    },
    {
      "type": "Feature",
      "id": "osm-way-1109610251",
      "properties": {
        "osmWayId": 1109610251,
        "highway": "footway",
        "surface": null,
        "wheelchair": null,
        "foot": null,
        "verificationStatus": "inferred",
        "source": "OpenStreetMap"
      },
      "geometry": {
        "type": "LineString",
        "coordinates": [
          [
            -79.1746668,
            43.787242
          ],
          [
            -79.1746735,
            43.7872659
          ],
          [
            -79.1751869,
            43.7885074
          ],
          [
            -79.1755381,
            43.7893338
          ],
          [
            -79.1755929,
            43.7894079
          ],
          [
            -79.175624,
            43.7894852
          ]
        ]
      }
    },
    {
      "type": "Feature",
      "id": "osm-way-1109610252",
      "properties": {
        "osmWayId": 1109610252,
        "highway": "footway",
        "surface": null,
        "wheelchair": null,
        "foot": null,
        "verificationStatus": "inferred",
        "source": "OpenStreetMap"
      },
      "geometry": {
        "type": "LineString",
        "coordinates": [
          [
            -79.1766739,
            43.7894674
          ],
          [
            -79.1766988,
            43.7895261
          ],
          [
            -79.1773426,
            43.7910075
          ],
          [
            -79.1774722,
            43.7912172
          ],
          [
            -79.1774815,
            43.7912278
          ]
        ]
      }
    },
    {
      "type": "Feature",
      "id": "osm-way-1109610253",
      "properties": {
        "osmWayId": 1109610253,
        "highway": "footway",
        "surface": null,
        "wheelchair": null,
        "foot": null,
        "verificationStatus": "inferred",
        "source": "OpenStreetMap"
      },
      "geometry": {
        "type": "LineString",
        "coordinates": [
          [
            -79.1768843,
            43.7894157
          ],
          [
            -79.1769096,
            43.7894746
          ],
          [
            -79.1775674,
            43.790999
          ],
          [
            -79.1777358,
            43.791204
          ],
          [
            -79.1777465,
            43.791217
          ],
          [
            -79.1779049,
            43.7913452
          ],
          [
            -79.1781028,
            43.7914386
          ],
          [
            -79.178321,
            43.7914917
          ],
          [
            -79.1783969,
            43.7915029
          ],
          [
            -79.1785951,
            43.791532
          ],
          [
            -79.1788666,
            43.79151
          ],
          [
            -79.179472,
            43.791377
          ],
          [
            -79.1809169,
            43.7910594
          ],
          [
            -79.1810771,
            43.7910494
          ],
          [
            -79.1811179,
            43.7910469
          ]
        ]
      }
    },
    {
      "type": "Feature",
      "id": "osm-way-1166243611",
      "properties": {
        "osmWayId": 1166243611,
        "highway": "footway",
        "surface": null,
        "wheelchair": null,
        "foot": null,
        "verificationStatus": "inferred",
        "source": "OpenStreetMap"
      },
      "geometry": {
        "type": "LineString",
        "coordinates": [
          [
            -79.2045915,
            43.7791224
          ],
          [
            -79.2047025,
            43.7793612
          ]
        ]
      }
    },
    {
      "type": "Feature",
      "id": "osm-way-1166249439",
      "properties": {
        "osmWayId": 1166249439,
        "highway": "footway",
        "surface": null,
        "wheelchair": null,
        "foot": null,
        "verificationStatus": "inferred",
        "source": "OpenStreetMap"
      },
      "geometry": {
        "type": "LineString",
        "coordinates": [
          [
            -79.1783299,
            43.7751042
          ],
          [
            -79.1783058,
            43.7750907
          ],
          [
            -79.1781886,
            43.7749793
          ]
        ]
      }
    },
    {
      "type": "Feature",
      "id": "osm-way-1166249440",
      "properties": {
        "osmWayId": 1166249440,
        "highway": "footway",
        "surface": null,
        "wheelchair": null,
        "foot": null,
        "verificationStatus": "inferred",
        "source": "OpenStreetMap"
      },
      "geometry": {
        "type": "LineString",
        "coordinates": [
          [
            -79.1795496,
            43.7744575
          ],
          [
            -79.1794945,
            43.7743268
          ]
        ]
      }
    },
    {
      "type": "Feature",
      "id": "osm-way-1173075015",
      "properties": {
        "osmWayId": 1173075015,
        "highway": "path",
        "surface": null,
        "wheelchair": null,
        "foot": null,
        "verificationStatus": "inferred",
        "source": "OpenStreetMap"
      },
      "geometry": {
        "type": "LineString",
        "coordinates": [
          [
            -79.1915445,
            43.7781824
          ],
          [
            -79.1915958,
            43.7782005
          ],
          [
            -79.1917519,
            43.7781812
          ],
          [
            -79.192225,
            43.7780693
          ],
          [
            -79.1924362,
            43.778011
          ],
          [
            -79.192627,
            43.777871
          ],
          [
            -79.1926831,
            43.7778063
          ],
          [
            -79.1926458,
            43.77777
          ],
          [
            -79.1926199,
            43.7777558
          ]
        ]
      }
    },
    {
      "type": "Feature",
      "id": "osm-way-1178438105",
      "properties": {
        "osmWayId": 1178438105,
        "highway": "footway",
        "surface": "concrete:plates",
        "wheelchair": null,
        "foot": null,
        "verificationStatus": "inferred",
        "source": "OpenStreetMap"
      },
      "geometry": {
        "type": "LineString",
        "coordinates": [
          [
            -79.1862719,
            43.7853051
          ],
          [
            -79.1861968,
            43.7852646
          ],
          [
            -79.1860198,
            43.785201
          ],
          [
            -79.1859538,
            43.7851781
          ],
          [
            -79.1857053,
            43.7850916
          ]
        ]
      }
    },
    {
      "type": "Feature",
      "id": "osm-way-1179805556",
      "properties": {
        "osmWayId": 1179805556,
        "highway": "footway",
        "surface": "concrete",
        "wheelchair": null,
        "foot": null,
        "verificationStatus": "inferred",
        "source": "OpenStreetMap"
      },
      "geometry": {
        "type": "LineString",
        "coordinates": [
          [
            -79.1873061,
            43.7828325
          ],
          [
            -79.1873168,
            43.7827807
          ]
        ]
      }
    },
    {
      "type": "Feature",
      "id": "osm-way-1188088476",
      "properties": {
        "osmWayId": 1188088476,
        "highway": "path",
        "surface": "asphalt",
        "wheelchair": null,
        "foot": null,
        "verificationStatus": "inferred",
        "source": "OpenStreetMap"
      },
      "geometry": {
        "type": "LineString",
        "coordinates": [
          [
            -79.1926088,
            43.7791245
          ],
          [
            -79.1927024,
            43.7791275
          ],
          [
            -79.1928158,
            43.7791469
          ]
        ]
      }
    },
    {
      "type": "Feature",
      "id": "osm-way-1195099745",
      "properties": {
        "osmWayId": 1195099745,
        "highway": "footway",
        "surface": null,
        "wheelchair": null,
        "foot": null,
        "verificationStatus": "inferred",
        "source": "OpenStreetMap"
      },
      "geometry": {
        "type": "LineString",
        "coordinates": [
          [
            -79.1814625,
            43.7795202
          ],
          [
            -79.1814927,
            43.7794736
          ]
        ]
      }
    },
    {
      "type": "Feature",
      "id": "osm-way-1215582669",
      "properties": {
        "osmWayId": 1215582669,
        "highway": "footway",
        "surface": "concrete",
        "wheelchair": null,
        "foot": null,
        "verificationStatus": "inferred",
        "source": "OpenStreetMap"
      },
      "geometry": {
        "type": "LineString",
        "coordinates": [
          [
            -79.206121,
            43.7855274
          ],
          [
            -79.2055958,
            43.7843556
          ],
          [
            -79.2052634,
            43.7836134
          ],
          [
            -79.2049047,
            43.7828314
          ],
          [
            -79.2048581,
            43.7828006
          ],
          [
            -79.2048156,
            43.7827815
          ]
        ]
      }
    },
    {
      "type": "Feature",
      "id": "osm-way-1215582671",
      "properties": {
        "osmWayId": 1215582671,
        "highway": "footway",
        "surface": "asphalt",
        "wheelchair": null,
        "foot": null,
        "verificationStatus": "inferred",
        "source": "OpenStreetMap"
      },
      "geometry": {
        "type": "LineString",
        "coordinates": [
          [
            -79.2048156,
            43.7827815
          ],
          [
            -79.2047777,
            43.7826968
          ],
          [
            -79.2047344,
            43.7826
          ],
          [
            -79.2047267,
            43.7825828
          ]
        ]
      }
    },
    {
      "type": "Feature",
      "id": "osm-way-1215582673",
      "properties": {
        "osmWayId": 1215582673,
        "highway": "footway",
        "surface": "asphalt",
        "wheelchair": null,
        "foot": null,
        "verificationStatus": "inferred",
        "source": "OpenStreetMap"
      },
      "geometry": {
        "type": "LineString",
        "coordinates": [
          [
            -79.2044913,
            43.7812586
          ],
          [
            -79.2043801,
            43.7812858
          ],
          [
            -79.2042439,
            43.781319
          ]
        ]
      }
    },
    {
      "type": "Feature",
      "id": "osm-way-1215582674",
      "properties": {
        "osmWayId": 1215582674,
        "highway": "footway",
        "surface": "concrete",
        "wheelchair": null,
        "foot": null,
        "verificationStatus": "inferred",
        "source": "OpenStreetMap"
      },
      "geometry": {
        "type": "LineString",
        "coordinates": [
          [
            -79.2039525,
            43.7805688
          ],
          [
            -79.2040126,
            43.7807158
          ],
          [
            -79.20405,
            43.7807792
          ],
          [
            -79.20411,
            43.7809097
          ],
          [
            -79.2041365,
            43.7809741
          ],
          [
            -79.2041178,
            43.7810346
          ],
          [
            -79.2041859,
            43.7811888
          ],
          [
            -79.2042439,
            43.781319
          ],
          [
            -79.2043222,
            43.7814948
          ],
          [
            -79.2044411,
            43.7817654
          ],
          [
            -79.2047779,
            43.7825293
          ],
          [
            -79.2047734,
            43.7825501
          ]
        ]
      }
    },
    {
      "type": "Feature",
      "id": "osm-way-1215582675",
      "properties": {
        "osmWayId": 1215582675,
        "highway": "footway",
        "surface": "concrete",
        "wheelchair": null,
        "foot": null,
        "verificationStatus": "inferred",
        "source": "OpenStreetMap"
      },
      "geometry": {
        "type": "LineString",
        "coordinates": [
          [
            -79.2046942,
            43.7817095
          ],
          [
            -79.2044913,
            43.7812586
          ],
          [
            -79.2044257,
            43.7811113
          ],
          [
            -79.2043411,
            43.7809711
          ]
        ]
      }
    },
    {
      "type": "Feature",
      "id": "osm-way-1215655279",
      "properties": {
        "osmWayId": 1215655279,
        "highway": "footway",
        "surface": "concrete",
        "wheelchair": null,
        "foot": null,
        "verificationStatus": "inferred",
        "source": "OpenStreetMap"
      },
      "geometry": {
        "type": "LineString",
        "coordinates": [
          [
            -79.1969848,
            43.7957855
          ],
          [
            -79.1970424,
            43.7961001
          ],
          [
            -79.1971242,
            43.7963866
          ],
          [
            -79.1972436,
            43.7966915
          ],
          [
            -79.197422,
            43.7970255
          ]
        ]
      }
    },
    {
      "type": "Feature",
      "id": "osm-way-1215655280",
      "properties": {
        "osmWayId": 1215655280,
        "highway": "footway",
        "surface": "concrete",
        "wheelchair": null,
        "foot": null,
        "verificationStatus": "inferred",
        "source": "OpenStreetMap"
      },
      "geometry": {
        "type": "LineString",
        "coordinates": [
          [
            -79.197422,
            43.7970255
          ],
          [
            -79.1977988,
            43.7975773
          ]
        ]
      }
    },
    {
      "type": "Feature",
      "id": "osm-way-1215655281",
      "properties": {
        "osmWayId": 1215655281,
        "highway": "footway",
        "surface": "concrete",
        "wheelchair": null,
        "foot": null,
        "verificationStatus": "inferred",
        "source": "OpenStreetMap"
      },
      "geometry": {
        "type": "LineString",
        "coordinates": [
          [
            -79.1906685,
            43.7793256
          ],
          [
            -79.1899956,
            43.7777313
          ]
        ]
      }
    },
    {
      "type": "Feature",
      "id": "osm-way-1215655282",
      "properties": {
        "osmWayId": 1215655282,
        "highway": "footway",
        "surface": "concrete",
        "wheelchair": null,
        "foot": null,
        "verificationStatus": "inferred",
        "source": "OpenStreetMap"
      },
      "geometry": {
        "type": "LineString",
        "coordinates": [
          [
            -79.1899956,
            43.7777313
          ],
          [
            -79.1898166,
            43.7772662
          ],
          [
            -79.189547,
            43.7767104
          ],
          [
            -79.1893525,
            43.7764015
          ],
          [
            -79.1891301,
            43.7762406
          ],
          [
            -79.1889057,
            43.7757102
          ],
          [
            -79.1888238,
            43.775516
          ],
          [
            -79.1885384,
            43.7748419
          ]
        ]
      }
    },
    {
      "type": "Feature",
      "id": "osm-way-1215655283",
      "properties": {
        "osmWayId": 1215655283,
        "highway": "footway",
        "surface": "concrete",
        "wheelchair": null,
        "foot": null,
        "verificationStatus": "inferred",
        "source": "OpenStreetMap"
      },
      "geometry": {
        "type": "LineString",
        "coordinates": [
          [
            -79.1908988,
            43.779259
          ],
          [
            -79.1902256,
            43.7776797
          ]
        ]
      }
    },
    {
      "type": "Feature",
      "id": "osm-way-1215655284",
      "properties": {
        "osmWayId": 1215655284,
        "highway": "footway",
        "surface": "concrete",
        "wheelchair": null,
        "foot": null,
        "verificationStatus": "inferred",
        "source": "OpenStreetMap"
      },
      "geometry": {
        "type": "LineString",
        "coordinates": [
          [
            -79.1902256,
            43.7776797
          ],
          [
            -79.1901639,
            43.7775838
          ],
          [
            -79.1901314,
            43.7775006
          ],
          [
            -79.1899205,
            43.7770091
          ],
          [
            -79.1895698,
            43.7763831
          ],
          [
            -79.1894668,
            43.7761355
          ],
          [
            -79.1894176,
            43.7760456
          ],
          [
            -79.1893265,
            43.7759275
          ],
          [
            -79.1892513,
            43.7758113
          ],
          [
            -79.1891706,
            43.7756419
          ]
        ]
      }
    },
    {
      "type": "Feature",
      "id": "osm-way-1215655300",
      "properties": {
        "osmWayId": 1215655300,
        "highway": "footway",
        "surface": "concrete",
        "wheelchair": null,
        "foot": null,
        "verificationStatus": "inferred",
        "source": "OpenStreetMap"
      },
      "geometry": {
        "type": "LineString",
        "coordinates": [
          [
            -79.187593,
            43.7726137
          ],
          [
            -79.1876125,
            43.7725697
          ],
          [
            -79.1874502,
            43.772176
          ],
          [
            -79.187353,
            43.7719538
          ],
          [
            -79.1873142,
            43.7719008
          ],
          [
            -79.1872698,
            43.7718356
          ],
          [
            -79.1872074,
            43.7716929
          ],
          [
            -79.1871794,
            43.7716243
          ],
          [
            -79.1868943,
            43.7709631
          ],
          [
            -79.1868457,
            43.7709297
          ]
        ]
      }
    },
    {
      "type": "Feature",
      "id": "osm-way-1215655301",
      "properties": {
        "osmWayId": 1215655301,
        "highway": "footway",
        "surface": "asphalt",
        "wheelchair": null,
        "foot": null,
        "verificationStatus": "inferred",
        "source": "OpenStreetMap"
      },
      "geometry": {
        "type": "LineString",
        "coordinates": [
          [
            -79.1879614,
            43.7727507
          ],
          [
            -79.1878019,
            43.7727672
          ],
          [
            -79.1876648,
            43.7727813
          ]
        ]
      }
    },
    {
      "type": "Feature",
      "id": "osm-way-1215655302",
      "properties": {
        "osmWayId": 1215655302,
        "highway": "footway",
        "surface": "concrete",
        "wheelchair": null,
        "foot": null,
        "verificationStatus": "inferred",
        "source": "OpenStreetMap"
      },
      "geometry": {
        "type": "LineString",
        "coordinates": [
          [
            -79.1885245,
            43.7741283
          ],
          [
            -79.188512,
            43.774087
          ],
          [
            -79.1884781,
            43.7739743
          ],
          [
            -79.1879614,
            43.7727507
          ],
          [
            -79.1878798,
            43.7725574
          ],
          [
            -79.1877731,
            43.7723046
          ],
          [
            -79.187711,
            43.7722678
          ],
          [
            -79.1876382,
            43.772107
          ],
          [
            -79.1874934,
            43.7717544
          ],
          [
            -79.1874981,
            43.7716848
          ],
          [
            -79.1873844,
            43.7714169
          ],
          [
            -79.1873325,
            43.7712929
          ],
          [
            -79.1873112,
            43.771244
          ],
          [
            -79.1871854,
            43.7709563
          ],
          [
            -79.1870794,
            43.7706968
          ],
          [
            -79.1870673,
            43.7706603
          ]
        ]
      }
    },
    {
      "type": "Feature",
      "id": "osm-way-1215655303",
      "properties": {
        "osmWayId": 1215655303,
        "highway": "footway",
        "surface": "asphalt",
        "wheelchair": null,
        "foot": null,
        "verificationStatus": "inferred",
        "source": "OpenStreetMap"
      },
      "geometry": {
        "type": "LineString",
        "coordinates": [
          [
            -79.1889057,
            43.7757102
          ],
          [
            -79.1890683,
            43.7756683
          ],
          [
            -79.1891706,
            43.7756419
          ]
        ]
      }
    },
    {
      "type": "Feature",
      "id": "osm-way-1215655304",
      "properties": {
        "osmWayId": 1215655304,
        "highway": "footway",
        "surface": "asphalt",
        "wheelchair": null,
        "foot": null,
        "verificationStatus": "inferred",
        "source": "OpenStreetMap"
      },
      "geometry": {
        "type": "LineString",
        "coordinates": [
          [
            -79.1936045,
            43.7854117
          ],
          [
            -79.1935464,
            43.7852978
          ],
          [
            -79.1934827,
            43.785173
          ]
        ]
      }
    },
    {
      "type": "Feature",
      "id": "osm-way-1215655305",
      "properties": {
        "osmWayId": 1215655305,
        "highway": "footway",
        "surface": "asphalt",
        "wheelchair": null,
        "foot": null,
        "verificationStatus": "inferred",
        "source": "OpenStreetMap"
      },
      "geometry": {
        "type": "LineString",
        "coordinates": [
          [
            -79.1931888,
            43.7855219
          ],
          [
            -79.1931346,
            43.7853971
          ],
          [
            -79.1930943,
            43.7853073
          ]
        ]
      }
    },
    {
      "type": "Feature",
      "id": "osm-way-1215655306",
      "properties": {
        "osmWayId": 1215655306,
        "highway": "footway",
        "surface": "asphalt",
        "wheelchair": null,
        "foot": null,
        "verificationStatus": "inferred",
        "source": "OpenStreetMap"
      },
      "geometry": {
        "type": "LineString",
        "coordinates": [
          [
            -79.1944324,
            43.7892134
          ],
          [
            -79.1942836,
            43.7891683
          ],
          [
            -79.1941164,
            43.7891175
          ]
        ]
      }
    },
    {
      "type": "Feature",
      "id": "osm-way-1215655307",
      "properties": {
        "osmWayId": 1215655307,
        "highway": "footway",
        "surface": "concrete",
        "wheelchair": null,
        "foot": null,
        "verificationStatus": "inferred",
        "source": "OpenStreetMap"
      },
      "geometry": {
        "type": "LineString",
        "coordinates": [
          [
            -79.1941625,
            43.7893486
          ],
          [
            -79.1941948,
            43.7894306
          ],
          [
            -79.1944905,
            43.7901817
          ],
          [
            -79.1952742,
            43.7919798
          ],
          [
            -79.1953003,
            43.7919923
          ]
        ]
      }
    },
    {
      "type": "Feature",
      "id": "osm-way-1215655308",
      "properties": {
        "osmWayId": 1215655308,
        "highway": "footway",
        "surface": "concrete",
        "wheelchair": null,
        "foot": null,
        "verificationStatus": "inferred",
        "source": "OpenStreetMap"
      },
      "geometry": {
        "type": "LineString",
        "coordinates": [
          [
            -79.1946303,
            43.7894822
          ],
          [
            -79.1947437,
            43.7897451
          ],
          [
            -79.1948221,
            43.7899257
          ],
          [
            -79.1948779,
            43.7900552
          ],
          [
            -79.1953312,
            43.7911049
          ],
          [
            -79.1953875,
            43.7914495
          ],
          [
            -79.1956162,
            43.791921
          ],
          [
            -79.1956443,
            43.7919515
          ]
        ]
      }
    },
    {
      "type": "Feature",
      "id": "osm-way-1215655309",
      "properties": {
        "osmWayId": 1215655309,
        "highway": "footway",
        "surface": "asphalt",
        "wheelchair": null,
        "foot": null,
        "verificationStatus": "inferred",
        "source": "OpenStreetMap"
      },
      "geometry": {
        "type": "LineString",
        "coordinates": [
          [
            -79.1956443,
            43.7919515
          ],
          [
            -79.1956693,
            43.7920128
          ],
          [
            -79.1957094,
            43.7920914
          ]
        ]
      }
    },
    {
      "type": "Feature",
      "id": "osm-way-1215655310",
      "properties": {
        "osmWayId": 1215655310,
        "highway": "footway",
        "surface": "asphalt",
        "wheelchair": null,
        "foot": null,
        "verificationStatus": "inferred",
        "source": "OpenStreetMap"
      },
      "geometry": {
        "type": "LineString",
        "coordinates": [
          [
            -79.1953003,
            43.7919923
          ],
          [
            -79.1954739,
            43.7919531
          ],
          [
            -79.1956162,
            43.791921
          ]
        ]
      }
    },
    {
      "type": "Feature",
      "id": "osm-way-1215655311",
      "properties": {
        "osmWayId": 1215655311,
        "highway": "footway",
        "surface": "concrete",
        "wheelchair": null,
        "foot": null,
        "verificationStatus": "inferred",
        "source": "OpenStreetMap"
      },
      "geometry": {
        "type": "LineString",
        "coordinates": [
          [
            -79.1957094,
            43.7920914
          ],
          [
            -79.1957174,
            43.7921543
          ],
          [
            -79.1958448,
            43.7924108
          ],
          [
            -79.1963665,
            43.7936335
          ],
          [
            -79.1964398,
            43.7938759
          ],
          [
            -79.1964886,
            43.7940372
          ],
          [
            -79.1966344,
            43.7946366
          ],
          [
            -79.1966819,
            43.7948387
          ],
          [
            -79.1968037,
            43.7954041
          ],
          [
            -79.19686,
            43.7955919
          ],
          [
            -79.1969028,
            43.7955955
          ],
          [
            -79.1969781,
            43.7956015
          ],
          [
            -79.1969848,
            43.7957855
          ]
        ]
      }
    },
    {
      "type": "Feature",
      "id": "osm-way-1215655312",
      "properties": {
        "osmWayId": 1215655312,
        "highway": "footway",
        "surface": "asphalt",
        "wheelchair": null,
        "foot": null,
        "verificationStatus": "inferred",
        "source": "OpenStreetMap"
      },
      "geometry": {
        "type": "LineString",
        "coordinates": [
          [
            -79.1977988,
            43.7975773
          ],
          [
            -79.1978346,
            43.7976348
          ],
          [
            -79.1978975,
            43.7977361
          ],
          [
            -79.1979504,
            43.7978212
          ]
        ]
      }
    },
    {
      "type": "Feature",
      "id": "osm-way-1215655313",
      "properties": {
        "osmWayId": 1215655313,
        "highway": "footway",
        "surface": "concrete",
        "wheelchair": null,
        "foot": null,
        "verificationStatus": "inferred",
        "source": "OpenStreetMap"
      },
      "geometry": {
        "type": "LineString",
        "coordinates": [
          [
            -79.1974649,
            43.7976963
          ],
          [
            -79.1975105,
            43.7978289
          ]
        ]
      }
    },
    {
      "type": "Feature",
      "id": "osm-way-1215655314",
      "properties": {
        "osmWayId": 1215655314,
        "highway": "footway",
        "surface": "asphalt",
        "wheelchair": null,
        "foot": null,
        "verificationStatus": "inferred",
        "source": "OpenStreetMap"
      },
      "geometry": {
        "type": "LineString",
        "coordinates": [
          [
            -79.1979839,
            43.7978957
          ],
          [
            -79.1978911,
            43.7979329
          ],
          [
            -79.1977372,
            43.7979948
          ]
        ]
      }
    },
    {
      "type": "Feature",
      "id": "osm-way-1215655315",
      "properties": {
        "osmWayId": 1215655315,
        "highway": "footway",
        "surface": "concrete",
        "wheelchair": null,
        "foot": null,
        "verificationStatus": "inferred",
        "source": "OpenStreetMap"
      },
      "geometry": {
        "type": "LineString",
        "coordinates": [
          [
            -79.1987094,
            43.7990951
          ],
          [
            -79.1979839,
            43.7978957
          ],
          [
            -79.1979504,
            43.7978212
          ]
        ]
      }
    },
    {
      "type": "Feature",
      "id": "osm-way-1215655316",
      "properties": {
        "osmWayId": 1215655316,
        "highway": "footway",
        "surface": "concrete",
        "wheelchair": null,
        "foot": null,
        "verificationStatus": "inferred",
        "source": "OpenStreetMap"
      },
      "geometry": {
        "type": "LineString",
        "coordinates": [
          [
            -79.1988146,
            43.8002336
          ],
          [
            -79.1988121,
            43.8002177
          ],
          [
            -79.1988013,
            43.8001482
          ],
          [
            -79.1985109,
            43.7994774
          ],
          [
            -79.1982695,
            43.799005
          ],
          [
            -79.1980281,
            43.7985791
          ],
          [
            -79.1976821,
            43.7980603
          ],
          [
            -79.1976392,
            43.7980341
          ]
        ]
      }
    },
    {
      "type": "Feature",
      "id": "osm-way-1215834512",
      "properties": {
        "osmWayId": 1215834512,
        "highway": "footway",
        "surface": "concrete",
        "wheelchair": null,
        "foot": null,
        "verificationStatus": "inferred",
        "source": "OpenStreetMap"
      },
      "geometry": {
        "type": "LineString",
        "coordinates": [
          [
            -79.1732331,
            43.790028
          ],
          [
            -79.1732036,
            43.7898725
          ],
          [
            -79.1730677,
            43.7893923
          ],
          [
            -79.1730578,
            43.7893574
          ],
          [
            -79.1729844,
            43.7892248
          ],
          [
            -79.1729441,
            43.7890472
          ],
          [
            -79.1729047,
            43.7889853
          ],
          [
            -79.1728748,
            43.7889122
          ]
        ]
      }
    },
    {
      "type": "Feature",
      "id": "osm-way-1215834514",
      "properties": {
        "osmWayId": 1215834514,
        "highway": "footway",
        "surface": "concrete",
        "wheelchair": null,
        "foot": null,
        "verificationStatus": "inferred",
        "source": "OpenStreetMap"
      },
      "geometry": {
        "type": "LineString",
        "coordinates": [
          [
            -79.1751715,
            43.7941843
          ],
          [
            -79.1751569,
            43.7941518
          ],
          [
            -79.1750079,
            43.7938061
          ],
          [
            -79.1749731,
            43.7937253
          ],
          [
            -79.174895,
            43.7935473
          ],
          [
            -79.1748801,
            43.7935133
          ],
          [
            -79.1746882,
            43.7930759
          ],
          [
            -79.1746658,
            43.7930259
          ],
          [
            -79.1746179,
            43.7929187
          ],
          [
            -79.1744764,
            43.7926094
          ],
          [
            -79.1744445,
            43.7925396
          ],
          [
            -79.1744123,
            43.7924657
          ],
          [
            -79.1737998,
            43.7910613
          ],
          [
            -79.1737098,
            43.7908052
          ],
          [
            -79.1735691,
            43.7902336
          ]
        ]
      }
    },
    {
      "type": "Feature",
      "id": "osm-way-1215838200",
      "properties": {
        "osmWayId": 1215838200,
        "highway": "footway",
        "surface": "asphalt",
        "wheelchair": null,
        "foot": null,
        "verificationStatus": "inferred",
        "source": "OpenStreetMap"
      },
      "geometry": {
        "type": "LineString",
        "coordinates": [
          [
            -79.165883,
            43.7981396
          ],
          [
            -79.1657901,
            43.7981704
          ],
          [
            -79.1656224,
            43.7982259
          ],
          [
            -79.1655342,
            43.7982551
          ]
        ]
      }
    },
    {
      "type": "Feature",
      "id": "osm-way-1215838204",
      "properties": {
        "osmWayId": 1215838204,
        "highway": "footway",
        "surface": "asphalt",
        "wheelchair": null,
        "foot": null,
        "verificationStatus": "inferred",
        "source": "OpenStreetMap"
      },
      "geometry": {
        "type": "LineString",
        "coordinates": [
          [
            -79.1649619,
            43.7961572
          ],
          [
            -79.1650547,
            43.7961372
          ],
          [
            -79.1651952,
            43.7961069
          ]
        ]
      }
    },
    {
      "type": "Feature",
      "id": "osm-way-1215838206",
      "properties": {
        "osmWayId": 1215838206,
        "highway": "footway",
        "surface": "asphalt",
        "wheelchair": null,
        "foot": null,
        "verificationStatus": "inferred",
        "source": "OpenStreetMap"
      },
      "geometry": {
        "type": "LineString",
        "coordinates": [
          [
            -79.1648558,
            43.7959198
          ],
          [
            -79.1649615,
            43.7958968
          ],
          [
            -79.1651154,
            43.7958629
          ]
        ]
      }
    },
    {
      "type": "Feature",
      "id": "osm-way-1215838207",
      "properties": {
        "osmWayId": 1215838207,
        "highway": "footway",
        "surface": "asphalt",
        "wheelchair": null,
        "foot": null,
        "verificationStatus": "inferred",
        "source": "OpenStreetMap"
      },
      "geometry": {
        "type": "LineString",
        "coordinates": [
          [
            -79.1651496,
            43.795905
          ],
          [
            -79.1651707,
            43.7959583
          ],
          [
            -79.165208,
            43.7960522
          ]
        ]
      }
    },
    {
      "type": "Feature",
      "id": "osm-way-1215838210",
      "properties": {
        "osmWayId": 1215838210,
        "highway": "footway",
        "surface": "concrete",
        "wheelchair": null,
        "foot": null,
        "verificationStatus": "inferred",
        "source": "OpenStreetMap"
      },
      "geometry": {
        "type": "LineString",
        "coordinates": [
          [
            -79.1667576,
            43.8002973
          ],
          [
            -79.1664183,
            43.7995626
          ],
          [
            -79.1661367,
            43.7988463
          ]
        ]
      }
    },
    {
      "type": "Feature",
      "id": "osm-way-1215838211",
      "properties": {
        "osmWayId": 1215838211,
        "highway": "footway",
        "surface": "asphalt",
        "wheelchair": null,
        "foot": null,
        "verificationStatus": "inferred",
        "source": "OpenStreetMap"
      },
      "geometry": {
        "type": "LineString",
        "coordinates": [
          [
            -79.1660186,
            43.7984651
          ],
          [
            -79.1659837,
            43.7983814
          ],
          [
            -79.1659368,
            43.7982689
          ],
          [
            -79.165883,
            43.7981396
          ]
        ]
      }
    },
    {
      "type": "Feature",
      "id": "osm-way-1215838212",
      "properties": {
        "osmWayId": 1215838212,
        "highway": "footway",
        "surface": "concrete",
        "wheelchair": null,
        "foot": null,
        "verificationStatus": "inferred",
        "source": "OpenStreetMap"
      },
      "geometry": {
        "type": "LineString",
        "coordinates": [
          [
            -79.1657116,
            43.7987437
          ],
          [
            -79.1660012,
            43.7995529
          ],
          [
            -79.1662091,
            43.8001666
          ]
        ]
      }
    },
    {
      "type": "Feature",
      "id": "osm-way-1215838214",
      "properties": {
        "osmWayId": 1215838214,
        "highway": "footway",
        "surface": "concrete",
        "wheelchair": null,
        "foot": null,
        "verificationStatus": "inferred",
        "source": "OpenStreetMap"
      },
      "geometry": {
        "type": "LineString",
        "coordinates": [
          [
            -79.164923,
            43.7961262
          ],
          [
            -79.1649619,
            43.7961572
          ],
          [
            -79.1651872,
            43.7971794
          ],
          [
            -79.1654487,
            43.7980196
          ],
          [
            -79.1655342,
            43.7982551
          ],
          [
            -79.1657116,
            43.7987437
          ]
        ]
      }
    },
    {
      "type": "Feature",
      "id": "osm-way-1215844120",
      "properties": {
        "osmWayId": 1215844120,
        "highway": "footway",
        "surface": "concrete",
        "wheelchair": null,
        "foot": null,
        "verificationStatus": "inferred",
        "source": "OpenStreetMap"
      },
      "geometry": {
        "type": "LineString",
        "coordinates": [
          [
            -79.1832567,
            43.774341
          ],
          [
            -79.183223,
            43.7743229
          ],
          [
            -79.1831276,
            43.7742514
          ],
          [
            -79.1830867,
            43.7742059
          ]
        ]
      }
    },
    {
      "type": "Feature",
      "id": "osm-way-1215844121",
      "properties": {
        "osmWayId": 1215844121,
        "highway": "footway",
        "surface": "concrete",
        "wheelchair": null,
        "foot": null,
        "verificationStatus": "inferred",
        "source": "OpenStreetMap"
      },
      "geometry": {
        "type": "LineString",
        "coordinates": [
          [
            -79.1839841,
            43.7738014
          ],
          [
            -79.1840573,
            43.7738981
          ],
          [
            -79.184088,
            43.7739177
          ]
        ]
      }
    },
    {
      "type": "Feature",
      "id": "osm-way-1215844122",
      "properties": {
        "osmWayId": 1215844122,
        "highway": "footway",
        "surface": "asphalt",
        "wheelchair": null,
        "foot": null,
        "verificationStatus": "inferred",
        "source": "OpenStreetMap"
      },
      "geometry": {
        "type": "LineString",
        "coordinates": [
          [
            -79.1830867,
            43.7742059
          ],
          [
            -79.1830451,
            43.7741358
          ],
          [
            -79.1829653,
            43.7740013
          ],
          [
            -79.1829344,
            43.7739492
          ]
        ]
      }
    },
    {
      "type": "Feature",
      "id": "osm-way-1215844123",
      "properties": {
        "osmWayId": 1215844123,
        "highway": "footway",
        "surface": "asphalt",
        "wheelchair": null,
        "foot": null,
        "verificationStatus": "inferred",
        "source": "OpenStreetMap"
      },
      "geometry": {
        "type": "LineString",
        "coordinates": [
          [
            -79.1833193,
            43.7741196
          ],
          [
            -79.1832711,
            43.7740574
          ],
          [
            -79.1831706,
            43.7739277
          ],
          [
            -79.1831329,
            43.77388
          ]
        ]
      }
    },
    {
      "type": "Feature",
      "id": "osm-way-1215845340",
      "properties": {
        "osmWayId": 1215845340,
        "highway": "footway",
        "surface": "asphalt",
        "wheelchair": null,
        "foot": null,
        "verificationStatus": "inferred",
        "source": "OpenStreetMap"
      },
      "geometry": {
        "type": "LineString",
        "coordinates": [
          [
            -79.1836311,
            43.7739834
          ],
          [
            -79.1836173,
            43.7740252
          ],
          [
            -79.1835328,
            43.7740978
          ],
          [
            -79.1835,
            43.7741491
          ],
          [
            -79.1834245,
            43.7742242
          ]
        ]
      }
    },
    {
      "type": "Feature",
      "id": "osm-way-1219003919",
      "properties": {
        "osmWayId": 1219003919,
        "highway": "footway",
        "surface": "asphalt",
        "wheelchair": null,
        "foot": null,
        "verificationStatus": "inferred",
        "source": "OpenStreetMap"
      },
      "geometry": {
        "type": "LineString",
        "coordinates": [
          [
            -79.1957174,
            43.7921543
          ],
          [
            -79.1955734,
            43.7921854
          ],
          [
            -79.1953908,
            43.7922249
          ]
        ]
      }
    },
    {
      "type": "Feature",
      "id": "osm-way-1219003920",
      "properties": {
        "osmWayId": 1219003920,
        "highway": "footway",
        "surface": "asphalt",
        "wheelchair": null,
        "foot": null,
        "verificationStatus": "inferred",
        "source": "OpenStreetMap"
      },
      "geometry": {
        "type": "LineString",
        "coordinates": [
          [
            -79.1953908,
            43.7922249
          ],
          [
            -79.1953385,
            43.7920897
          ],
          [
            -79.1953003,
            43.7919923
          ]
        ]
      }
    },
    {
      "type": "Feature",
      "id": "osm-way-1219003921",
      "properties": {
        "osmWayId": 1219003921,
        "highway": "footway",
        "surface": "concrete",
        "wheelchair": null,
        "foot": null,
        "verificationStatus": "inferred",
        "source": "OpenStreetMap"
      },
      "geometry": {
        "type": "LineString",
        "coordinates": [
          [
            -79.1945048,
            43.7922551
          ],
          [
            -79.1944931,
            43.7922002
          ],
          [
            -79.1944705,
            43.7920942
          ],
          [
            -79.1944532,
            43.7920428
          ],
          [
            -79.1942206,
            43.7914998
          ],
          [
            -79.1941847,
            43.7914196
          ]
        ]
      }
    },
    {
      "type": "Feature",
      "id": "osm-way-1265896851",
      "properties": {
        "osmWayId": 1265896851,
        "highway": "footway",
        "surface": null,
        "wheelchair": null,
        "foot": null,
        "verificationStatus": "inferred",
        "source": "OpenStreetMap"
      },
      "geometry": {
        "type": "LineString",
        "coordinates": [
          [
            -79.1922039,
            43.7901799
          ],
          [
            -79.1923525,
            43.7904602
          ],
          [
            -79.192366,
            43.7904952
          ],
          [
            -79.1924325,
            43.7906671
          ]
        ]
      }
    },
    {
      "type": "Feature",
      "id": "osm-way-1265896856",
      "properties": {
        "osmWayId": 1265896856,
        "highway": "footway",
        "surface": "concrete:plates",
        "wheelchair": null,
        "foot": null,
        "verificationStatus": "inferred",
        "source": "OpenStreetMap"
      },
      "geometry": {
        "type": "LineString",
        "coordinates": [
          [
            -79.1927033,
            43.7900752
          ],
          [
            -79.1926701,
            43.7899903
          ]
        ]
      }
    },
    {
      "type": "Feature",
      "id": "osm-way-1265896857",
      "properties": {
        "osmWayId": 1265896857,
        "highway": "footway",
        "surface": "concrete:plates",
        "wheelchair": null,
        "foot": null,
        "verificationStatus": "inferred",
        "source": "OpenStreetMap"
      },
      "geometry": {
        "type": "LineString",
        "coordinates": [
          [
            -79.1929879,
            43.7900118
          ],
          [
            -79.1929607,
            43.7899265
          ]
        ]
      }
    },
    {
      "type": "Feature",
      "id": "osm-way-1265896858",
      "properties": {
        "osmWayId": 1265896858,
        "highway": "footway",
        "surface": "concrete:plates",
        "wheelchair": null,
        "foot": null,
        "verificationStatus": "inferred",
        "source": "OpenStreetMap"
      },
      "geometry": {
        "type": "LineString",
        "coordinates": [
          [
            -79.1923932,
            43.7901388
          ],
          [
            -79.1923567,
            43.7900592
          ]
        ]
      }
    },
    {
      "type": "Feature",
      "id": "osm-way-1272617071",
      "properties": {
        "osmWayId": 1272617071,
        "highway": "path",
        "surface": "asphalt",
        "wheelchair": null,
        "foot": null,
        "verificationStatus": "inferred",
        "source": "OpenStreetMap"
      },
      "geometry": {
        "type": "LineString",
        "coordinates": [
          [
            -79.1930312,
            43.7788736
          ],
          [
            -79.1929437,
            43.778746
          ]
        ]
      }
    },
    {
      "type": "Feature",
      "id": "osm-way-1276205943",
      "properties": {
        "osmWayId": 1276205943,
        "highway": "footway",
        "surface": "concrete:plates",
        "wheelchair": null,
        "foot": null,
        "verificationStatus": "inferred",
        "source": "OpenStreetMap"
      },
      "geometry": {
        "type": "LineString",
        "coordinates": [
          [
            -79.1876995,
            43.7852727
          ],
          [
            -79.1881899,
            43.785397
          ],
          [
            -79.1882035,
            43.7854082
          ],
          [
            -79.1882378,
            43.7855544
          ],
          [
            -79.1883108,
            43.7855675
          ]
        ]
      }
    },
    {
      "type": "Feature",
      "id": "osm-way-1276205944",
      "properties": {
        "osmWayId": 1276205944,
        "highway": "footway",
        "surface": "concrete:plates",
        "wheelchair": null,
        "foot": null,
        "verificationStatus": "inferred",
        "source": "OpenStreetMap"
      },
      "geometry": {
        "type": "LineString",
        "coordinates": [
          [
            -79.1876573,
            43.7851848
          ],
          [
            -79.188252,
            43.7853407
          ],
          [
            -79.1884939,
            43.7854041
          ],
          [
            -79.1887014,
            43.7854585
          ],
          [
            -79.1887088,
            43.7854604
          ],
          [
            -79.1887339,
            43.785412
          ],
          [
            -79.1892205,
            43.7855485
          ],
          [
            -79.1891872,
            43.7856142
          ]
        ]
      }
    },
    {
      "type": "Feature",
      "id": "osm-way-1276205945",
      "properties": {
        "osmWayId": 1276205945,
        "highway": "footway",
        "surface": "asphalt",
        "wheelchair": null,
        "foot": null,
        "verificationStatus": "inferred",
        "source": "OpenStreetMap"
      },
      "geometry": {
        "type": "LineString",
        "coordinates": [
          [
            -79.188252,
            43.7853407
          ],
          [
            -79.1882305,
            43.7853682
          ],
          [
            -79.1882035,
            43.7854082
          ]
        ]
      }
    },
    {
      "type": "Feature",
      "id": "osm-way-1276205946",
      "properties": {
        "osmWayId": 1276205946,
        "highway": "footway",
        "surface": "concrete:plates",
        "wheelchair": null,
        "foot": null,
        "verificationStatus": "inferred",
        "source": "OpenStreetMap"
      },
      "geometry": {
        "type": "LineString",
        "coordinates": [
          [
            -79.18871,
            43.7855395
          ],
          [
            -79.1886636,
            43.7855271
          ],
          [
            -79.1884532,
            43.7854706
          ]
        ]
      }
    },
    {
      "type": "Feature",
      "id": "osm-way-1276205947",
      "properties": {
        "osmWayId": 1276205947,
        "highway": "footway",
        "surface": "asphalt",
        "wheelchair": null,
        "foot": null,
        "verificationStatus": "inferred",
        "source": "OpenStreetMap"
      },
      "geometry": {
        "type": "LineString",
        "coordinates": [
          [
            -79.1887014,
            43.7854585
          ],
          [
            -79.1886862,
            43.7854861
          ],
          [
            -79.1886636,
            43.7855271
          ]
        ]
      }
    },
    {
      "type": "Feature",
      "id": "osm-way-1276205948",
      "properties": {
        "osmWayId": 1276205948,
        "highway": "footway",
        "surface": "asphalt",
        "wheelchair": null,
        "foot": null,
        "verificationStatus": "inferred",
        "source": "OpenStreetMap"
      },
      "geometry": {
        "type": "LineString",
        "coordinates": [
          [
            -79.1884939,
            43.7854041
          ],
          [
            -79.1884767,
            43.7854319
          ],
          [
            -79.1884532,
            43.7854706
          ]
        ]
      }
    },
    {
      "type": "Feature",
      "id": "osm-way-1295261282",
      "properties": {
        "osmWayId": 1295261282,
        "highway": "footway",
        "surface": null,
        "wheelchair": null,
        "foot": null,
        "verificationStatus": "inferred",
        "source": "OpenStreetMap"
      },
      "geometry": {
        "type": "LineString",
        "coordinates": [
          [
            -79.1993091,
            43.8003712
          ],
          [
            -79.1993191,
            43.8003625
          ],
          [
            -79.1993786,
            43.8003107
          ],
          [
            -79.1997165,
            43.8002333
          ],
          [
            -79.1999276,
            43.8001872
          ],
          [
            -79.2004349,
            43.8000765
          ],
          [
            -79.2007839,
            43.7999758
          ],
          [
            -79.2007856,
            43.7999753
          ],
          [
            -79.2009996,
            43.7998916
          ],
          [
            -79.2016001,
            43.799545
          ],
          [
            -79.2022534,
            43.7991451
          ],
          [
            -79.2022873,
            43.7991236
          ]
        ]
      }
    },
    {
      "type": "Feature",
      "id": "osm-way-1295261287",
      "properties": {
        "osmWayId": 1295261287,
        "highway": "footway",
        "surface": null,
        "wheelchair": null,
        "foot": null,
        "verificationStatus": "inferred",
        "source": "OpenStreetMap"
      },
      "geometry": {
        "type": "LineString",
        "coordinates": [
          [
            -79.1991994,
            43.8001271
          ],
          [
            -79.1992226,
            43.8001277
          ],
          [
            -79.1993,
            43.8001354
          ],
          [
            -79.1994665,
            43.800106
          ],
          [
            -79.1999236,
            43.8000032
          ],
          [
            -79.2004114,
            43.7998925
          ],
          [
            -79.200719,
            43.7998052
          ],
          [
            -79.2008107,
            43.7997627
          ],
          [
            -79.201104,
            43.7996123
          ],
          [
            -79.2013867,
            43.7994458
          ],
          [
            -79.20193,
            43.7991072
          ],
          [
            -79.2020847,
            43.7990018
          ]
        ]
      }
    },
    {
      "type": "Feature",
      "id": "osm-way-1295261288",
      "properties": {
        "osmWayId": 1295261288,
        "highway": "footway",
        "surface": "asphalt",
        "wheelchair": null,
        "foot": null,
        "verificationStatus": "inferred",
        "source": "OpenStreetMap"
      },
      "geometry": {
        "type": "LineString",
        "coordinates": [
          [
            -79.2022534,
            43.7991451
          ],
          [
            -79.2021561,
            43.7990624
          ],
          [
            -79.2020847,
            43.7990018
          ]
        ]
      }
    },
    {
      "type": "Feature",
      "id": "osm-way-1295261289",
      "properties": {
        "osmWayId": 1295261289,
        "highway": "footway",
        "surface": "asphalt",
        "wheelchair": null,
        "foot": null,
        "verificationStatus": "inferred",
        "source": "OpenStreetMap"
      },
      "geometry": {
        "type": "LineString",
        "coordinates": [
          [
            -79.2023089,
            43.7988643
          ],
          [
            -79.2023825,
            43.7989268
          ],
          [
            -79.2024771,
            43.7990073
          ]
        ]
      }
    },
    {
      "type": "Feature",
      "id": "osm-way-1295261292",
      "properties": {
        "osmWayId": 1295261292,
        "highway": "footway",
        "surface": null,
        "wheelchair": null,
        "foot": null,
        "verificationStatus": "inferred",
        "source": "OpenStreetMap"
      },
      "geometry": {
        "type": "LineString",
        "coordinates": [
          [
            -79.2022887,
            43.7991227
          ],
          [
            -79.2025456,
            43.79936
          ],
          [
            -79.2026715,
            43.7994712
          ],
          [
            -79.2031076,
            43.7998355
          ],
          [
            -79.2033059,
            43.7999876
          ],
          [
            -79.2034204,
            43.8000585
          ],
          [
            -79.2034867,
            43.8000892
          ],
          [
            -79.2036427,
            43.8001537
          ],
          [
            -79.2038568,
            43.8002053
          ],
          [
            -79.2041339,
            43.8002425
          ],
          [
            -79.204268,
            43.800243
          ],
          [
            -79.2044792,
            43.8002243
          ],
          [
            -79.2046726,
            43.8001906
          ],
          [
            -79.2047743,
            43.8001692
          ],
          [
            -79.2054482,
            43.8000286
          ],
          [
            -79.2058729,
            43.799935
          ],
          [
            -79.2060404,
            43.7998863
          ],
          [
            -79.2060813,
            43.7998729
          ],
          [
            -79.2063567,
            43.7997639
          ],
          [
            -79.2063775,
            43.7997513
          ]
        ]
      }
    },
    {
      "type": "Feature",
      "id": "osm-way-1295552148",
      "properties": {
        "osmWayId": 1295552148,
        "highway": "footway",
        "surface": "asphalt",
        "wheelchair": null,
        "foot": null,
        "verificationStatus": "inferred",
        "source": "OpenStreetMap"
      },
      "geometry": {
        "type": "LineString",
        "coordinates": [
          [
            -79.2020847,
            43.7990018
          ],
          [
            -79.2021786,
            43.7989442
          ],
          [
            -79.2022438,
            43.7989042
          ],
          [
            -79.2023089,
            43.7988643
          ]
        ]
      }
    },
    {
      "type": "Feature",
      "id": "osm-way-1295552149",
      "properties": {
        "osmWayId": 1295552149,
        "highway": "footway",
        "surface": "asphalt",
        "wheelchair": null,
        "foot": null,
        "verificationStatus": "inferred",
        "source": "OpenStreetMap"
      },
      "geometry": {
        "type": "LineString",
        "coordinates": [
          [
            -79.2022873,
            43.7991236
          ],
          [
            -79.2022887,
            43.7991227
          ],
          [
            -79.2023827,
            43.7990651
          ],
          [
            -79.2024771,
            43.7990073
          ]
        ]
      }
    },
    {
      "type": "Feature",
      "id": "osm-way-1295552150",
      "properties": {
        "osmWayId": 1295552150,
        "highway": "footway",
        "surface": null,
        "wheelchair": null,
        "foot": null,
        "verificationStatus": "inferred",
        "source": "OpenStreetMap"
      },
      "geometry": {
        "type": "LineString",
        "coordinates": [
          [
            -79.1918603,
            43.7996716
          ],
          [
            -79.1918835,
            43.7996687
          ],
          [
            -79.1919798,
            43.7996366
          ],
          [
            -79.1926007,
            43.7995069
          ],
          [
            -79.1929187,
            43.7994396
          ],
          [
            -79.1932592,
            43.7993719
          ],
          [
            -79.1936065,
            43.7992916
          ],
          [
            -79.1939833,
            43.7992041
          ],
          [
            -79.1942995,
            43.7991347
          ],
          [
            -79.1945158,
            43.7990854
          ],
          [
            -79.1947103,
            43.7990583
          ],
          [
            -79.1949,
            43.7990476
          ],
          [
            -79.1951253,
            43.799051
          ],
          [
            -79.1953875,
            43.7990859
          ],
          [
            -79.1954706,
            43.7991019
          ],
          [
            -79.1955733,
            43.7991294
          ],
          [
            -79.1957852,
            43.7991972
          ],
          [
            -79.1960024,
            43.7993032
          ],
          [
            -79.1961008,
            43.7993644
          ],
          [
            -79.1961841,
            43.7994135
          ],
          [
            -79.1963906,
            43.7995784
          ],
          [
            -79.1965576,
            43.7997363
          ],
          [
            -79.1965631,
            43.7997706
          ]
        ]
      }
    },
    {
      "type": "Feature",
      "id": "osm-way-1295552151",
      "properties": {
        "osmWayId": 1295552151,
        "highway": "footway",
        "surface": "concrete",
        "wheelchair": null,
        "foot": null,
        "verificationStatus": "inferred",
        "source": "OpenStreetMap"
      },
      "geometry": {
        "type": "LineString",
        "coordinates": [
          [
            -79.2046586,
            43.7974127
          ],
          [
            -79.2042985,
            43.7976353
          ],
          [
            -79.2041141,
            43.7977447
          ],
          [
            -79.2037701,
            43.7979596
          ],
          [
            -79.2033979,
            43.7981866
          ],
          [
            -79.2031066,
            43.7983673
          ],
          [
            -79.2029869,
            43.7984412
          ],
          [
            -79.2025953,
            43.7986846
          ],
          [
            -79.2023552,
            43.7988308
          ],
          [
            -79.2023089,
            43.7988643
          ]
        ]
      }
    },
    {
      "type": "Feature",
      "id": "osm-way-1295552152",
      "properties": {
        "osmWayId": 1295552152,
        "highway": "footway",
        "surface": null,
        "wheelchair": null,
        "foot": null,
        "verificationStatus": "inferred",
        "source": "OpenStreetMap"
      },
      "geometry": {
        "type": "LineString",
        "coordinates": [
          [
            -79.1979504,
            43.7978212
          ],
          [
            -79.1979973,
            43.7977534
          ],
          [
            -79.1984265,
            43.797556
          ],
          [
            -79.1987034,
            43.7974321
          ],
          [
            -79.1990816,
            43.797281
          ],
          [
            -79.199384,
            43.7971891
          ],
          [
            -79.1996288,
            43.7971397
          ],
          [
            -79.1997409,
            43.797123
          ],
          [
            -79.1998668,
            43.7971005
          ],
          [
            -79.2001578,
            43.7970473
          ],
          [
            -79.2004352,
            43.7969912
          ],
          [
            -79.2005816,
            43.7969626
          ],
          [
            -79.2010396,
            43.7968798
          ],
          [
            -79.2011536,
            43.7968592
          ],
          [
            -79.2013306,
            43.7968266
          ],
          [
            -79.2017893,
            43.7967404
          ],
          [
            -79.2022871,
            43.7966479
          ],
          [
            -79.2026255,
            43.7965865
          ],
          [
            -79.2028441,
            43.796542
          ],
          [
            -79.2029983,
            43.7965231
          ],
          [
            -79.2031451,
            43.79651
          ],
          [
            -79.2033047,
            43.7965187
          ],
          [
            -79.203416,
            43.7965328
          ],
          [
            -79.2035797,
            43.796571
          ],
          [
            -79.2036849,
            43.7966131
          ],
          [
            -79.2038063,
            43.7966804
          ],
          [
            -79.203921,
            43.7967422
          ],
          [
            -79.2040155,
            43.7968203
          ],
          [
            -79.2041952,
            43.7969694
          ],
          [
            -79.2042629,
            43.7970289
          ],
          [
            -79.2043897,
            43.7971315
          ],
          [
            -79.2044882,
            43.7972176
          ],
          [
            -79.2046116,
            43.7973212
          ],
          [
            -79.2046438,
            43.7973575
          ],
          [
            -79.2046586,
            43.7974127
          ]
        ]
      }
    },
    {
      "type": "Feature",
      "id": "osm-way-1309144867",
      "properties": {
        "osmWayId": 1309144867,
        "highway": "footway",
        "surface": "asphalt",
        "wheelchair": null,
        "foot": null,
        "verificationStatus": "inferred",
        "source": "OpenStreetMap"
      },
      "geometry": {
        "type": "LineString",
        "coordinates": [
          [
            -79.1897508,
            43.7751005
          ],
          [
            -79.1896959,
            43.775101
          ],
          [
            -79.1896334,
            43.7751018
          ]
        ]
      }
    },
    {
      "type": "Feature",
      "id": "osm-way-1309144868",
      "properties": {
        "osmWayId": 1309144868,
        "highway": "footway",
        "surface": "asphalt",
        "wheelchair": null,
        "foot": null,
        "verificationStatus": "inferred",
        "source": "OpenStreetMap"
      },
      "geometry": {
        "type": "LineString",
        "coordinates": [
          [
            -79.1898121,
            43.7751731
          ],
          [
            -79.1897852,
            43.7751323
          ],
          [
            -79.1897582,
            43.7750912
          ]
        ]
      }
    },
    {
      "type": "Feature",
      "id": "osm-way-1309144869",
      "properties": {
        "osmWayId": 1309144869,
        "highway": "steps",
        "surface": "concrete",
        "wheelchair": null,
        "foot": null,
        "verificationStatus": "inferred",
        "source": "OpenStreetMap"
      },
      "geometry": {
        "type": "LineString",
        "coordinates": [
          [
            -79.1899501,
            43.7751644
          ],
          [
            -79.1899692,
            43.7751609
          ]
        ]
      }
    },
    {
      "type": "Feature",
      "id": "osm-way-1309144870",
      "properties": {
        "osmWayId": 1309144870,
        "highway": "footway",
        "surface": "concrete",
        "wheelchair": null,
        "foot": null,
        "verificationStatus": "inferred",
        "source": "OpenStreetMap"
      },
      "geometry": {
        "type": "LineString",
        "coordinates": [
          [
            -79.1899284,
            43.7751671
          ],
          [
            -79.1899501,
            43.7751644
          ]
        ]
      }
    },
    {
      "type": "Feature",
      "id": "osm-way-1309144871",
      "properties": {
        "osmWayId": 1309144871,
        "highway": "footway",
        "surface": "concrete",
        "wheelchair": null,
        "foot": null,
        "verificationStatus": "inferred",
        "source": "OpenStreetMap"
      },
      "geometry": {
        "type": "LineString",
        "coordinates": [
          [
            -79.1901124,
            43.7751066
          ],
          [
            -79.1899692,
            43.7751609
          ]
        ]
      }
    },
    {
      "type": "Feature",
      "id": "osm-way-1309144872",
      "properties": {
        "osmWayId": 1309144872,
        "highway": "footway",
        "surface": null,
        "wheelchair": null,
        "foot": null,
        "verificationStatus": "inferred",
        "source": "OpenStreetMap"
      },
      "geometry": {
        "type": "LineString",
        "coordinates": [
          [
            -79.1898982,
            43.7748908
          ],
          [
            -79.1899071,
            43.7749161
          ]
        ]
      }
    },
    {
      "type": "Feature",
      "id": "osm-way-1309144873",
      "properties": {
        "osmWayId": 1309144873,
        "highway": "footway",
        "surface": "concrete",
        "wheelchair": null,
        "foot": null,
        "verificationStatus": "inferred",
        "source": "OpenStreetMap"
      },
      "geometry": {
        "type": "LineString",
        "coordinates": [
          [
            -79.1900969,
            43.774903
          ],
          [
            -79.190065,
            43.7749106
          ],
          [
            -79.1900394,
            43.7748484
          ]
        ]
      }
    },
    {
      "type": "Feature",
      "id": "osm-way-1309144874",
      "properties": {
        "osmWayId": 1309144874,
        "highway": "footway",
        "surface": "concrete",
        "wheelchair": null,
        "foot": null,
        "verificationStatus": "inferred",
        "source": "OpenStreetMap"
      },
      "geometry": {
        "type": "LineString",
        "coordinates": [
          [
            -79.189911,
            43.774538
          ],
          [
            -79.1899233,
            43.7745632
          ],
          [
            -79.1900192,
            43.7747963
          ]
        ]
      }
    },
    {
      "type": "Feature",
      "id": "osm-way-1309144875",
      "properties": {
        "osmWayId": 1309144875,
        "highway": "footway",
        "surface": "asphalt",
        "wheelchair": null,
        "foot": null,
        "verificationStatus": "inferred",
        "source": "OpenStreetMap"
      },
      "geometry": {
        "type": "LineString",
        "coordinates": [
          [
            -79.1900192,
            43.7747963
          ],
          [
            -79.1900312,
            43.7748273
          ],
          [
            -79.1900394,
            43.7748484
          ]
        ]
      }
    },
    {
      "type": "Feature",
      "id": "osm-way-1309144876",
      "properties": {
        "osmWayId": 1309144876,
        "highway": "footway",
        "surface": "asphalt",
        "wheelchair": null,
        "foot": null,
        "verificationStatus": "inferred",
        "source": "OpenStreetMap"
      },
      "geometry": {
        "type": "LineString",
        "coordinates": [
          [
            -79.1901232,
            43.7749559
          ],
          [
            -79.1900801,
            43.7750211
          ],
          [
            -79.1900515,
            43.7750718
          ]
        ]
      }
    },
    {
      "type": "Feature",
      "id": "osm-way-1309144877",
      "properties": {
        "osmWayId": 1309144877,
        "highway": "footway",
        "surface": "concrete",
        "wheelchair": null,
        "foot": null,
        "verificationStatus": "inferred",
        "source": "OpenStreetMap"
      },
      "geometry": {
        "type": "LineString",
        "coordinates": [
          [
            -79.1910533,
            43.774694
          ],
          [
            -79.1905357,
            43.7748049
          ],
          [
            -79.1900969,
            43.774903
          ],
          [
            -79.1901232,
            43.7749559
          ],
          [
            -79.1901531,
            43.775016
          ],
          [
            -79.1901915,
            43.7750586
          ],
          [
            -79.1902235,
            43.7751059
          ],
          [
            -79.190251,
            43.7751575
          ],
          [
            -79.1903519,
            43.775135
          ]
        ]
      }
    },
    {
      "type": "Feature",
      "id": "osm-way-1309144879",
      "properties": {
        "osmWayId": 1309144879,
        "highway": "footway",
        "surface": "concrete",
        "wheelchair": null,
        "foot": null,
        "verificationStatus": "inferred",
        "source": "OpenStreetMap"
      },
      "geometry": {
        "type": "LineString",
        "coordinates": [
          [
            -79.189864,
            43.7758274
          ],
          [
            -79.1897683,
            43.775794
          ]
        ]
      }
    },
    {
      "type": "Feature",
      "id": "osm-way-1309144880",
      "properties": {
        "osmWayId": 1309144880,
        "highway": "steps",
        "surface": "concrete",
        "wheelchair": null,
        "foot": null,
        "verificationStatus": "inferred",
        "source": "OpenStreetMap"
      },
      "geometry": {
        "type": "LineString",
        "coordinates": [
          [
            -79.1897336,
            43.7757817
          ],
          [
            -79.1897683,
            43.775794
          ]
        ]
      }
    },
    {
      "type": "Feature",
      "id": "osm-way-1309144888",
      "properties": {
        "osmWayId": 1309144888,
        "highway": "footway",
        "surface": "concrete",
        "wheelchair": null,
        "foot": null,
        "verificationStatus": "inferred",
        "source": "OpenStreetMap"
      },
      "geometry": {
        "type": "LineString",
        "coordinates": [
          [
            -79.1899071,
            43.7749161
          ],
          [
            -79.1899211,
            43.7749611
          ],
          [
            -79.1899138,
            43.7749761
          ],
          [
            -79.1899091,
            43.7749858
          ],
          [
            -79.1897622,
            43.775086
          ],
          [
            -79.1897582,
            43.7750912
          ],
          [
            -79.1897508,
            43.7751005
          ],
          [
            -79.1897414,
            43.7750599
          ],
          [
            -79.1897367,
            43.7750168
          ],
          [
            -79.1899138,
            43.7749761
          ]
        ]
      }
    },
    {
      "type": "Feature",
      "id": "osm-way-1309144889",
      "properties": {
        "osmWayId": 1309144889,
        "highway": "footway",
        "surface": "concrete",
        "wheelchair": null,
        "foot": null,
        "verificationStatus": "inferred",
        "source": "OpenStreetMap"
      },
      "geometry": {
        "type": "LineString",
        "coordinates": [
          [
            -79.1896462,
            43.7751529
          ],
          [
            -79.1896334,
            43.7751018
          ],
          [
            -79.1896241,
            43.7750647
          ],
          [
            -79.1895986,
            43.7750298
          ],
          [
            -79.1895842,
            43.7750003
          ],
          [
            -79.1894658,
            43.7746691
          ]
        ]
      }
    },
    {
      "type": "Feature",
      "id": "osm-way-1309144890",
      "properties": {
        "osmWayId": 1309144890,
        "highway": "footway",
        "surface": "concrete",
        "wheelchair": null,
        "foot": null,
        "verificationStatus": "inferred",
        "source": "OpenStreetMap"
      },
      "geometry": {
        "type": "LineString",
        "coordinates": [
          [
            -79.1891706,
            43.7756419
          ],
          [
            -79.1894115,
            43.7755779
          ],
          [
            -79.1896571,
            43.7755283
          ],
          [
            -79.1897864,
            43.7754971
          ],
          [
            -79.1898481,
            43.7754612
          ],
          [
            -79.1898742,
            43.7754104
          ],
          [
            -79.1898668,
            43.7753649
          ],
          [
            -79.1898051,
            43.77521
          ],
          [
            -79.1898028,
            43.7751915
          ],
          [
            -79.1898121,
            43.7751731
          ],
          [
            -79.1899594,
            43.7751005
          ],
          [
            -79.1900418,
            43.775071
          ],
          [
            -79.1900515,
            43.7750718
          ],
          [
            -79.1900767,
            43.7750739
          ],
          [
            -79.1901062,
            43.7750981
          ],
          [
            -79.1901124,
            43.7751066
          ],
          [
            -79.1901444,
            43.7751509
          ],
          [
            -79.1902629,
            43.7754246
          ]
        ]
      }
    },
    {
      "type": "Feature",
      "id": "osm-way-1326342699",
      "properties": {
        "osmWayId": 1326342699,
        "highway": "path",
        "surface": "gravel",
        "wheelchair": null,
        "foot": null,
        "verificationStatus": "inferred",
        "source": "OpenStreetMap"
      },
      "geometry": {
        "type": "LineString",
        "coordinates": [
          [
            -79.2030465,
            43.7775244
          ],
          [
            -79.2032165,
            43.7775505
          ],
          [
            -79.2033802,
            43.7775781
          ],
          [
            -79.2034756,
            43.7775943
          ],
          [
            -79.2035685,
            43.7775985
          ],
          [
            -79.2036555,
            43.7775844
          ],
          [
            -79.2037472,
            43.7775455
          ],
          [
            -79.2038332,
            43.7774554
          ],
          [
            -79.2039022,
            43.7773817
          ],
          [
            -79.2040063,
            43.7773011
          ]
        ]
      }
    },
    {
      "type": "Feature",
      "id": "osm-way-1351624482",
      "properties": {
        "osmWayId": 1351624482,
        "highway": "footway",
        "surface": "asphalt",
        "wheelchair": null,
        "foot": null,
        "verificationStatus": "inferred",
        "source": "OpenStreetMap"
      },
      "geometry": {
        "type": "LineString",
        "coordinates": [
          [
            -79.1840641,
            43.7832551
          ],
          [
            -79.1841135,
            43.7832323
          ],
          [
            -79.184146,
            43.7832228
          ],
          [
            -79.1842246,
            43.7832193
          ]
        ]
      }
    },
    {
      "type": "Feature",
      "id": "osm-way-1351624483",
      "properties": {
        "osmWayId": 1351624483,
        "highway": "footway",
        "surface": "asphalt",
        "wheelchair": null,
        "foot": null,
        "verificationStatus": "inferred",
        "source": "OpenStreetMap"
      },
      "geometry": {
        "type": "LineString",
        "coordinates": [
          [
            -79.1843091,
            43.7832508
          ],
          [
            -79.1843513,
            43.7832962
          ],
          [
            -79.1843828,
            43.7833358
          ]
        ]
      }
    },
    {
      "type": "Feature",
      "id": "osm-way-1351624484",
      "properties": {
        "osmWayId": 1351624484,
        "highway": "footway",
        "surface": "asphalt",
        "wheelchair": null,
        "foot": null,
        "verificationStatus": "inferred",
        "source": "OpenStreetMap"
      },
      "geometry": {
        "type": "LineString",
        "coordinates": [
          [
            -79.1844453,
            43.7832828
          ],
          [
            -79.1843828,
            43.7833358
          ],
          [
            -79.1843046,
            43.7834613
          ],
          [
            -79.1842609,
            43.7835413
          ],
          [
            -79.1842578,
            43.7835765
          ],
          [
            -79.184266,
            43.7836051
          ],
          [
            -79.1844226,
            43.7837808
          ]
        ]
      }
    },
    {
      "type": "Feature",
      "id": "osm-way-1351624485",
      "properties": {
        "osmWayId": 1351624485,
        "highway": "footway",
        "surface": "asphalt",
        "wheelchair": null,
        "foot": null,
        "verificationStatus": "inferred",
        "source": "OpenStreetMap"
      },
      "geometry": {
        "type": "LineString",
        "coordinates": [
          [
            -79.1840714,
            43.7837795
          ],
          [
            -79.1840739,
            43.7837196
          ],
          [
            -79.1840851,
            43.7836895
          ],
          [
            -79.1841094,
            43.783677
          ],
          [
            -79.184266,
            43.7836051
          ]
        ]
      }
    },
    {
      "type": "Feature",
      "id": "osm-way-1351624486",
      "properties": {
        "osmWayId": 1351624486,
        "highway": "footway",
        "surface": "asphalt",
        "wheelchair": null,
        "foot": null,
        "verificationStatus": "inferred",
        "source": "OpenStreetMap"
      },
      "geometry": {
        "type": "LineString",
        "coordinates": [
          [
            -79.1835873,
            43.7834871
          ],
          [
            -79.1834399,
            43.783379
          ],
          [
            -79.1834072,
            43.7833381
          ],
          [
            -79.1833744,
            43.7832666
          ],
          [
            -79.1833505,
            43.783188
          ],
          [
            -79.183355,
            43.7831484
          ],
          [
            -79.1833638,
            43.7831209
          ],
          [
            -79.1834294,
            43.7830497
          ]
        ]
      }
    },
    {
      "type": "Feature",
      "id": "osm-way-1351624489",
      "properties": {
        "osmWayId": 1351624489,
        "highway": "footway",
        "surface": "asphalt",
        "wheelchair": null,
        "foot": null,
        "verificationStatus": "inferred",
        "source": "OpenStreetMap"
      },
      "geometry": {
        "type": "LineString",
        "coordinates": [
          [
            -79.1842354,
            43.7829403
          ],
          [
            -79.1842692,
            43.7827262
          ]
        ]
      }
    },
    {
      "type": "Feature",
      "id": "osm-way-1351624490",
      "properties": {
        "osmWayId": 1351624490,
        "highway": "footway",
        "surface": null,
        "wheelchair": null,
        "foot": null,
        "verificationStatus": "inferred",
        "source": "OpenStreetMap"
      },
      "geometry": {
        "type": "LineString",
        "coordinates": [
          [
            -79.1841629,
            43.7828144
          ],
          [
            -79.184042,
            43.782753
          ],
          [
            -79.1840176,
            43.7827171
          ],
          [
            -79.1839637,
            43.7825755
          ],
          [
            -79.1839739,
            43.7825512
          ],
          [
            -79.1840327,
            43.7824848
          ],
          [
            -79.1840371,
            43.7824714
          ],
          [
            -79.1840371,
            43.7824459
          ],
          [
            -79.1840318,
            43.7824241
          ],
          [
            -79.1840247,
            43.7824139
          ],
          [
            -79.1840106,
            43.7824095
          ],
          [
            -79.1839411,
            43.782408
          ],
          [
            -79.1836744,
            43.7824158
          ],
          [
            -79.1836505,
            43.7824082
          ],
          [
            -79.183623,
            43.7823935
          ],
          [
            -79.1835965,
            43.7823916
          ],
          [
            -79.1832585,
            43.7823877
          ],
          [
            -79.1832381,
            43.7823858
          ],
          [
            -79.1832081,
            43.7823718
          ],
          [
            -79.1831992,
            43.7823635
          ],
          [
            -79.1831639,
            43.782308
          ]
        ]
      }
    },
    {
      "type": "Feature",
      "id": "osm-way-1351624495",
      "properties": {
        "osmWayId": 1351624495,
        "highway": "footway",
        "surface": "asphalt",
        "wheelchair": null,
        "foot": null,
        "verificationStatus": "inferred",
        "source": "OpenStreetMap"
      },
      "geometry": {
        "type": "LineString",
        "coordinates": [
          [
            -79.189421,
            43.7853981
          ],
          [
            -79.1897821,
            43.7853476
          ]
        ]
      }
    },
    {
      "type": "Feature",
      "id": "osm-way-1351624497",
      "properties": {
        "osmWayId": 1351624497,
        "highway": "path",
        "surface": "asphalt",
        "wheelchair": null,
        "foot": null,
        "verificationStatus": "inferred",
        "source": "OpenStreetMap"
      },
      "geometry": {
        "type": "LineString",
        "coordinates": [
          [
            -79.1892407,
            43.7846255
          ],
          [
            -79.1892869,
            43.7845578
          ],
          [
            -79.1892911,
            43.7845385
          ],
          [
            -79.1892877,
            43.7845191
          ],
          [
            -79.1892491,
            43.7843901
          ]
        ]
      }
    },
    {
      "type": "Feature",
      "id": "osm-way-1351624498",
      "properties": {
        "osmWayId": 1351624498,
        "highway": "footway",
        "surface": "unpaved",
        "wheelchair": null,
        "foot": null,
        "verificationStatus": "inferred",
        "source": "OpenStreetMap"
      },
      "geometry": {
        "type": "LineString",
        "coordinates": [
          [
            -79.1897821,
            43.7853476
          ],
          [
            -79.1898142,
            43.7854221
          ],
          [
            -79.1898576,
            43.7854637
          ],
          [
            -79.1899198,
            43.785478
          ],
          [
            -79.1900459,
            43.7854771
          ],
          [
            -79.1902444,
            43.7854422
          ],
          [
            -79.1903065,
            43.7854673
          ]
        ]
      }
    },
    {
      "type": "Feature",
      "id": "osm-way-1351624499",
      "properties": {
        "osmWayId": 1351624499,
        "highway": "footway",
        "surface": "concrete:plates",
        "wheelchair": null,
        "foot": null,
        "verificationStatus": "inferred",
        "source": "OpenStreetMap"
      },
      "geometry": {
        "type": "LineString",
        "coordinates": [
          [
            -79.1857597,
            43.7853692
          ],
          [
            -79.1859538,
            43.7851781
          ]
        ]
      }
    },
    {
      "type": "Feature",
      "id": "osm-way-1353723916",
      "properties": {
        "osmWayId": 1353723916,
        "highway": "footway",
        "surface": "asphalt",
        "wheelchair": null,
        "foot": null,
        "verificationStatus": "inferred",
        "source": "OpenStreetMap"
      },
      "geometry": {
        "type": "LineString",
        "coordinates": [
          [
            -79.1836362,
            43.7829993
          ],
          [
            -79.1836049,
            43.7829397
          ],
          [
            -79.1836095,
            43.7829271
          ],
          [
            -79.1838932,
            43.782858
          ],
          [
            -79.1839107,
            43.7828656
          ],
          [
            -79.1839889,
            43.7829064
          ]
        ]
      }
    },
    {
      "type": "Feature",
      "id": "osm-way-1353723917",
      "properties": {
        "osmWayId": 1353723917,
        "highway": "footway",
        "surface": "concrete",
        "wheelchair": null,
        "foot": null,
        "verificationStatus": "inferred",
        "source": "OpenStreetMap"
      },
      "geometry": {
        "type": "LineString",
        "coordinates": [
          [
            -79.1850397,
            43.782187
          ],
          [
            -79.1850008,
            43.7821679
          ],
          [
            -79.1849908,
            43.7821548
          ],
          [
            -79.1847318,
            43.7820336
          ],
          [
            -79.1847079,
            43.7820582
          ],
          [
            -79.1847123,
            43.7820811
          ]
        ]
      }
    },
    {
      "type": "Feature",
      "id": "osm-way-1353723918",
      "properties": {
        "osmWayId": 1353723918,
        "highway": "footway",
        "surface": "concrete",
        "wheelchair": null,
        "foot": null,
        "verificationStatus": "inferred",
        "source": "OpenStreetMap"
      },
      "geometry": {
        "type": "LineString",
        "coordinates": [
          [
            -79.1850221,
            43.7829481
          ],
          [
            -79.184959,
            43.7828933
          ]
        ]
      }
    },
    {
      "type": "Feature",
      "id": "osm-way-1353723919",
      "properties": {
        "osmWayId": 1353723919,
        "highway": "footway",
        "surface": "concrete",
        "wheelchair": null,
        "foot": null,
        "verificationStatus": "inferred",
        "source": "OpenStreetMap"
      },
      "geometry": {
        "type": "LineString",
        "coordinates": [
          [
            -79.1850413,
            43.7830431
          ],
          [
            -79.1848778,
            43.7831356
          ]
        ]
      }
    },
    {
      "type": "Feature",
      "id": "osm-way-1353723920",
      "properties": {
        "osmWayId": 1353723920,
        "highway": "footway",
        "surface": "paved",
        "wheelchair": null,
        "foot": null,
        "verificationStatus": "inferred",
        "source": "OpenStreetMap"
      },
      "geometry": {
        "type": "LineString",
        "coordinates": [
          [
            -79.1855036,
            43.7835243
          ],
          [
            -79.1854832,
            43.7835222
          ],
          [
            -79.1854686,
            43.7835172
          ],
          [
            -79.1854464,
            43.7834991
          ],
          [
            -79.1854353,
            43.783478
          ],
          [
            -79.185396,
            43.7833916
          ],
          [
            -79.1853303,
            43.7832475
          ],
          [
            -79.1852579,
            43.7831132
          ]
        ]
      }
    },
    {
      "type": "Feature",
      "id": "osm-way-1353723921",
      "properties": {
        "osmWayId": 1353723921,
        "highway": "footway",
        "surface": "concrete",
        "wheelchair": null,
        "foot": null,
        "verificationStatus": "inferred",
        "source": "OpenStreetMap"
      },
      "geometry": {
        "type": "LineString",
        "coordinates": [
          [
            -79.1845596,
            43.783773
          ],
          [
            -79.1845931,
            43.7837539
          ],
          [
            -79.1846447,
            43.7837317
          ],
          [
            -79.1846886,
            43.7837295
          ],
          [
            -79.184731,
            43.783735
          ],
          [
            -79.1850691,
            43.7838502
          ],
          [
            -79.1851769,
            43.7838741
          ],
          [
            -79.1852347,
            43.7838757
          ],
          [
            -79.1853241,
            43.7838657
          ],
          [
            -79.1854781,
            43.7838229
          ],
          [
            -79.1855806,
            43.7837723
          ],
          [
            -79.1856175,
            43.7837473
          ],
          [
            -79.1856391,
            43.7837278
          ],
          [
            -79.1856445,
            43.7837095
          ],
          [
            -79.1856406,
            43.7836822
          ],
          [
            -79.1856823,
            43.7836612
          ]
        ]
      }
    },
    {
      "type": "Feature",
      "id": "osm-way-1353723922",
      "properties": {
        "osmWayId": 1353723922,
        "highway": "footway",
        "surface": "concrete",
        "wheelchair": null,
        "foot": null,
        "verificationStatus": "inferred",
        "source": "OpenStreetMap"
      },
      "geometry": {
        "type": "LineString",
        "coordinates": [
          [
            -79.1857217,
            43.7836862
          ],
          [
            -79.1857955,
            43.7837256
          ],
          [
            -79.1857161,
            43.7837968
          ],
          [
            -79.1856137,
            43.7838607
          ],
          [
            -79.1855274,
            43.7838985
          ],
          [
            -79.1854042,
            43.7839375
          ],
          [
            -79.1852356,
            43.7839772
          ]
        ]
      }
    },
    {
      "type": "Feature",
      "id": "osm-way-1353723923",
      "properties": {
        "osmWayId": 1353723923,
        "highway": "footway",
        "surface": "paved",
        "wheelchair": null,
        "foot": null,
        "verificationStatus": "inferred",
        "source": "OpenStreetMap"
      },
      "geometry": {
        "type": "LineString",
        "coordinates": [
          [
            -79.185396,
            43.7833916
          ],
          [
            -79.1853092,
            43.7833695
          ]
        ]
      }
    },
    {
      "type": "Feature",
      "id": "osm-way-1354677685",
      "properties": {
        "osmWayId": 1354677685,
        "highway": "footway",
        "surface": "asphalt",
        "wheelchair": null,
        "foot": null,
        "verificationStatus": "inferred",
        "source": "OpenStreetMap"
      },
      "geometry": {
        "type": "LineString",
        "coordinates": [
          [
            -79.1941164,
            43.7891175
          ],
          [
            -79.1940875,
            43.7891078
          ]
        ]
      }
    },
    {
      "type": "Feature",
      "id": "osm-way-1354677686",
      "properties": {
        "osmWayId": 1354677686,
        "highway": "footway",
        "surface": "asphalt",
        "wheelchair": null,
        "foot": null,
        "verificationStatus": "inferred",
        "source": "OpenStreetMap"
      },
      "geometry": {
        "type": "LineString",
        "coordinates": [
          [
            -79.1945265,
            43.7892429
          ],
          [
            -79.1944324,
            43.7892134
          ]
        ]
      }
    },
    {
      "type": "Feature",
      "id": "osm-way-1354677687",
      "properties": {
        "osmWayId": 1354677687,
        "highway": "footway",
        "surface": "concrete",
        "wheelchair": null,
        "foot": null,
        "verificationStatus": "inferred",
        "source": "OpenStreetMap"
      },
      "geometry": {
        "type": "LineString",
        "coordinates": [
          [
            -79.1945579,
            43.7893136
          ],
          [
            -79.1945658,
            43.7893609
          ],
          [
            -79.1945759,
            43.7894219
          ]
        ]
      }
    },
    {
      "type": "Feature",
      "id": "osm-way-1354677688",
      "properties": {
        "osmWayId": 1354677688,
        "highway": "footway",
        "surface": null,
        "wheelchair": null,
        "foot": null,
        "verificationStatus": "inferred",
        "source": "OpenStreetMap"
      },
      "geometry": {
        "type": "LineString",
        "coordinates": [
          [
            -79.1940035,
            43.7890397
          ],
          [
            -79.1939693,
            43.7890144
          ],
          [
            -79.1939439,
            43.7889934
          ]
        ]
      }
    },
    {
      "type": "Feature",
      "id": "osm-way-1354677689",
      "properties": {
        "osmWayId": 1354677689,
        "highway": "footway",
        "surface": null,
        "wheelchair": null,
        "foot": null,
        "verificationStatus": "inferred",
        "source": "OpenStreetMap"
      },
      "geometry": {
        "type": "LineString",
        "coordinates": [
          [
            -79.1941127,
            43.7891623
          ],
          [
            -79.1940875,
            43.7891078
          ],
          [
            -79.1940035,
            43.7890397
          ]
        ]
      }
    },
    {
      "type": "Feature",
      "id": "osm-way-1355112377",
      "properties": {
        "osmWayId": 1355112377,
        "highway": "footway",
        "surface": "asphalt",
        "wheelchair": null,
        "foot": null,
        "verificationStatus": "inferred",
        "source": "OpenStreetMap"
      },
      "geometry": {
        "type": "LineString",
        "coordinates": [
          [
            -79.1994003,
            43.7905757
          ],
          [
            -79.1993933,
            43.7906199
          ],
          [
            -79.1993808,
            43.7906636
          ]
        ]
      }
    },
    {
      "type": "Feature",
      "id": "osm-way-1357628163",
      "properties": {
        "osmWayId": 1357628163,
        "highway": "footway",
        "surface": "concrete",
        "wheelchair": null,
        "foot": null,
        "verificationStatus": "inferred",
        "source": "OpenStreetMap"
      },
      "geometry": {
        "type": "LineString",
        "coordinates": [
          [
            -79.1678312,
            43.7839774
          ],
          [
            -79.1678123,
            43.7839477
          ]
        ]
      }
    },
    {
      "type": "Feature",
      "id": "osm-way-1358496616",
      "properties": {
        "osmWayId": 1358496616,
        "highway": "footway",
        "surface": null,
        "wheelchair": null,
        "foot": null,
        "verificationStatus": "inferred",
        "source": "OpenStreetMap"
      },
      "geometry": {
        "type": "LineString",
        "coordinates": [
          [
            -79.1974139,
            43.7914275
          ],
          [
            -79.1975214,
            43.7914371
          ],
          [
            -79.1976094,
            43.791445
          ],
          [
            -79.1976875,
            43.7914393
          ],
          [
            -79.1977306,
            43.7914226
          ],
          [
            -79.1977577,
            43.7914036
          ],
          [
            -79.1977768,
            43.7913645
          ],
          [
            -79.1977816,
            43.7913242
          ],
          [
            -79.197768,
            43.7912897
          ],
          [
            -79.1977465,
            43.7912632
          ],
          [
            -79.1976313,
            43.7912188
          ],
          [
            -79.1975321,
            43.7911806
          ]
        ]
      }
    },
    {
      "type": "Feature",
      "id": "osm-way-1365958256",
      "properties": {
        "osmWayId": 1365958256,
        "highway": "footway",
        "surface": null,
        "wheelchair": null,
        "foot": null,
        "verificationStatus": "inferred",
        "source": "OpenStreetMap"
      },
      "geometry": {
        "type": "LineString",
        "coordinates": [
          [
            -79.1979254,
            43.7745478
          ],
          [
            -79.1981913,
            43.7744044
          ],
          [
            -79.1983713,
            43.7742889
          ],
          [
            -79.1984286,
            43.7741708
          ],
          [
            -79.1985542,
            43.7740277
          ],
          [
            -79.1987048,
            43.7739384
          ],
          [
            -79.1988535,
            43.7737998
          ],
          [
            -79.1988526,
            43.7736937
          ],
          [
            -79.1988535,
            43.7735656
          ],
          [
            -79.1989111,
            43.7734614
          ],
          [
            -79.1990398,
            43.7733401
          ],
          [
            -79.1990491,
            43.7732297
          ],
          [
            -79.1991193,
            43.7731074
          ],
          [
            -79.1991894,
            43.7729629
          ],
          [
            -79.1992667,
            43.7728662
          ],
          [
            -79.1991771,
            43.7727341
          ],
          [
            -79.1991174,
            43.772571
          ],
          [
            -79.1990156,
            43.7724668
          ]
        ]
      }
    },
    {
      "type": "Feature",
      "id": "osm-way-1374260447",
      "properties": {
        "osmWayId": 1374260447,
        "highway": "footway",
        "surface": "asphalt",
        "wheelchair": null,
        "foot": null,
        "verificationStatus": "inferred",
        "source": "OpenStreetMap"
      },
      "geometry": {
        "type": "LineString",
        "coordinates": [
          [
            -79.187593,
            43.7726137
          ],
          [
            -79.1877281,
            43.7725872
          ],
          [
            -79.1878798,
            43.7725574
          ]
        ]
      }
    },
    {
      "type": "Feature",
      "id": "osm-way-1374260448",
      "properties": {
        "osmWayId": 1374260448,
        "highway": "footway",
        "surface": "asphalt",
        "wheelchair": null,
        "foot": null,
        "verificationStatus": "inferred",
        "source": "OpenStreetMap"
      },
      "geometry": {
        "type": "LineString",
        "coordinates": [
          [
            -79.1876648,
            43.7727813
          ],
          [
            -79.1876301,
            43.7727002
          ],
          [
            -79.187593,
            43.7726137
          ]
        ]
      }
    },
    {
      "type": "Feature",
      "id": "osm-way-1374260685",
      "properties": {
        "osmWayId": 1374260685,
        "highway": "footway",
        "surface": "asphalt",
        "wheelchair": null,
        "foot": null,
        "verificationStatus": "inferred",
        "source": "OpenStreetMap"
      },
      "geometry": {
        "type": "LineString",
        "coordinates": [
          [
            -79.1890763,
            43.775451
          ],
          [
            -79.1889648,
            43.7754797
          ],
          [
            -79.1888238,
            43.775516
          ]
        ]
      }
    },
    {
      "type": "Feature",
      "id": "osm-way-1374260686",
      "properties": {
        "osmWayId": 1374260686,
        "highway": "footway",
        "surface": "asphalt",
        "wheelchair": null,
        "foot": null,
        "verificationStatus": "inferred",
        "source": "OpenStreetMap"
      },
      "geometry": {
        "type": "LineString",
        "coordinates": [
          [
            -79.1891706,
            43.7756419
          ],
          [
            -79.1891224,
            43.7755444
          ],
          [
            -79.1890763,
            43.775451
          ]
        ]
      }
    },
    {
      "type": "Feature",
      "id": "osm-way-1374261054",
      "properties": {
        "osmWayId": 1374261054,
        "highway": "footway",
        "surface": "concrete",
        "wheelchair": null,
        "foot": null,
        "verificationStatus": "inferred",
        "source": "OpenStreetMap"
      },
      "geometry": {
        "type": "LineString",
        "coordinates": [
          [
            -79.1792541,
            43.7748255
          ],
          [
            -79.1781886,
            43.7749793
          ],
          [
            -79.1781721,
            43.7749817
          ],
          [
            -79.1781249,
            43.7749854
          ]
        ]
      }
    },
    {
      "type": "Feature",
      "id": "osm-way-1374261055",
      "properties": {
        "osmWayId": 1374261055,
        "highway": "footway",
        "surface": "asphalt",
        "wheelchair": null,
        "foot": null,
        "verificationStatus": "inferred",
        "source": "OpenStreetMap"
      },
      "geometry": {
        "type": "LineString",
        "coordinates": [
          [
            -79.1833193,
            43.7741196
          ],
          [
            -79.1832174,
            43.7741574
          ],
          [
            -79.1830867,
            43.7742059
          ]
        ]
      }
    },
    {
      "type": "Feature",
      "id": "osm-way-1374431441",
      "properties": {
        "osmWayId": 1374431441,
        "highway": "footway",
        "surface": "asphalt",
        "wheelchair": null,
        "foot": null,
        "verificationStatus": "inferred",
        "source": "OpenStreetMap"
      },
      "geometry": {
        "type": "LineString",
        "coordinates": [
          [
            -79.1976392,
            43.7980341
          ],
          [
            -79.1975437,
            43.7978818
          ],
          [
            -79.1975105,
            43.7978289
          ]
        ]
      }
    },
    {
      "type": "Feature",
      "id": "osm-way-1374440536",
      "properties": {
        "osmWayId": 1374440536,
        "highway": "footway",
        "surface": "asphalt",
        "wheelchair": null,
        "foot": null,
        "verificationStatus": "inferred",
        "source": "OpenStreetMap"
      },
      "geometry": {
        "type": "LineString",
        "coordinates": [
          [
            -79.2050318,
            43.7824715
          ],
          [
            -79.2049209,
            43.7825052
          ],
          [
            -79.2047734,
            43.7825501
          ]
        ]
      }
    },
    {
      "type": "Feature",
      "id": "osm-way-1374440538",
      "properties": {
        "osmWayId": 1374440538,
        "highway": "footway",
        "surface": "asphalt",
        "wheelchair": null,
        "foot": null,
        "verificationStatus": "inferred",
        "source": "OpenStreetMap"
      },
      "geometry": {
        "type": "LineString",
        "coordinates": [
          [
            -79.2052082,
            43.7826976
          ],
          [
            -79.2050221,
            43.7827524
          ],
          [
            -79.2048581,
            43.7828006
          ]
        ]
      }
    },
    {
      "type": "Feature",
      "id": "osm-way-1374441034",
      "properties": {
        "osmWayId": 1374441034,
        "highway": "footway",
        "surface": "asphalt",
        "wheelchair": null,
        "foot": null,
        "verificationStatus": "inferred",
        "source": "OpenStreetMap"
      },
      "geometry": {
        "type": "LineString",
        "coordinates": [
          [
            -79.1936045,
            43.7854117
          ],
          [
            -79.1934008,
            43.7854647
          ],
          [
            -79.1931888,
            43.7855219
          ]
        ]
      }
    },
    {
      "type": "Feature",
      "id": "osm-way-1374442643",
      "properties": {
        "osmWayId": 1374442643,
        "highway": "footway",
        "surface": null,
        "wheelchair": null,
        "foot": null,
        "verificationStatus": "inferred",
        "source": "OpenStreetMap"
      },
      "geometry": {
        "type": "LineString",
        "coordinates": [
          [
            -79.1942562,
            43.7894315
          ],
          [
            -79.1941948,
            43.7894306
          ]
        ]
      }
    },
    {
      "type": "Feature",
      "id": "osm-way-1374442644",
      "properties": {
        "osmWayId": 1374442644,
        "highway": "footway",
        "surface": null,
        "wheelchair": null,
        "foot": null,
        "verificationStatus": "inferred",
        "source": "OpenStreetMap"
      },
      "geometry": {
        "type": "LineString",
        "coordinates": [
          [
            -79.1945783,
            43.7894362
          ],
          [
            -79.1945551,
            43.7894359
          ]
        ]
      }
    },
    {
      "type": "Feature",
      "id": "osm-way-1374442645",
      "properties": {
        "osmWayId": 1374442645,
        "highway": "footway",
        "surface": "concrete",
        "wheelchair": null,
        "foot": null,
        "verificationStatus": "inferred",
        "source": "OpenStreetMap"
      },
      "geometry": {
        "type": "LineString",
        "coordinates": [
          [
            -79.1945759,
            43.7894219
          ],
          [
            -79.1945783,
            43.7894362
          ],
          [
            -79.1945801,
            43.7894467
          ]
        ]
      }
    },
    {
      "type": "Feature",
      "id": "osm-way-1374442646",
      "properties": {
        "osmWayId": 1374442646,
        "highway": "footway",
        "surface": "concrete",
        "wheelchair": null,
        "foot": null,
        "verificationStatus": "inferred",
        "source": "OpenStreetMap"
      },
      "geometry": {
        "type": "LineString",
        "coordinates": [
          [
            -79.1945801,
            43.7894467
          ],
          [
            -79.1945953,
            43.7894574
          ],
          [
            -79.1946303,
            43.7894822
          ]
        ]
      }
    },
    {
      "type": "Feature",
      "id": "osm-way-1374442647",
      "properties": {
        "osmWayId": 1374442647,
        "highway": "footway",
        "surface": "asphalt",
        "wheelchair": null,
        "foot": null,
        "verificationStatus": "inferred",
        "source": "OpenStreetMap"
      },
      "geometry": {
        "type": "LineString",
        "coordinates": [
          [
            -79.1945551,
            43.7894359
          ],
          [
            -79.1944006,
            43.7894336
          ],
          [
            -79.1942562,
            43.7894315
          ]
        ]
      }
    },
    {
      "type": "Feature",
      "id": "osm-way-1374445026",
      "properties": {
        "osmWayId": 1374445026,
        "highway": "footway",
        "surface": null,
        "wheelchair": null,
        "foot": null,
        "verificationStatus": "inferred",
        "source": "OpenStreetMap"
      },
      "geometry": {
        "type": "LineString",
        "coordinates": [
          [
            -79.1731568,
            43.7818338
          ],
          [
            -79.1731961,
            43.7818418
          ]
        ]
      }
    },
    {
      "type": "Feature",
      "id": "osm-way-1374445027",
      "properties": {
        "osmWayId": 1374445027,
        "highway": "footway",
        "surface": null,
        "wheelchair": null,
        "foot": null,
        "verificationStatus": "inferred",
        "source": "OpenStreetMap"
      },
      "geometry": {
        "type": "LineString",
        "coordinates": [
          [
            -79.1725443,
            43.7819395
          ],
          [
            -79.1724942,
            43.7819459
          ]
        ]
      }
    },
    {
      "type": "Feature",
      "id": "osm-way-1374445028",
      "properties": {
        "osmWayId": 1374445028,
        "highway": "footway",
        "surface": null,
        "wheelchair": null,
        "foot": null,
        "verificationStatus": "inferred",
        "source": "OpenStreetMap"
      },
      "geometry": {
        "type": "LineString",
        "coordinates": [
          [
            -79.1726766,
            43.7819227
          ],
          [
            -79.1726259,
            43.7819291
          ]
        ]
      }
    },
    {
      "type": "Feature",
      "id": "osm-way-1374445029",
      "properties": {
        "osmWayId": 1374445029,
        "highway": "footway",
        "surface": null,
        "wheelchair": null,
        "foot": null,
        "verificationStatus": "inferred",
        "source": "OpenStreetMap"
      },
      "geometry": {
        "type": "LineString",
        "coordinates": [
          [
            -79.1726948,
            43.7819107
          ],
          [
            -79.1728002,
            43.7818404
          ],
          [
            -79.1728651,
            43.7817971
          ]
        ]
      }
    },
    {
      "type": "Feature",
      "id": "osm-way-1374445030",
      "properties": {
        "osmWayId": 1374445030,
        "highway": "footway",
        "surface": null,
        "wheelchair": null,
        "foot": null,
        "verificationStatus": "inferred",
        "source": "OpenStreetMap"
      },
      "geometry": {
        "type": "LineString",
        "coordinates": [
          [
            -79.1729084,
            43.7819783
          ],
          [
            -79.1730242,
            43.7820049
          ]
        ]
      }
    },
    {
      "type": "Feature",
      "id": "osm-way-1374445031",
      "properties": {
        "osmWayId": 1374445031,
        "highway": "footway",
        "surface": null,
        "wheelchair": null,
        "foot": null,
        "verificationStatus": "inferred",
        "source": "OpenStreetMap"
      },
      "geometry": {
        "type": "LineString",
        "coordinates": [
          [
            -79.1731961,
            43.7818418
          ],
          [
            -79.1732297,
            43.7818487
          ],
          [
            -79.1733185,
            43.7818669
          ]
        ]
      }
    },
    {
      "type": "Feature",
      "id": "osm-way-1374445032",
      "properties": {
        "osmWayId": 1374445032,
        "highway": "footway",
        "surface": null,
        "wheelchair": null,
        "foot": null,
        "verificationStatus": "inferred",
        "source": "OpenStreetMap"
      },
      "geometry": {
        "type": "LineString",
        "coordinates": [
          [
            -79.1731424,
            43.7818563
          ],
          [
            -79.1731568,
            43.7818338
          ]
        ]
      }
    },
    {
      "type": "Feature",
      "id": "osm-way-1374445033",
      "properties": {
        "osmWayId": 1374445033,
        "highway": "footway",
        "surface": null,
        "wheelchair": null,
        "foot": null,
        "verificationStatus": "inferred",
        "source": "OpenStreetMap"
      },
      "geometry": {
        "type": "LineString",
        "coordinates": [
          [
            -79.1729084,
            43.7819783
          ],
          [
            -79.1728011,
            43.7819527
          ],
          [
            -79.1727137,
            43.7819319
          ]
        ]
      }
    },
    {
      "type": "Feature",
      "id": "osm-way-1374446850",
      "properties": {
        "osmWayId": 1374446850,
        "highway": "footway",
        "surface": "concrete",
        "wheelchair": null,
        "foot": null,
        "verificationStatus": "inferred",
        "source": "OpenStreetMap"
      },
      "geometry": {
        "type": "LineString",
        "coordinates": [
          [
            -79.1671905,
            43.7856158
          ],
          [
            -79.1671515,
            43.7856406
          ],
          [
            -79.1671224,
            43.7856591
          ]
        ]
      }
    },
    {
      "type": "Feature",
      "id": "osm-way-1374446851",
      "properties": {
        "osmWayId": 1374446851,
        "highway": "footway",
        "surface": "concrete",
        "wheelchair": null,
        "foot": null,
        "verificationStatus": "inferred",
        "source": "OpenStreetMap"
      },
      "geometry": {
        "type": "LineString",
        "coordinates": [
          [
            -79.1680879,
            43.7850461
          ],
          [
            -79.1671905,
            43.7856158
          ]
        ]
      }
    },
    {
      "type": "Feature",
      "id": "osm-way-1374446852",
      "properties": {
        "osmWayId": 1374446852,
        "highway": "footway",
        "surface": "concrete",
        "wheelchair": null,
        "foot": null,
        "verificationStatus": "inferred",
        "source": "OpenStreetMap"
      },
      "geometry": {
        "type": "LineString",
        "coordinates": [
          [
            -79.1670796,
            43.7854839
          ],
          [
            -79.1671072,
            43.7854662
          ],
          [
            -79.1671583,
            43.7854333
          ]
        ]
      }
    },
    {
      "type": "Feature",
      "id": "osm-way-1374446853",
      "properties": {
        "osmWayId": 1374446853,
        "highway": "footway",
        "surface": "concrete",
        "wheelchair": null,
        "foot": null,
        "verificationStatus": "inferred",
        "source": "OpenStreetMap"
      },
      "geometry": {
        "type": "LineString",
        "coordinates": [
          [
            -79.1663452,
            43.7859558
          ],
          [
            -79.1670796,
            43.7854839
          ]
        ]
      }
    },
    {
      "type": "Feature",
      "id": "osm-way-1374447056",
      "properties": {
        "osmWayId": 1374447056,
        "highway": "footway",
        "surface": null,
        "wheelchair": null,
        "foot": null,
        "verificationStatus": "inferred",
        "source": "OpenStreetMap"
      },
      "geometry": {
        "type": "LineString",
        "coordinates": [
          [
            -79.1734738,
            43.7899741
          ],
          [
            -79.1733349,
            43.7900052
          ],
          [
            -79.1732331,
            43.790028
          ]
        ]
      }
    },
    {
      "type": "Feature",
      "id": "osm-way-1374447057",
      "properties": {
        "osmWayId": 1374447057,
        "highway": "footway",
        "surface": null,
        "wheelchair": null,
        "foot": null,
        "verificationStatus": "inferred",
        "source": "OpenStreetMap"
      },
      "geometry": {
        "type": "LineString",
        "coordinates": [
          [
            -79.1734884,
            43.7902252
          ],
          [
            -79.1733916,
            43.7902449
          ],
          [
            -79.1732526,
            43.7902731
          ]
        ]
      }
    },
    {
      "type": "Feature",
      "id": "osm-way-1374449091",
      "properties": {
        "osmWayId": 1374449091,
        "highway": "footway",
        "surface": "concrete",
        "wheelchair": null,
        "foot": null,
        "verificationStatus": "inferred",
        "source": "OpenStreetMap"
      },
      "geometry": {
        "type": "LineString",
        "coordinates": [
          [
            -79.165883,
            43.7981396
          ],
          [
            -79.1656955,
            43.7975802
          ],
          [
            -79.1651952,
            43.7961069
          ],
          [
            -79.165208,
            43.7960522
          ]
        ]
      }
    },
    {
      "type": "Feature",
      "id": "osm-way-1374449092",
      "properties": {
        "osmWayId": 1374449092,
        "highway": "footway",
        "surface": "concrete",
        "wheelchair": null,
        "foot": null,
        "verificationStatus": "inferred",
        "source": "OpenStreetMap"
      },
      "geometry": {
        "type": "LineString",
        "coordinates": [
          [
            -79.1661367,
            43.7988463
          ],
          [
            -79.1660186,
            43.7984651
          ]
        ]
      }
    },
    {
      "type": "Feature",
      "id": "osm-way-1380170679",
      "properties": {
        "osmWayId": 1380170679,
        "highway": "footway",
        "surface": "asphalt",
        "wheelchair": null,
        "foot": null,
        "verificationStatus": "inferred",
        "source": "OpenStreetMap"
      },
      "geometry": {
        "type": "LineString",
        "coordinates": [
          [
            -79.1977372,
            43.7979948
          ],
          [
            -79.1976392,
            43.7980341
          ]
        ]
      }
    },
    {
      "type": "Feature",
      "id": "osm-way-1408125375",
      "properties": {
        "osmWayId": 1408125375,
        "highway": "footway",
        "surface": null,
        "wheelchair": null,
        "foot": null,
        "verificationStatus": "inferred",
        "source": "OpenStreetMap"
      },
      "geometry": {
        "type": "LineString",
        "coordinates": [
          [
            -79.192366,
            43.7904952
          ],
          [
            -79.1923041,
            43.7905089
          ],
          [
            -79.1922345,
            43.7905243
          ],
          [
            -79.1921547,
            43.7905435
          ],
          [
            -79.1921582,
            43.7905711
          ],
          [
            -79.1921396,
            43.7905866
          ],
          [
            -79.192154,
            43.7906102
          ],
          [
            -79.1921702,
            43.7906528
          ],
          [
            -79.1922077,
            43.7906988
          ],
          [
            -79.1919305,
            43.7908155
          ],
          [
            -79.1918913,
            43.7908321
          ]
        ]
      }
    },
    {
      "type": "Feature",
      "id": "osm-way-1408125376",
      "properties": {
        "osmWayId": 1408125376,
        "highway": "footway",
        "surface": null,
        "wheelchair": null,
        "foot": null,
        "verificationStatus": "inferred",
        "source": "OpenStreetMap"
      },
      "geometry": {
        "type": "LineString",
        "coordinates": [
          [
            -79.1921396,
            43.7905866
          ],
          [
            -79.1920702,
            43.7906029
          ],
          [
            -79.1920545,
            43.7905665
          ],
          [
            -79.1921547,
            43.7905435
          ]
        ]
      }
    },
    {
      "type": "Feature",
      "id": "osm-way-1408125377",
      "properties": {
        "osmWayId": 1408125377,
        "highway": "footway",
        "surface": null,
        "wheelchair": null,
        "foot": null,
        "verificationStatus": "inferred",
        "source": "OpenStreetMap"
      },
      "geometry": {
        "type": "LineString",
        "coordinates": [
          [
            -79.1920702,
            43.7906029
          ],
          [
            -79.1918019,
            43.7906644
          ],
          [
            -79.1917483,
            43.7906772
          ]
        ]
      }
    },
    {
      "type": "Feature",
      "id": "osm-way-1408125378",
      "properties": {
        "osmWayId": 1408125378,
        "highway": "footway",
        "surface": null,
        "wheelchair": null,
        "foot": null,
        "verificationStatus": "inferred",
        "source": "OpenStreetMap"
      },
      "geometry": {
        "type": "LineString",
        "coordinates": [
          [
            -79.1919305,
            43.7908155
          ],
          [
            -79.1918544,
            43.790728
          ]
        ]
      }
    },
    {
      "type": "Feature",
      "id": "osm-way-1408125379",
      "properties": {
        "osmWayId": 1408125379,
        "highway": "footway",
        "surface": null,
        "wheelchair": null,
        "foot": null,
        "verificationStatus": "inferred",
        "source": "OpenStreetMap"
      },
      "geometry": {
        "type": "LineString",
        "coordinates": [
          [
            -79.1920545,
            43.7905665
          ],
          [
            -79.1919458,
            43.7903183
          ],
          [
            -79.1919112,
            43.7902393
          ]
        ]
      }
    },
    {
      "type": "Feature",
      "id": "osm-way-1408125380",
      "properties": {
        "osmWayId": 1408125380,
        "highway": "footway",
        "surface": null,
        "wheelchair": null,
        "foot": null,
        "verificationStatus": "inferred",
        "source": "OpenStreetMap"
      },
      "geometry": {
        "type": "LineString",
        "coordinates": [
          [
            -79.1919458,
            43.7903183
          ],
          [
            -79.1918325,
            43.7903443
          ]
        ]
      }
    },
    {
      "type": "Feature",
      "id": "osm-way-1408125381",
      "properties": {
        "osmWayId": 1408125381,
        "highway": "path",
        "surface": "grass",
        "wheelchair": null,
        "foot": "yes",
        "verificationStatus": "inferred",
        "source": "OpenStreetMap"
      },
      "geometry": {
        "type": "LineString",
        "coordinates": [
          [
            -79.1910039,
            43.791099
          ],
          [
            -79.1909197,
            43.7912612
          ],
          [
            -79.1908845,
            43.7912745
          ],
          [
            -79.1900592,
            43.7916253
          ],
          [
            -79.1899818,
            43.7916207
          ]
        ]
      }
    },
    {
      "type": "Feature",
      "id": "osm-way-1408125382",
      "properties": {
        "osmWayId": 1408125382,
        "highway": "path",
        "surface": "asphalt",
        "wheelchair": null,
        "foot": "yes",
        "verificationStatus": "inferred",
        "source": "OpenStreetMap"
      },
      "geometry": {
        "type": "LineString",
        "coordinates": [
          [
            -79.1899818,
            43.7916207
          ],
          [
            -79.1899209,
            43.7916171
          ],
          [
            -79.1898444,
            43.7916126
          ]
        ]
      }
    },
    {
      "type": "Feature",
      "id": "osm-way-1408908919",
      "properties": {
        "osmWayId": 1408908919,
        "highway": "steps",
        "surface": null,
        "wheelchair": null,
        "foot": null,
        "verificationStatus": "inferred",
        "source": "OpenStreetMap"
      },
      "geometry": {
        "type": "LineString",
        "coordinates": [
          [
            -79.1856544,
            43.7800373
          ],
          [
            -79.1856589,
            43.7800668
          ]
        ]
      }
    },
    {
      "type": "Feature",
      "id": "osm-way-1408908920",
      "properties": {
        "osmWayId": 1408908920,
        "highway": "steps",
        "surface": null,
        "wheelchair": null,
        "foot": null,
        "verificationStatus": "inferred",
        "source": "OpenStreetMap"
      },
      "geometry": {
        "type": "LineString",
        "coordinates": [
          [
            -79.1856544,
            43.7800373
          ],
          [
            -79.1856498,
            43.7800059
          ]
        ]
      }
    },
    {
      "type": "Feature",
      "id": "osm-way-1408908921",
      "properties": {
        "osmWayId": 1408908921,
        "highway": "footway",
        "surface": null,
        "wheelchair": null,
        "foot": null,
        "verificationStatus": "inferred",
        "source": "OpenStreetMap"
      },
      "geometry": {
        "type": "LineString",
        "coordinates": [
          [
            -79.1856589,
            43.7800668
          ],
          [
            -79.1856607,
            43.7800799
          ],
          [
            -79.1856757,
            43.7800788
          ]
        ]
      }
    },
    {
      "type": "Feature",
      "id": "osm-way-1408908922",
      "properties": {
        "osmWayId": 1408908922,
        "highway": "footway",
        "surface": null,
        "wheelchair": null,
        "foot": null,
        "verificationStatus": "inferred",
        "source": "OpenStreetMap"
      },
      "geometry": {
        "type": "LineString",
        "coordinates": [
          [
            -79.1856498,
            43.7800059
          ],
          [
            -79.1856466,
            43.7799909
          ],
          [
            -79.1856611,
            43.7799893
          ]
        ]
      }
    },
    {
      "type": "Feature",
      "id": "osm-way-1410884272",
      "properties": {
        "osmWayId": 1410884272,
        "highway": "footway",
        "surface": null,
        "wheelchair": null,
        "foot": null,
        "verificationStatus": "inferred",
        "source": "OpenStreetMap"
      },
      "geometry": {
        "type": "LineString",
        "coordinates": [
          [
            -79.1896877,
            43.7915908
          ],
          [
            -79.1896593,
            43.7915308
          ]
        ]
      }
    },
    {
      "type": "Feature",
      "id": "osm-way-1410884273",
      "properties": {
        "osmWayId": 1410884273,
        "highway": "footway",
        "surface": null,
        "wheelchair": null,
        "foot": null,
        "verificationStatus": "inferred",
        "source": "OpenStreetMap"
      },
      "geometry": {
        "type": "LineString",
        "coordinates": [
          [
            -79.1891277,
            43.7917411
          ],
          [
            -79.1890957,
            43.7916743
          ]
        ]
      }
    },
    {
      "type": "Feature",
      "id": "osm-way-1410884274",
      "properties": {
        "osmWayId": 1410884274,
        "highway": "footway",
        "surface": null,
        "wheelchair": null,
        "foot": null,
        "verificationStatus": "inferred",
        "source": "OpenStreetMap"
      },
      "geometry": {
        "type": "LineString",
        "coordinates": [
          [
            -79.1873988,
            43.7921909
          ],
          [
            -79.1873633,
            43.7921155
          ]
        ]
      }
    },
    {
      "type": "Feature",
      "id": "osm-way-1410884275",
      "properties": {
        "osmWayId": 1410884275,
        "highway": "footway",
        "surface": null,
        "wheelchair": null,
        "foot": null,
        "verificationStatus": "inferred",
        "source": "OpenStreetMap"
      },
      "geometry": {
        "type": "LineString",
        "coordinates": [
          [
            -79.1862947,
            43.7925335
          ],
          [
            -79.1862337,
            43.7924855
          ]
        ]
      }
    },
    {
      "type": "Feature",
      "id": "osm-way-1410884276",
      "properties": {
        "osmWayId": 1410884276,
        "highway": "footway",
        "surface": null,
        "wheelchair": null,
        "foot": null,
        "verificationStatus": "inferred",
        "source": "OpenStreetMap"
      },
      "geometry": {
        "type": "LineString",
        "coordinates": [
          [
            -79.1853361,
            43.7928798
          ],
          [
            -79.1853609,
            43.7929393
          ],
          [
            -79.1853992,
            43.793037
          ]
        ]
      }
    },
    {
      "type": "Feature",
      "id": "osm-way-1414182511",
      "properties": {
        "osmWayId": 1414182511,
        "highway": "footway",
        "surface": null,
        "wheelchair": null,
        "foot": null,
        "verificationStatus": "inferred",
        "source": "OpenStreetMap"
      },
      "geometry": {
        "type": "LineString",
        "coordinates": [
          [
            -79.1808399,
            43.7885831
          ],
          [
            -79.180813,
            43.788514
          ],
          [
            -79.1807785,
            43.7884252
          ],
          [
            -79.180743,
            43.7883341
          ]
        ]
      }
    },
    {
      "type": "Feature",
      "id": "osm-way-1414182512",
      "properties": {
        "osmWayId": 1414182512,
        "highway": "footway",
        "surface": null,
        "wheelchair": null,
        "foot": null,
        "verificationStatus": "inferred",
        "source": "OpenStreetMap"
      },
      "geometry": {
        "type": "LineString",
        "coordinates": [
          [
            -79.1806342,
            43.7886273
          ],
          [
            -79.1806074,
            43.7885646
          ],
          [
            -79.180569,
            43.7884749
          ],
          [
            -79.180545,
            43.7884185
          ],
          [
            -79.18053,
            43.7883835
          ]
        ]
      }
    },
    {
      "type": "Feature",
      "id": "osm-way-1415902070",
      "properties": {
        "osmWayId": 1415902070,
        "highway": "footway",
        "surface": "concrete",
        "wheelchair": null,
        "foot": null,
        "verificationStatus": "inferred",
        "source": "OpenStreetMap"
      },
      "geometry": {
        "type": "LineString",
        "coordinates": [
          [
            -79.1633976,
            43.7734484
          ],
          [
            -79.1634295,
            43.7734408
          ],
          [
            -79.1662048,
            43.7728045
          ],
          [
            -79.1662202,
            43.772801
          ]
        ]
      }
    },
    {
      "type": "Feature",
      "id": "osm-way-1415902071",
      "properties": {
        "osmWayId": 1415902071,
        "highway": "footway",
        "surface": "asphalt",
        "wheelchair": null,
        "foot": null,
        "verificationStatus": "inferred",
        "source": "OpenStreetMap"
      },
      "geometry": {
        "type": "LineString",
        "coordinates": [
          [
            -79.1664417,
            43.7729289
          ],
          [
            -79.1664172,
            43.7728524
          ],
          [
            -79.166387,
            43.7727586
          ]
        ]
      }
    },
    {
      "type": "Feature",
      "id": "osm-way-1415902072",
      "properties": {
        "osmWayId": 1415902072,
        "highway": "footway",
        "surface": "asphalt",
        "wheelchair": null,
        "foot": null,
        "verificationStatus": "inferred",
        "source": "OpenStreetMap"
      },
      "geometry": {
        "type": "LineString",
        "coordinates": [
          [
            -79.1662202,
            43.772801
          ],
          [
            -79.1662972,
            43.7727815
          ],
          [
            -79.166387,
            43.7727586
          ]
        ]
      }
    },
    {
      "type": "Feature",
      "id": "osm-way-1416338316",
      "properties": {
        "osmWayId": 1416338316,
        "highway": "footway",
        "surface": null,
        "wheelchair": null,
        "foot": null,
        "verificationStatus": "inferred",
        "source": "OpenStreetMap"
      },
      "geometry": {
        "type": "LineString",
        "coordinates": [
          [
            -79.1827528,
            43.7939864
          ],
          [
            -79.1827785,
            43.7940411
          ],
          [
            -79.1828105,
            43.794106
          ]
        ]
      }
    },
    {
      "type": "Feature",
      "id": "osm-way-1417201982",
      "properties": {
        "osmWayId": 1417201982,
        "highway": "footway",
        "surface": null,
        "wheelchair": null,
        "foot": null,
        "verificationStatus": "inferred",
        "source": "OpenStreetMap"
      },
      "geometry": {
        "type": "LineString",
        "coordinates": [
          [
            -79.2042794,
            43.7830969
          ],
          [
            -79.2041977,
            43.7829194
          ]
        ]
      }
    },
    {
      "type": "Feature",
      "id": "osm-way-1419755563",
      "properties": {
        "osmWayId": 1419755563,
        "highway": "footway",
        "surface": null,
        "wheelchair": null,
        "foot": null,
        "verificationStatus": "inferred",
        "source": "OpenStreetMap"
      },
      "geometry": {
        "type": "LineString",
        "coordinates": [
          [
            -79.187801,
            43.7991357
          ],
          [
            -79.1877752,
            43.7991571
          ],
          [
            -79.1877538,
            43.7991711
          ],
          [
            -79.1877201,
            43.7991812
          ],
          [
            -79.1865112,
            43.7994654
          ],
          [
            -79.1862718,
            43.7995225
          ],
          [
            -79.186245,
            43.7995295
          ],
          [
            -79.1862219,
            43.7995338
          ],
          [
            -79.1861953,
            43.7995366
          ],
          [
            -79.1861666,
            43.7995368
          ],
          [
            -79.1861372,
            43.7995332
          ],
          [
            -79.1861086,
            43.7995247
          ],
          [
            -79.1860822,
            43.7995101
          ],
          [
            -79.1860593,
            43.7994882
          ],
          [
            -79.1860396,
            43.7994727
          ],
          [
            -79.1860052,
            43.7994588
          ],
          [
            -79.1859589,
            43.7994497
          ],
          [
            -79.1859073,
            43.7994504
          ],
          [
            -79.1858526,
            43.7994671
          ],
          [
            -79.1858186,
            43.7994882
          ],
          [
            -79.1857912,
            43.7995196
          ],
          [
            -79.1857757,
            43.7995489
          ],
          [
            -79.1857708,
            43.7995834
          ],
          [
            -79.1857793,
            43.7996107
          ],
          [
            -79.1858017,
            43.7996386
          ],
          [
            -79.1858284,
            43.7996629
          ],
          [
            -79.1858635,
            43.7996827
          ],
          [
            -79.1859035,
            43.7996933
          ],
          [
            -79.1859434,
            43.7995821
          ]
        ]
      }
    },
    {
      "type": "Feature",
      "id": "osm-way-1426309389",
      "properties": {
        "osmWayId": 1426309389,
        "highway": "path",
        "surface": null,
        "wheelchair": null,
        "foot": null,
        "verificationStatus": "inferred",
        "source": "OpenStreetMap"
      },
      "geometry": {
        "type": "LineString",
        "coordinates": [
          [
            -79.1725793,
            43.7989134
          ],
          [
            -79.1725576,
            43.798909
          ],
          [
            -79.1725412,
            43.7989012
          ],
          [
            -79.1725314,
            43.7988915
          ],
          [
            -79.1725062,
            43.7988551
          ],
          [
            -79.1724895,
            43.798834
          ],
          [
            -79.1724684,
            43.7988143
          ],
          [
            -79.1724455,
            43.7987978
          ],
          [
            -79.1724186,
            43.7987833
          ],
          [
            -79.1723894,
            43.7987746
          ],
          [
            -79.172358,
            43.798769
          ],
          [
            -79.1723261,
            43.7987673
          ],
          [
            -79.1722945,
            43.798769
          ],
          [
            -79.1720397,
            43.7987952
          ],
          [
            -79.1720065,
            43.7987955
          ],
          [
            -79.1719723,
            43.7987922
          ],
          [
            -79.1719401,
            43.7987853
          ],
          [
            -79.1719107,
            43.7987756
          ],
          [
            -79.1718448,
            43.7987526
          ]
        ]
      }
    },
    {
      "type": "Feature",
      "id": "osm-way-1426309390",
      "properties": {
        "osmWayId": 1426309390,
        "highway": "path",
        "surface": null,
        "wheelchair": null,
        "foot": null,
        "verificationStatus": "inferred",
        "source": "OpenStreetMap"
      },
      "geometry": {
        "type": "LineString",
        "coordinates": [
          [
            -79.1726578,
            43.7989041
          ],
          [
            -79.1725793,
            43.7989134
          ]
        ]
      }
    },
    {
      "type": "Feature",
      "id": "osm-way-1426564496",
      "properties": {
        "osmWayId": 1426564496,
        "highway": "footway",
        "surface": "concrete",
        "wheelchair": null,
        "foot": null,
        "verificationStatus": "inferred",
        "source": "OpenStreetMap"
      },
      "geometry": {
        "type": "LineString",
        "coordinates": [
          [
            -79.1992318,
            43.8001388
          ],
          [
            -79.1992226,
            43.8001277
          ],
          [
            -79.1991694,
            43.8000775
          ],
          [
            -79.199046,
            43.7997233
          ],
          [
            -79.1988476,
            43.7990815
          ]
        ]
      }
    },
    {
      "type": "Feature",
      "id": "osm-way-1426564497",
      "properties": {
        "osmWayId": 1426564497,
        "highway": "footway",
        "surface": "concrete",
        "wheelchair": null,
        "foot": null,
        "verificationStatus": "inferred",
        "source": "OpenStreetMap"
      },
      "geometry": {
        "type": "LineString",
        "coordinates": [
          [
            -79.1988476,
            43.7990815
          ],
          [
            -79.1987841,
            43.7990881
          ],
          [
            -79.1987094,
            43.7990951
          ]
        ]
      }
    },
    {
      "type": "Feature",
      "id": "osm-way-1430446325",
      "properties": {
        "osmWayId": 1430446325,
        "highway": "footway",
        "surface": "concrete",
        "wheelchair": null,
        "foot": null,
        "verificationStatus": "inferred",
        "source": "OpenStreetMap"
      },
      "geometry": {
        "type": "LineString",
        "coordinates": [
          [
            -79.1686872,
            43.7846707
          ],
          [
            -79.1686972,
            43.7846788
          ]
        ]
      }
    },
    {
      "type": "Feature",
      "id": "osm-way-1430446326",
      "properties": {
        "osmWayId": 1430446326,
        "highway": "footway",
        "surface": "concrete",
        "wheelchair": null,
        "foot": null,
        "verificationStatus": "inferred",
        "source": "OpenStreetMap"
      },
      "geometry": {
        "type": "LineString",
        "coordinates": [
          [
            -79.1685225,
            43.7845377
          ],
          [
            -79.1685541,
            43.7845632
          ]
        ]
      }
    },
    {
      "type": "Feature",
      "id": "osm-way-1430446327",
      "properties": {
        "osmWayId": 1430446327,
        "highway": "footway",
        "surface": "concrete",
        "wheelchair": null,
        "foot": null,
        "verificationStatus": "inferred",
        "source": "OpenStreetMap"
      },
      "geometry": {
        "type": "LineString",
        "coordinates": [
          [
            -79.1685225,
            43.7845377
          ],
          [
            -79.1685475,
            43.7845202
          ]
        ]
      }
    },
    {
      "type": "Feature",
      "id": "osm-way-1430446328",
      "properties": {
        "osmWayId": 1430446328,
        "highway": "footway",
        "surface": "concrete",
        "wheelchair": null,
        "foot": null,
        "verificationStatus": "inferred",
        "source": "OpenStreetMap"
      },
      "geometry": {
        "type": "LineString",
        "coordinates": [
          [
            -79.1689708,
            43.7845059
          ],
          [
            -79.1689547,
            43.7844921
          ]
        ]
      }
    },
    {
      "type": "Feature",
      "id": "osm-way-1437025992",
      "properties": {
        "osmWayId": 1437025992,
        "highway": "footway",
        "surface": "asphalt",
        "wheelchair": null,
        "foot": null,
        "verificationStatus": "inferred",
        "source": "OpenStreetMap"
      },
      "geometry": {
        "type": "LineString",
        "coordinates": [
          [
            -79.1665454,
            43.7827121
          ],
          [
            -79.1664635,
            43.7827612
          ],
          [
            -79.1663646,
            43.7828241
          ]
        ]
      }
    },
    {
      "type": "Feature",
      "id": "osm-way-1437025993",
      "properties": {
        "osmWayId": 1437025993,
        "highway": "footway",
        "surface": null,
        "wheelchair": null,
        "foot": null,
        "verificationStatus": "inferred",
        "source": "OpenStreetMap"
      },
      "geometry": {
        "type": "LineString",
        "coordinates": [
          [
            -79.1722156,
            43.7770903
          ],
          [
            -79.1721604,
            43.7769609
          ],
          [
            -79.1721201,
            43.7768663
          ]
        ]
      }
    },
    {
      "type": "Feature",
      "id": "osm-way-1437025994",
      "properties": {
        "osmWayId": 1437025994,
        "highway": "footway",
        "surface": null,
        "wheelchair": null,
        "foot": null,
        "verificationStatus": "inferred",
        "source": "OpenStreetMap"
      },
      "geometry": {
        "type": "LineString",
        "coordinates": [
          [
            -79.172245,
            43.7774174
          ],
          [
            -79.1720108,
            43.7773116
          ]
        ]
      }
    },
    {
      "type": "Feature",
      "id": "osm-way-1437025995",
      "properties": {
        "osmWayId": 1437025995,
        "highway": "footway",
        "surface": "concrete",
        "wheelchair": null,
        "foot": null,
        "verificationStatus": "inferred",
        "source": "OpenStreetMap"
      },
      "geometry": {
        "type": "LineString",
        "coordinates": [
          [
            -79.1734803,
            43.7763564
          ],
          [
            -79.1734502,
            43.7763781
          ],
          [
            -79.1734081,
            43.7763874
          ]
        ]
      }
    },
    {
      "type": "Feature",
      "id": "osm-way-1437025996",
      "properties": {
        "osmWayId": 1437025996,
        "highway": "footway",
        "surface": "concrete",
        "wheelchair": null,
        "foot": null,
        "verificationStatus": "inferred",
        "source": "OpenStreetMap"
      },
      "geometry": {
        "type": "LineString",
        "coordinates": [
          [
            -79.1779294,
            43.7750274
          ],
          [
            -79.1778564,
            43.7750383
          ]
        ]
      }
    },
    {
      "type": "Feature",
      "id": "osm-way-1437025997",
      "properties": {
        "osmWayId": 1437025997,
        "highway": "footway",
        "surface": null,
        "wheelchair": null,
        "foot": null,
        "verificationStatus": "inferred",
        "source": "OpenStreetMap"
      },
      "geometry": {
        "type": "LineString",
        "coordinates": [
          [
            -79.1729298,
            43.7817873
          ],
          [
            -79.172895,
            43.7817966
          ]
        ]
      }
    },
    {
      "type": "Feature",
      "id": "osm-way-1437025998",
      "properties": {
        "osmWayId": 1437025998,
        "highway": "footway",
        "surface": null,
        "wheelchair": null,
        "foot": null,
        "verificationStatus": "inferred",
        "source": "OpenStreetMap"
      },
      "geometry": {
        "type": "LineString",
        "coordinates": [
          [
            -79.172895,
            43.7817966
          ],
          [
            -79.1728651,
            43.7817971
          ]
        ]
      }
    },
    {
      "type": "Feature",
      "id": "osm-way-1437025999",
      "properties": {
        "osmWayId": 1437025999,
        "highway": "footway",
        "surface": "concrete",
        "wheelchair": null,
        "foot": null,
        "verificationStatus": "inferred",
        "source": "OpenStreetMap"
      },
      "geometry": {
        "type": "LineString",
        "coordinates": [
          [
            -79.1730627,
            43.7819805
          ],
          [
            -79.1730242,
            43.7820049
          ]
        ]
      }
    },
    {
      "type": "Feature",
      "id": "osm-way-1437026000",
      "properties": {
        "osmWayId": 1437026000,
        "highway": "footway",
        "surface": null,
        "wheelchair": null,
        "foot": null,
        "verificationStatus": "inferred",
        "source": "OpenStreetMap"
      },
      "geometry": {
        "type": "LineString",
        "coordinates": [
          [
            -79.170687,
            43.7831644
          ],
          [
            -79.1706683,
            43.7831396
          ],
          [
            -79.1705443,
            43.7828532
          ],
          [
            -79.1705285,
            43.7828167
          ]
        ]
      }
    },
    {
      "type": "Feature",
      "id": "osm-way-1437026001",
      "properties": {
        "osmWayId": 1437026001,
        "highway": "footway",
        "surface": null,
        "wheelchair": null,
        "foot": null,
        "verificationStatus": "inferred",
        "source": "OpenStreetMap"
      },
      "geometry": {
        "type": "LineString",
        "coordinates": [
          [
            -79.1707111,
            43.7831696
          ],
          [
            -79.170687,
            43.7831644
          ]
        ]
      }
    },
    {
      "type": "Feature",
      "id": "osm-way-1437026002",
      "properties": {
        "osmWayId": 1437026002,
        "highway": "footway",
        "surface": null,
        "wheelchair": null,
        "foot": null,
        "verificationStatus": "inferred",
        "source": "OpenStreetMap"
      },
      "geometry": {
        "type": "LineString",
        "coordinates": [
          [
            -79.170507,
            43.7832741
          ],
          [
            -79.1703878,
            43.7829913
          ],
          [
            -79.1703397,
            43.7828823
          ]
        ]
      }
    },
    {
      "type": "Feature",
      "id": "osm-way-1437026003",
      "properties": {
        "osmWayId": 1437026003,
        "highway": "footway",
        "surface": null,
        "wheelchair": null,
        "foot": null,
        "verificationStatus": "inferred",
        "source": "OpenStreetMap"
      },
      "geometry": {
        "type": "LineString",
        "coordinates": [
          [
            -79.1705092,
            43.7832799
          ],
          [
            -79.170507,
            43.7832741
          ]
        ]
      }
    },
    {
      "type": "Feature",
      "id": "osm-way-1437026004",
      "properties": {
        "osmWayId": 1437026004,
        "highway": "footway",
        "surface": "concrete",
        "wheelchair": null,
        "foot": null,
        "verificationStatus": "inferred",
        "source": "OpenStreetMap"
      },
      "geometry": {
        "type": "LineString",
        "coordinates": [
          [
            -79.1687901,
            43.7843508
          ],
          [
            -79.1687793,
            43.7843331
          ]
        ]
      }
    },
    {
      "type": "Feature",
      "id": "osm-way-1437026005",
      "properties": {
        "osmWayId": 1437026005,
        "highway": "footway",
        "surface": "concrete",
        "wheelchair": null,
        "foot": null,
        "verificationStatus": "inferred",
        "source": "OpenStreetMap"
      },
      "geometry": {
        "type": "LineString",
        "coordinates": [
          [
            -79.1689708,
            43.7845059
          ],
          [
            -79.1688621,
            43.7845746
          ],
          [
            -79.1686972,
            43.7846788
          ],
          [
            -79.1682283,
            43.7849726
          ]
        ]
      }
    },
    {
      "type": "Feature",
      "id": "osm-way-1450685856",
      "properties": {
        "osmWayId": 1450685856,
        "highway": "path",
        "surface": "dirt",
        "wheelchair": null,
        "foot": null,
        "verificationStatus": "inferred",
        "source": "OpenStreetMap"
      },
      "geometry": {
        "type": "LineString",
        "coordinates": [
          [
            -79.1971188,
            43.7781489
          ],
          [
            -79.1972621,
            43.7781612
          ],
          [
            -79.1974901,
            43.7781957
          ],
          [
            -79.1978357,
            43.7783016
          ],
          [
            -79.1979508,
            43.7783451
          ],
          [
            -79.1981371,
            43.7783469
          ],
          [
            -79.1984437,
            43.7783658
          ],
          [
            -79.1985299,
            43.7783803
          ],
          [
            -79.1987518,
            43.7784604
          ],
          [
            -79.1991199,
            43.7785883
          ],
          [
            -79.1993633,
            43.7787051
          ],
          [
            -79.1995728,
            43.7788792
          ],
          [
            -79.1996283,
            43.7789253
          ],
          [
            -79.1998964,
            43.7791255
          ],
          [
            -79.2000645,
            43.7792395
          ]
        ]
      }
    },
    {
      "type": "Feature",
      "id": "osm-way-1458883792",
      "properties": {
        "osmWayId": 1458883792,
        "highway": "path",
        "surface": null,
        "wheelchair": null,
        "foot": null,
        "verificationStatus": "inferred",
        "source": "OpenStreetMap"
      },
      "geometry": {
        "type": "LineString",
        "coordinates": [
          [
            -79.19755,
            43.7742121
          ],
          [
            -79.1974595,
            43.7741911
          ],
          [
            -79.1973766,
            43.774157
          ],
          [
            -79.1973473,
            43.7740795
          ],
          [
            -79.1973395,
            43.7739863
          ],
          [
            -79.1974157,
            43.7739006
          ],
          [
            -79.1975332,
            43.773789
          ],
          [
            -79.1975554,
            43.7737143
          ],
          [
            -79.1976075,
            43.7735934
          ],
          [
            -79.1976472,
            43.7734819
          ],
          [
            -79.1977038,
            43.7733593
          ],
          [
            -79.1977406,
            43.7732161
          ],
          [
            -79.1978096,
            43.7730939
          ],
          [
            -79.1977984,
            43.7730386
          ],
          [
            -79.1977578,
            43.7729959
          ],
          [
            -79.1977406,
            43.7729436
          ],
          [
            -79.1976695,
            43.772875
          ],
          [
            -79.1976607,
            43.7727935
          ],
          [
            -79.1977406,
            43.772703
          ],
          [
            -79.197902,
            43.7725885
          ],
          [
            -79.1980152,
            43.7725108
          ],
          [
            -79.1980549,
            43.7724086
          ],
          [
            -79.1980181,
            43.7722348
          ],
          [
            -79.1979954,
            43.7720876
          ],
          [
            -79.1979275,
            43.7719731
          ],
          [
            -79.1978482,
            43.7719015
          ],
          [
            -79.1977802,
            43.7717809
          ],
          [
            -79.1977604,
            43.7716725
          ],
          [
            -79.197816,
            43.7715497
          ]
        ]
      }
    },
    {
      "type": "Feature",
      "id": "osm-way-1458903430",
      "properties": {
        "osmWayId": 1458903430,
        "highway": "path",
        "surface": "dirt",
        "wheelchair": null,
        "foot": null,
        "verificationStatus": "inferred",
        "source": "OpenStreetMap"
      },
      "geometry": {
        "type": "LineString",
        "coordinates": [
          [
            -79.198775,
            43.7771659
          ],
          [
            -79.1988101,
            43.7770683
          ],
          [
            -79.1988654,
            43.7769661
          ],
          [
            -79.1989825,
            43.7768875
          ],
          [
            -79.1991305,
            43.7768616
          ],
          [
            -79.1992362,
            43.77681
          ],
          [
            -79.1993614,
            43.7767207
          ],
          [
            -79.1994801,
            43.7766479
          ],
          [
            -79.1996101,
            43.7765275
          ],
          [
            -79.1996411,
            43.7764988
          ],
          [
            -79.1996931,
            43.7764084
          ],
          [
            -79.1996671,
            43.7762957
          ],
          [
            -79.1997091,
            43.7761521
          ],
          [
            -79.1996813,
            43.776031
          ],
          [
            -79.1997414,
            43.7759319
          ],
          [
            -79.1998411,
            43.7757955
          ],
          [
            -79.1999448,
            43.7757153
          ],
          [
            -79.200053,
            43.7756355
          ],
          [
            -79.2001136,
            43.7755693
          ],
          [
            -79.200244,
            43.775547
          ],
          [
            -79.2005113,
            43.7755889
          ],
          [
            -79.2006314,
            43.7755254
          ],
          [
            -79.2007908,
            43.7755454
          ],
          [
            -79.2009534,
            43.7755994
          ],
          [
            -79.2010494,
            43.7757133
          ],
          [
            -79.2011226,
            43.7758342
          ],
          [
            -79.2011356,
            43.7759869
          ],
          [
            -79.2011177,
            43.7760996
          ],
          [
            -79.2010331,
            43.7761853
          ],
          [
            -79.2008835,
            43.7762252
          ],
          [
            -79.200703,
            43.7762452
          ],
          [
            -79.2005062,
            43.776271
          ],
          [
            -79.2000639,
            43.776318
          ],
          [
            -79.1998118,
            43.7764037
          ],
          [
            -79.1996931,
            43.7764084
          ]
        ]
      }
    },
    {
      "type": "Feature",
      "id": "osm-way-1458903431",
      "properties": {
        "osmWayId": 1458903431,
        "highway": "path",
        "surface": "dirt",
        "wheelchair": null,
        "foot": null,
        "verificationStatus": "inferred",
        "source": "OpenStreetMap"
      },
      "geometry": {
        "type": "LineString",
        "coordinates": [
          [
            -79.1995224,
            43.7772303
          ],
          [
            -79.1995874,
            43.7771152
          ],
          [
            -79.1996297,
            43.7769626
          ],
          [
            -79.1995715,
            43.776853
          ],
          [
            -79.199523,
            43.7767469
          ],
          [
            -79.1994801,
            43.7766479
          ]
        ]
      }
    },
    {
      "type": "Feature",
      "id": "osm-way-1458903432",
      "properties": {
        "osmWayId": 1458903432,
        "highway": "path",
        "surface": "dirt",
        "wheelchair": null,
        "foot": null,
        "verificationStatus": "inferred",
        "source": "OpenStreetMap"
      },
      "geometry": {
        "type": "LineString",
        "coordinates": [
          [
            -79.198775,
            43.7771659
          ],
          [
            -79.1987061,
            43.7771669
          ],
          [
            -79.1986127,
            43.7771601
          ],
          [
            -79.1984838,
            43.7771642
          ],
          [
            -79.1983755,
            43.7772006
          ],
          [
            -79.1981999,
            43.7772923
          ],
          [
            -79.1980131,
            43.7773705
          ],
          [
            -79.1977366,
            43.7774568
          ],
          [
            -79.1975162,
            43.7775202
          ],
          [
            -79.1972763,
            43.7776469
          ],
          [
            -79.197112,
            43.7777571
          ]
        ]
      }
    },
    {
      "type": "Feature",
      "id": "osm-way-1464198334",
      "properties": {
        "osmWayId": 1464198334,
        "highway": "steps",
        "surface": "concrete:plates",
        "wheelchair": null,
        "foot": null,
        "verificationStatus": "inferred",
        "source": "OpenStreetMap"
      },
      "geometry": {
        "type": "LineString",
        "coordinates": [
          [
            -79.185731,
            43.7841775
          ],
          [
            -79.1858085,
            43.7840908
          ]
        ]
      }
    },
    {
      "type": "Feature",
      "id": "osm-way-1467831920",
      "properties": {
        "osmWayId": 1467831920,
        "highway": "path",
        "surface": null,
        "wheelchair": null,
        "foot": null,
        "verificationStatus": "inferred",
        "source": "OpenStreetMap"
      },
      "geometry": {
        "type": "LineString",
        "coordinates": [
          [
            -79.1837415,
            43.7808702
          ],
          [
            -79.1837243,
            43.7809228
          ],
          [
            -79.1836333,
            43.7810144
          ],
          [
            -79.1834967,
            43.7811036
          ],
          [
            -79.1833861,
            43.7811952
          ],
          [
            -79.1833597,
            43.7812402
          ],
          [
            -79.1833627,
            43.7813335
          ],
          [
            -79.1833913,
            43.7813812
          ],
          [
            -79.183417,
            43.7814148
          ],
          [
            -79.1835194,
            43.7814547
          ],
          [
            -79.1836755,
            43.7815639
          ],
          [
            -79.1837699,
            43.7816777
          ],
          [
            -79.1838186,
            43.7817905
          ],
          [
            -79.1838071,
            43.7818887
          ],
          [
            -79.1837563,
            43.7819748
          ],
          [
            -79.1837117,
            43.7819904
          ],
          [
            -79.1836304,
            43.7820178
          ],
          [
            -79.1835721,
            43.7820532
          ],
          [
            -79.1835226,
            43.7820867
          ],
          [
            -79.1834796,
            43.782131
          ],
          [
            -79.1834228,
            43.7822201
          ],
          [
            -79.1834137,
            43.782295
          ]
        ]
      }
    },
    {
      "type": "Feature",
      "id": "osm-way-1467831921",
      "properties": {
        "osmWayId": 1467831921,
        "highway": "path",
        "surface": null,
        "wheelchair": null,
        "foot": null,
        "verificationStatus": "inferred",
        "source": "OpenStreetMap"
      },
      "geometry": {
        "type": "LineString",
        "coordinates": [
          [
            -79.1837563,
            43.7819748
          ],
          [
            -79.1838546,
            43.7819834
          ],
          [
            -79.1839602,
            43.7820315
          ],
          [
            -79.184024,
            43.7820606
          ],
          [
            -79.1841458,
            43.7821541
          ],
          [
            -79.1841709,
            43.7822297
          ],
          [
            -79.184163,
            43.7822938
          ]
        ]
      }
    },
    {
      "type": "Feature",
      "id": "osm-way-1467831922",
      "properties": {
        "osmWayId": 1467831922,
        "highway": "path",
        "surface": null,
        "wheelchair": null,
        "foot": null,
        "verificationStatus": "inferred",
        "source": "OpenStreetMap"
      },
      "geometry": {
        "type": "LineString",
        "coordinates": [
          [
            -79.1836839,
            43.780862
          ],
          [
            -79.1835643,
            43.7808954
          ],
          [
            -79.1832488,
            43.7809417
          ],
          [
            -79.1829222,
            43.7809755
          ],
          [
            -79.1826523,
            43.7809844
          ],
          [
            -79.182476,
            43.780971
          ]
        ]
      }
    },
    {
      "type": "Feature",
      "id": "osm-way-1467831923",
      "properties": {
        "osmWayId": 1467831923,
        "highway": "path",
        "surface": null,
        "wheelchair": null,
        "foot": null,
        "verificationStatus": "inferred",
        "source": "OpenStreetMap"
      },
      "geometry": {
        "type": "LineString",
        "coordinates": [
          [
            -79.1758756,
            43.7796441
          ],
          [
            -79.1758103,
            43.7795962
          ],
          [
            -79.1756865,
            43.7795321
          ],
          [
            -79.175454,
            43.7794198
          ],
          [
            -79.1752952,
            43.7793718
          ],
          [
            -79.1751064,
            43.7793424
          ],
          [
            -79.1748639,
            43.7792936
          ],
          [
            -79.1747137,
            43.7792928
          ],
          [
            -79.1745578,
            43.7793137
          ],
          [
            -79.1744294,
            43.7792885
          ],
          [
            -79.1742773,
            43.779248
          ],
          [
            -79.1742253,
            43.7792315
          ],
          [
            -79.1741366,
            43.779218
          ],
          [
            -79.1740513,
            43.7792286
          ],
          [
            -79.1739545,
            43.7792562
          ],
          [
            -79.1738325,
            43.7792779
          ],
          [
            -79.1737691,
            43.779275
          ],
          [
            -79.1736732,
            43.7792673
          ],
          [
            -79.1736293,
            43.779272
          ],
          [
            -79.1735805,
            43.779299
          ],
          [
            -79.173522,
            43.7793529
          ],
          [
            -79.1734342,
            43.7794042
          ],
          [
            -79.1733146,
            43.7794392
          ],
          [
            -79.1731306,
            43.779477
          ],
          [
            -79.1729933,
            43.7794844
          ],
          [
            -79.1728439,
            43.7794635
          ],
          [
            -79.1727299,
            43.7794251
          ],
          [
            -79.172616,
            43.7793792
          ],
          [
            -79.1725198,
            43.7793509
          ],
          [
            -79.1724189,
            43.779328
          ],
          [
            -79.1722648,
            43.7793131
          ],
          [
            -79.1720845,
            43.7793212
          ],
          [
            -79.1719696,
            43.7793414
          ],
          [
            -79.1717739,
            43.7794082
          ],
          [
            -79.1715747,
            43.7795033
          ],
          [
            -79.17146,
            43.7796014
          ],
          [
            -79.1712824,
            43.7796657
          ],
          [
            -79.1711606,
            43.7797009
          ],
          [
            -79.1710512,
            43.7797193
          ],
          [
            -79.1709131,
            43.7797167
          ],
          [
            -79.1707416,
            43.779704
          ],
          [
            -79.1705779,
            43.7796674
          ]
        ]
      }
    },
    {
      "type": "Feature",
      "id": "osm-way-1467831924",
      "properties": {
        "osmWayId": 1467831924,
        "highway": "path",
        "surface": null,
        "wheelchair": null,
        "foot": null,
        "verificationStatus": "inferred",
        "source": "OpenStreetMap"
      },
      "geometry": {
        "type": "LineString",
        "coordinates": [
          [
            -79.1753049,
            43.7799656
          ],
          [
            -79.175224,
            43.7799375
          ],
          [
            -79.1751079,
            43.7798752
          ],
          [
            -79.1749819,
            43.7797362
          ],
          [
            -79.1748587,
            43.7795818
          ],
          [
            -79.1747526,
            43.7794817
          ],
          [
            -79.1746322,
            43.7794173
          ],
          [
            -79.1744294,
            43.7792885
          ]
        ]
      }
    },
    {
      "type": "Feature",
      "id": "osm-way-1481223444",
      "properties": {
        "osmWayId": 1481223444,
        "highway": "footway",
        "surface": null,
        "wheelchair": null,
        "foot": null,
        "verificationStatus": "inferred",
        "source": "OpenStreetMap"
      },
      "geometry": {
        "type": "LineString",
        "coordinates": [
          [
            -79.1651374,
            43.79589
          ],
          [
            -79.1654286,
            43.7958254
          ],
          [
            -79.1656795,
            43.7957641
          ],
          [
            -79.1661079,
            43.7956625
          ],
          [
            -79.1667917,
            43.795497
          ],
          [
            -79.1674171,
            43.7953509
          ],
          [
            -79.168204,
            43.7951639
          ]
        ]
      }
    },
    {
      "type": "Feature",
      "id": "osm-way-1481223445",
      "properties": {
        "osmWayId": 1481223445,
        "highway": "footway",
        "surface": null,
        "wheelchair": null,
        "foot": null,
        "verificationStatus": "inferred",
        "source": "OpenStreetMap"
      },
      "geometry": {
        "type": "LineString",
        "coordinates": [
          [
            -79.168204,
            43.7951639
          ],
          [
            -79.1682859,
            43.7951463
          ],
          [
            -79.1683763,
            43.7951269
          ]
        ]
      }
    },
    {
      "type": "Feature",
      "id": "osm-way-1481223446",
      "properties": {
        "osmWayId": 1481223446,
        "highway": "footway",
        "surface": null,
        "wheelchair": null,
        "foot": null,
        "verificationStatus": "inferred",
        "source": "OpenStreetMap"
      },
      "geometry": {
        "type": "LineString",
        "coordinates": [
          [
            -79.1687379,
            43.7961432
          ],
          [
            -79.1685898,
            43.7961811
          ],
          [
            -79.1681134,
            43.7962895
          ],
          [
            -79.167635,
            43.7964083
          ],
          [
            -79.1675711,
            43.7964236
          ],
          [
            -79.1671213,
            43.7965314
          ],
          [
            -79.1671388,
            43.7965767
          ]
        ]
      }
    },
    {
      "type": "Feature",
      "id": "osm-way-1481223447",
      "properties": {
        "osmWayId": 1481223447,
        "highway": "footway",
        "surface": null,
        "wheelchair": null,
        "foot": null,
        "verificationStatus": "inferred",
        "source": "OpenStreetMap"
      },
      "geometry": {
        "type": "LineString",
        "coordinates": [
          [
            -79.1676328,
            43.7965411
          ],
          [
            -79.1675947,
            43.7964685
          ],
          [
            -79.1675711,
            43.7964236
          ]
        ]
      }
    },
    {
      "type": "Feature",
      "id": "osm-way-1481223448",
      "properties": {
        "osmWayId": 1481223448,
        "highway": "footway",
        "surface": null,
        "wheelchair": null,
        "foot": null,
        "verificationStatus": "inferred",
        "source": "OpenStreetMap"
      },
      "geometry": {
        "type": "LineString",
        "coordinates": [
          [
            -79.1676328,
            43.7965411
          ],
          [
            -79.1677621,
            43.7968272
          ],
          [
            -79.1678763,
            43.7970859
          ]
        ]
      }
    },
    {
      "type": "Feature",
      "id": "osm-way-1481223449",
      "properties": {
        "osmWayId": 1481223449,
        "highway": "footway",
        "surface": null,
        "wheelchair": null,
        "foot": null,
        "verificationStatus": "inferred",
        "source": "OpenStreetMap"
      },
      "geometry": {
        "type": "LineString",
        "coordinates": [
          [
            -79.1678763,
            43.7970859
          ],
          [
            -79.167906,
            43.7971541
          ],
          [
            -79.1679367,
            43.7972244
          ]
        ]
      }
    },
    {
      "type": "Feature",
      "id": "osm-way-1481223450",
      "properties": {
        "osmWayId": 1481223450,
        "highway": "footway",
        "surface": null,
        "wheelchair": null,
        "foot": null,
        "verificationStatus": "inferred",
        "source": "OpenStreetMap"
      },
      "geometry": {
        "type": "LineString",
        "coordinates": [
          [
            -79.1679367,
            43.7972244
          ],
          [
            -79.1678792,
            43.797212
          ],
          [
            -79.1675845,
            43.7972865
          ],
          [
            -79.1671996,
            43.7973754
          ],
          [
            -79.1670644,
            43.7973519
          ],
          [
            -79.1670821,
            43.7973144
          ]
        ]
      }
    },
    {
      "type": "Feature",
      "id": "osm-way-1481223451",
      "properties": {
        "osmWayId": 1481223451,
        "highway": "footway",
        "surface": null,
        "wheelchair": null,
        "foot": null,
        "verificationStatus": "inferred",
        "source": "OpenStreetMap"
      },
      "geometry": {
        "type": "LineString",
        "coordinates": [
          [
            -79.1679367,
            43.7972244
          ],
          [
            -79.1679685,
            43.7972718
          ],
          [
            -79.1681581,
            43.7976825
          ],
          [
            -79.1682042,
            43.7976696
          ]
        ]
      }
    },
    {
      "type": "Feature",
      "id": "osm-way-1481223452",
      "properties": {
        "osmWayId": 1481223452,
        "highway": "footway",
        "surface": null,
        "wheelchair": null,
        "foot": null,
        "verificationStatus": "inferred",
        "source": "OpenStreetMap"
      },
      "geometry": {
        "type": "LineString",
        "coordinates": [
          [
            -79.1700676,
            43.7989577
          ],
          [
            -79.1702103,
            43.7989201
          ],
          [
            -79.1710043,
            43.7987411
          ],
          [
            -79.1708193,
            43.7983147
          ],
          [
            -79.1706226,
            43.7978852
          ],
          [
            -79.1704558,
            43.7975192
          ],
          [
            -79.1702629,
            43.7970858
          ],
          [
            -79.1701013,
            43.7967415
          ],
          [
            -79.1701146,
            43.7966708
          ],
          [
            -79.1699174,
            43.7962496
          ],
          [
            -79.1698635,
            43.7962047
          ],
          [
            -79.1698149,
            43.7961004
          ],
          [
            -79.1697846,
            43.7959953
          ],
          [
            -79.1698138,
            43.7959191
          ],
          [
            -79.169867,
            43.7958622
          ],
          [
            -79.1699524,
            43.7958204
          ],
          [
            -79.1707427,
            43.7956348
          ],
          [
            -79.1708317,
            43.7956139
          ]
        ]
      }
    },
    {
      "type": "Feature",
      "id": "osm-way-1481224604",
      "properties": {
        "osmWayId": 1481224604,
        "highway": "footway",
        "surface": null,
        "wheelchair": null,
        "foot": null,
        "verificationStatus": "inferred",
        "source": "OpenStreetMap"
      },
      "geometry": {
        "type": "LineString",
        "coordinates": [
          [
            -79.1683763,
            43.7951269
          ],
          [
            -79.168627,
            43.7950844
          ],
          [
            -79.1688091,
            43.7950384
          ],
          [
            -79.1689145,
            43.7949936
          ],
          [
            -79.1690957,
            43.7949517
          ],
          [
            -79.1693659,
            43.7948906
          ],
          [
            -79.1698752,
            43.7947734
          ],
          [
            -79.170417,
            43.7946437
          ],
          [
            -79.1704602,
            43.7946333
          ],
          [
            -79.1710106,
            43.7944952
          ],
          [
            -79.1713961,
            43.7944022
          ]
        ]
      }
    },
    {
      "type": "Feature",
      "id": "osm-way-1481224605",
      "properties": {
        "osmWayId": 1481224605,
        "highway": "footway",
        "surface": null,
        "wheelchair": null,
        "foot": null,
        "verificationStatus": "inferred",
        "source": "OpenStreetMap"
      },
      "geometry": {
        "type": "LineString",
        "coordinates": [
          [
            -79.1713961,
            43.7944022
          ],
          [
            -79.1714795,
            43.7943813
          ],
          [
            -79.1715596,
            43.7943612
          ]
        ]
      }
    },
    {
      "type": "Feature",
      "id": "osm-way-1481224607",
      "properties": {
        "osmWayId": 1481224607,
        "highway": "footway",
        "surface": null,
        "wheelchair": null,
        "foot": null,
        "verificationStatus": "inferred",
        "source": "OpenStreetMap"
      },
      "geometry": {
        "type": "LineString",
        "coordinates": [
          [
            -79.1702993,
            43.7947359
          ],
          [
            -79.1704217,
            43.7949724
          ],
          [
            -79.1705959,
            43.795321
          ],
          [
            -79.1706523,
            43.7954457
          ],
          [
            -79.1707427,
            43.7956348
          ]
        ]
      }
    },
    {
      "type": "Feature",
      "id": "osm-way-1481224608",
      "properties": {
        "osmWayId": 1481224608,
        "highway": "footway",
        "surface": null,
        "wheelchair": null,
        "foot": null,
        "verificationStatus": "inferred",
        "source": "OpenStreetMap"
      },
      "geometry": {
        "type": "LineString",
        "coordinates": [
          [
            -79.1705016,
            43.794687
          ],
          [
            -79.1705594,
            43.7948057
          ],
          [
            -79.1706425,
            43.7949702
          ],
          [
            -79.1708849,
            43.7954818
          ],
          [
            -79.1709345,
            43.7955879
          ],
          [
            -79.1710307,
            43.795794
          ],
          [
            -79.1712218,
            43.7962139
          ],
          [
            -79.1712899,
            43.7963903
          ],
          [
            -79.1713284,
            43.7965212
          ],
          [
            -79.1712409,
            43.7965803
          ]
        ]
      }
    },
    {
      "type": "Feature",
      "id": "osm-way-1481224609",
      "properties": {
        "osmWayId": 1481224609,
        "highway": "footway",
        "surface": null,
        "wheelchair": null,
        "foot": null,
        "verificationStatus": "inferred",
        "source": "OpenStreetMap"
      },
      "geometry": {
        "type": "LineString",
        "coordinates": [
          [
            -79.1715596,
            43.7943612
          ],
          [
            -79.1719803,
            43.7942557
          ],
          [
            -79.17255,
            43.7941256
          ],
          [
            -79.1732322,
            43.7939581
          ],
          [
            -79.1737037,
            43.7938414
          ],
          [
            -79.1742774,
            43.7937242
          ],
          [
            -79.1745499,
            43.7936394
          ],
          [
            -79.1746684,
            43.7936016
          ]
        ]
      }
    },
    {
      "type": "Feature",
      "id": "osm-way-1481224610",
      "properties": {
        "osmWayId": 1481224610,
        "highway": "footway",
        "surface": null,
        "wheelchair": null,
        "foot": null,
        "verificationStatus": "inferred",
        "source": "OpenStreetMap"
      },
      "geometry": {
        "type": "LineString",
        "coordinates": [
          [
            -79.1746684,
            43.7936016
          ],
          [
            -79.1747458,
            43.7935836
          ],
          [
            -79.174895,
            43.7935473
          ]
        ]
      }
    },
    {
      "type": "Feature",
      "id": "osm-way-1481224613",
      "properties": {
        "osmWayId": 1481224613,
        "highway": "footway",
        "surface": null,
        "wheelchair": null,
        "foot": null,
        "verificationStatus": "inferred",
        "source": "OpenStreetMap"
      },
      "geometry": {
        "type": "LineString",
        "coordinates": [
          [
            -79.1750079,
            43.7938061
          ],
          [
            -79.1750716,
            43.7937707
          ],
          [
            -79.1751056,
            43.7937379
          ],
          [
            -79.175131,
            43.7936722
          ],
          [
            -79.1751004,
            43.793559
          ],
          [
            -79.1750462,
            43.7934459
          ],
          [
            -79.174967,
            43.7932805
          ],
          [
            -79.1748863,
            43.7930927
          ],
          [
            -79.1748316,
            43.7930548
          ],
          [
            -79.1748141,
            43.7930428
          ],
          [
            -79.1747383,
            43.7930356
          ],
          [
            -79.1746658,
            43.7930259
          ]
        ]
      }
    },
    {
      "type": "Feature",
      "id": "osm-way-1481224614",
      "properties": {
        "osmWayId": 1481224614,
        "highway": "footway",
        "surface": null,
        "wheelchair": null,
        "foot": null,
        "verificationStatus": "inferred",
        "source": "OpenStreetMap"
      },
      "geometry": {
        "type": "LineString",
        "coordinates": [
          [
            -79.1750462,
            43.7934459
          ],
          [
            -79.1749649,
            43.7934751
          ],
          [
            -79.1748801,
            43.7935133
          ]
        ]
      }
    },
    {
      "type": "Feature",
      "id": "osm-way-1481224615",
      "properties": {
        "osmWayId": 1481224615,
        "highway": "footway",
        "surface": null,
        "wheelchair": null,
        "foot": null,
        "verificationStatus": "inferred",
        "source": "OpenStreetMap"
      },
      "geometry": {
        "type": "LineString",
        "coordinates": [
          [
            -79.1746179,
            43.7929187
          ],
          [
            -79.1748294,
            43.7929187
          ],
          [
            -79.1751608,
            43.7929388
          ],
          [
            -79.1754502,
            43.7929092
          ],
          [
            -79.1758765,
            43.7929798
          ],
          [
            -79.1759611,
            43.7931377
          ],
          [
            -79.1760348,
            43.7931836
          ],
          [
            -79.1761247,
            43.7934213
          ],
          [
            -79.1761317,
            43.7934974
          ],
          [
            -79.1760539,
            43.7935454
          ]
        ]
      }
    },
    {
      "type": "Feature",
      "id": "osm-way-1481224616",
      "properties": {
        "osmWayId": 1481224616,
        "highway": "footway",
        "surface": null,
        "wheelchair": null,
        "foot": null,
        "verificationStatus": "inferred",
        "source": "OpenStreetMap"
      },
      "geometry": {
        "type": "LineString",
        "coordinates": [
          [
            -79.1748316,
            43.7930548
          ],
          [
            -79.1749844,
            43.7930171
          ],
          [
            -79.1751504,
            43.7929678
          ],
          [
            -79.1751608,
            43.7929388
          ]
        ]
      }
    },
    {
      "type": "Feature",
      "id": "osm-way-1481224617",
      "properties": {
        "osmWayId": 1481224617,
        "highway": "footway",
        "surface": null,
        "wheelchair": null,
        "foot": null,
        "verificationStatus": "inferred",
        "source": "OpenStreetMap"
      },
      "geometry": {
        "type": "LineString",
        "coordinates": [
          [
            -79.1655539,
            43.7950173
          ],
          [
            -79.1654641,
            43.7950403
          ],
          [
            -79.1653858,
            43.7950604
          ],
          [
            -79.1650305,
            43.7951551
          ],
          [
            -79.1648139,
            43.7952176
          ]
        ]
      }
    },
    {
      "type": "Feature",
      "id": "osm-way-1481224618",
      "properties": {
        "osmWayId": 1481224618,
        "highway": "footway",
        "surface": null,
        "wheelchair": null,
        "foot": null,
        "verificationStatus": "inferred",
        "source": "OpenStreetMap"
      },
      "geometry": {
        "type": "LineString",
        "coordinates": [
          [
            -79.1647497,
            43.7950711
          ],
          [
            -79.1650072,
            43.7950086
          ],
          [
            -79.1652326,
            43.7949465
          ],
          [
            -79.1654774,
            43.7948789
          ],
          [
            -79.1656517,
            43.7948418
          ]
        ]
      }
    },
    {
      "type": "Feature",
      "id": "osm-way-1481224619",
      "properties": {
        "osmWayId": 1481224619,
        "highway": "footway",
        "surface": null,
        "wheelchair": null,
        "foot": null,
        "verificationStatus": "inferred",
        "source": "OpenStreetMap"
      },
      "geometry": {
        "type": "LineString",
        "coordinates": [
          [
            -79.1656739,
            43.7949043
          ],
          [
            -79.1656517,
            43.7948418
          ],
          [
            -79.1656228,
            43.7947742
          ],
          [
            -79.1655482,
            43.7946123
          ],
          [
            -79.1654476,
            43.7943975
          ],
          [
            -79.1653338,
            43.7941372
          ],
          [
            -79.1653934,
            43.7940596
          ]
        ]
      }
    },
    {
      "type": "Feature",
      "id": "osm-way-1481226015",
      "properties": {
        "osmWayId": 1481226015,
        "highway": "footway",
        "surface": null,
        "wheelchair": null,
        "foot": null,
        "verificationStatus": "inferred",
        "source": "OpenStreetMap"
      },
      "geometry": {
        "type": "LineString",
        "coordinates": [
          [
            -79.1673047,
            43.7930111
          ],
          [
            -79.1683247,
            43.792771
          ]
        ]
      }
    },
    {
      "type": "Feature",
      "id": "osm-way-1481226016",
      "properties": {
        "osmWayId": 1481226016,
        "highway": "footway",
        "surface": null,
        "wheelchair": null,
        "foot": null,
        "verificationStatus": "inferred",
        "source": "OpenStreetMap"
      },
      "geometry": {
        "type": "LineString",
        "coordinates": [
          [
            -79.1683247,
            43.792771
          ],
          [
            -79.168248,
            43.7925959
          ],
          [
            -79.1681665,
            43.7925062
          ],
          [
            -79.1680624,
            43.7924122
          ],
          [
            -79.1680409,
            43.7923539
          ],
          [
            -79.168059,
            43.7922535
          ],
          [
            -79.1681223,
            43.7921902
          ],
          [
            -79.1682099,
            43.7921498
          ],
          [
            -79.1683556,
            43.7921349
          ],
          [
            -79.1684739,
            43.7921196
          ],
          [
            -79.1688337,
            43.7920307
          ],
          [
            -79.1689542,
            43.7919837
          ],
          [
            -79.1690517,
            43.7919453
          ],
          [
            -79.1691938,
            43.7919553
          ],
          [
            -79.1692801,
            43.7919887
          ],
          [
            -79.1693416,
            43.7920344
          ],
          [
            -79.1693677,
            43.7920821
          ],
          [
            -79.1693803,
            43.7921598
          ],
          [
            -79.1694107,
            43.7922731
          ],
          [
            -79.1695936,
            43.7926793
          ],
          [
            -79.1697892,
            43.7930849
          ],
          [
            -79.1699509,
            43.7933835
          ],
          [
            -79.1700794,
            43.7936738
          ],
          [
            -79.1701557,
            43.7937414
          ],
          [
            -79.170187,
            43.7937888
          ],
          [
            -79.1702012,
            43.7938673
          ],
          [
            -79.17017,
            43.7939335
          ],
          [
            -79.1700707,
            43.7939783
          ],
          [
            -79.1699978,
            43.7939797
          ],
          [
            -79.1698691,
            43.7939755
          ],
          [
            -79.1695843,
            43.7940428
          ],
          [
            -79.1693392,
            43.7941074
          ],
          [
            -79.1692307,
            43.7941629
          ],
          [
            -79.1691171,
            43.7942076
          ],
          [
            -79.1690017,
            43.7942049
          ],
          [
            -79.1689076,
            43.7941623
          ],
          [
            -79.1688793,
            43.79409
          ],
          [
            -79.1688843,
            43.7940288
          ],
          [
            -79.1689065,
            43.7939855
          ],
          [
            -79.1688807,
            43.7939289
          ]
        ]
      }
    },
    {
      "type": "Feature",
      "id": "osm-way-1481226017",
      "properties": {
        "osmWayId": 1481226017,
        "highway": "footway",
        "surface": null,
        "wheelchair": null,
        "foot": null,
        "verificationStatus": "inferred",
        "source": "OpenStreetMap"
      },
      "geometry": {
        "type": "LineString",
        "coordinates": [
          [
            -79.1688807,
            43.7939289
          ],
          [
            -79.168854,
            43.7938591
          ],
          [
            -79.1688284,
            43.7938117
          ]
        ]
      }
    },
    {
      "type": "Feature",
      "id": "osm-way-1481226018",
      "properties": {
        "osmWayId": 1481226018,
        "highway": "footway",
        "surface": null,
        "wheelchair": null,
        "foot": null,
        "verificationStatus": "inferred",
        "source": "OpenStreetMap"
      },
      "geometry": {
        "type": "LineString",
        "coordinates": [
          [
            -79.1688284,
            43.7938117
          ],
          [
            -79.1686557,
            43.7934305
          ],
          [
            -79.1684588,
            43.7930457
          ],
          [
            -79.1683776,
            43.7928938
          ]
        ]
      }
    },
    {
      "type": "Feature",
      "id": "osm-way-1481226019",
      "properties": {
        "osmWayId": 1481226019,
        "highway": "footway",
        "surface": null,
        "wheelchair": null,
        "foot": null,
        "verificationStatus": "inferred",
        "source": "OpenStreetMap"
      },
      "geometry": {
        "type": "LineString",
        "coordinates": [
          [
            -79.1683776,
            43.7928938
          ],
          [
            -79.1683478,
            43.7928285
          ],
          [
            -79.1683247,
            43.792771
          ]
        ]
      }
    },
    {
      "type": "Feature",
      "id": "osm-way-1481226020",
      "properties": {
        "osmWayId": 1481226020,
        "highway": "footway",
        "surface": null,
        "wheelchair": null,
        "foot": null,
        "verificationStatus": "inferred",
        "source": "OpenStreetMap"
      },
      "geometry": {
        "type": "LineString",
        "coordinates": [
          [
            -79.1688807,
            43.7939289
          ],
          [
            -79.1687874,
            43.7939543
          ],
          [
            -79.1678407,
            43.7941795
          ]
        ]
      }
    },
    {
      "type": "Feature",
      "id": "osm-way-1481226021",
      "properties": {
        "osmWayId": 1481226021,
        "highway": "footway",
        "surface": null,
        "wheelchair": null,
        "foot": null,
        "verificationStatus": "inferred",
        "source": "OpenStreetMap"
      },
      "geometry": {
        "type": "LineString",
        "coordinates": [
          [
            -79.1701241,
            43.7910628
          ],
          [
            -79.1703037,
            43.791464
          ],
          [
            -79.1703861,
            43.7916576
          ]
        ]
      }
    },
    {
      "type": "Feature",
      "id": "osm-way-1481226022",
      "properties": {
        "osmWayId": 1481226022,
        "highway": "footway",
        "surface": null,
        "wheelchair": null,
        "foot": null,
        "verificationStatus": "inferred",
        "source": "OpenStreetMap"
      },
      "geometry": {
        "type": "LineString",
        "coordinates": [
          [
            -79.1703861,
            43.7916576
          ],
          [
            -79.1704172,
            43.7917246
          ],
          [
            -79.1704412,
            43.7917763
          ]
        ]
      }
    },
    {
      "type": "Feature",
      "id": "osm-way-1481226023",
      "properties": {
        "osmWayId": 1481226023,
        "highway": "footway",
        "surface": null,
        "wheelchair": null,
        "foot": null,
        "verificationStatus": "inferred",
        "source": "OpenStreetMap"
      },
      "geometry": {
        "type": "LineString",
        "coordinates": [
          [
            -79.1704412,
            43.7917763
          ],
          [
            -79.1705381,
            43.7919883
          ],
          [
            -79.1705806,
            43.7920812
          ]
        ]
      }
    },
    {
      "type": "Feature",
      "id": "osm-way-1481226024",
      "properties": {
        "osmWayId": 1481226024,
        "highway": "footway",
        "surface": null,
        "wheelchair": null,
        "foot": null,
        "verificationStatus": "inferred",
        "source": "OpenStreetMap"
      },
      "geometry": {
        "type": "LineString",
        "coordinates": [
          [
            -79.1703861,
            43.7916576
          ],
          [
            -79.170917,
            43.791527
          ],
          [
            -79.1713558,
            43.7914178
          ],
          [
            -79.1713735,
            43.7914134
          ],
          [
            -79.1720959,
            43.7912482
          ],
          [
            -79.1721602,
            43.7913059
          ]
        ]
      }
    },
    {
      "type": "Feature",
      "id": "osm-way-1481226025",
      "properties": {
        "osmWayId": 1481226025,
        "highway": "footway",
        "surface": null,
        "wheelchair": null,
        "foot": null,
        "verificationStatus": "inferred",
        "source": "OpenStreetMap"
      },
      "geometry": {
        "type": "LineString",
        "coordinates": [
          [
            -79.1713558,
            43.7914178
          ],
          [
            -79.171393,
            43.791494
          ],
          [
            -79.1714153,
            43.7915397
          ]
        ]
      }
    },
    {
      "type": "Feature",
      "id": "osm-way-1481226026",
      "properties": {
        "osmWayId": 1481226026,
        "highway": "footway",
        "surface": null,
        "wheelchair": null,
        "foot": null,
        "verificationStatus": "inferred",
        "source": "OpenStreetMap"
      },
      "geometry": {
        "type": "LineString",
        "coordinates": [
          [
            -79.1714153,
            43.7915397
          ],
          [
            -79.1715147,
            43.7917651
          ],
          [
            -79.1716885,
            43.7921919
          ],
          [
            -79.17188,
            43.7926358
          ],
          [
            -79.1720628,
            43.7930481
          ],
          [
            -79.1721447,
            43.7932449
          ],
          [
            -79.1721531,
            43.7933502
          ],
          [
            -79.1722987,
            43.7934522
          ],
          [
            -79.1724689,
            43.7934567
          ],
          [
            -79.1726417,
            43.7933253
          ],
          [
            -79.1728681,
            43.7932816
          ],
          [
            -79.1731293,
            43.7932026
          ],
          [
            -79.1734008,
            43.7930429
          ],
          [
            -79.1737161,
            43.7929434
          ],
          [
            -79.1743113,
            43.7927881
          ]
        ]
      }
    },
    {
      "type": "Feature",
      "id": "osm-way-1481226027",
      "properties": {
        "osmWayId": 1481226027,
        "highway": "footway",
        "surface": null,
        "wheelchair": null,
        "foot": null,
        "verificationStatus": "inferred",
        "source": "OpenStreetMap"
      },
      "geometry": {
        "type": "LineString",
        "coordinates": [
          [
            -79.1743113,
            43.7927881
          ],
          [
            -79.1742849,
            43.7927355
          ],
          [
            -79.1742583,
            43.7926823
          ]
        ]
      }
    },
    {
      "type": "Feature",
      "id": "osm-way-1481226028",
      "properties": {
        "osmWayId": 1481226028,
        "highway": "footway",
        "surface": null,
        "wheelchair": null,
        "foot": null,
        "verificationStatus": "inferred",
        "source": "OpenStreetMap"
      },
      "geometry": {
        "type": "LineString",
        "coordinates": [
          [
            -79.1733069,
            43.7929269
          ],
          [
            -79.1733473,
            43.7929768
          ],
          [
            -79.1734008,
            43.7930429
          ]
        ]
      }
    },
    {
      "type": "Feature",
      "id": "osm-way-1481227880",
      "properties": {
        "osmWayId": 1481227880,
        "highway": "footway",
        "surface": null,
        "wheelchair": null,
        "foot": null,
        "verificationStatus": "inferred",
        "source": "OpenStreetMap"
      },
      "geometry": {
        "type": "LineString",
        "coordinates": [
          [
            -79.1726528,
            43.7916853
          ],
          [
            -79.1727776,
            43.7917106
          ],
          [
            -79.1729003,
            43.7919838
          ],
          [
            -79.1730865,
            43.7924236
          ],
          [
            -79.1733069,
            43.7929269
          ]
        ]
      }
    },
    {
      "type": "Feature",
      "id": "osm-way-1481230183",
      "properties": {
        "osmWayId": 1481230183,
        "highway": "footway",
        "surface": null,
        "wheelchair": null,
        "foot": null,
        "verificationStatus": "inferred",
        "source": "OpenStreetMap"
      },
      "geometry": {
        "type": "LineString",
        "coordinates": [
          [
            -79.1651584,
            43.7867272
          ],
          [
            -79.1649838,
            43.7866019
          ],
          [
            -79.1645599,
            43.7862548
          ],
          [
            -79.1640864,
            43.78654
          ],
          [
            -79.1636061,
            43.7868127
          ],
          [
            -79.1633311,
            43.7869577
          ],
          [
            -79.1630195,
            43.7871438
          ],
          [
            -79.1628751,
            43.7872372
          ],
          [
            -79.1627908,
            43.7871783
          ]
        ]
      }
    },
    {
      "type": "Feature",
      "id": "osm-way-1481232705",
      "properties": {
        "osmWayId": 1481232705,
        "highway": "footway",
        "surface": null,
        "wheelchair": null,
        "foot": null,
        "verificationStatus": "inferred",
        "source": "OpenStreetMap"
      },
      "geometry": {
        "type": "LineString",
        "coordinates": [
          [
            -79.1729047,
            43.7889853
          ],
          [
            -79.1720785,
            43.7891668
          ]
        ]
      }
    },
    {
      "type": "Feature",
      "id": "osm-way-1481232706",
      "properties": {
        "osmWayId": 1481232706,
        "highway": "footway",
        "surface": null,
        "wheelchair": null,
        "foot": null,
        "verificationStatus": "inferred",
        "source": "OpenStreetMap"
      },
      "geometry": {
        "type": "LineString",
        "coordinates": [
          [
            -79.1720785,
            43.7891668
          ],
          [
            -79.1720484,
            43.789098
          ],
          [
            -79.1720165,
            43.7890251
          ]
        ]
      }
    },
    {
      "type": "Feature",
      "id": "osm-way-1481232707",
      "properties": {
        "osmWayId": 1481232707,
        "highway": "footway",
        "surface": null,
        "wheelchair": null,
        "foot": null,
        "verificationStatus": "inferred",
        "source": "OpenStreetMap"
      },
      "geometry": {
        "type": "LineString",
        "coordinates": [
          [
            -79.1720165,
            43.7890251
          ],
          [
            -79.1728447,
            43.7888414
          ]
        ]
      }
    },
    {
      "type": "Feature",
      "id": "osm-way-1481232709",
      "properties": {
        "osmWayId": 1481232709,
        "highway": "footway",
        "surface": null,
        "wheelchair": null,
        "foot": null,
        "verificationStatus": "inferred",
        "source": "OpenStreetMap"
      },
      "geometry": {
        "type": "LineString",
        "coordinates": [
          [
            -79.1720785,
            43.7891668
          ],
          [
            -79.1721563,
            43.7893593
          ],
          [
            -79.1722217,
            43.7894379
          ],
          [
            -79.1722435,
            43.7894966
          ],
          [
            -79.1722362,
            43.7895671
          ],
          [
            -79.1721784,
            43.7896391
          ],
          [
            -79.1721302,
            43.7896756
          ],
          [
            -79.1720724,
            43.7896973
          ],
          [
            -79.1720275,
            43.7897095
          ],
          [
            -79.1718797,
            43.7897191
          ],
          [
            -79.1716855,
            43.7897551
          ],
          [
            -79.1715176,
            43.7897939
          ],
          [
            -79.1714047,
            43.7898358
          ],
          [
            -79.1712934,
            43.7898745
          ],
          [
            -79.1711435,
            43.78985
          ],
          [
            -79.1710875,
            43.7898159
          ],
          [
            -79.1711567,
            43.7897444
          ],
          [
            -79.1712205,
            43.789704
          ]
        ]
      }
    },
    {
      "type": "Feature",
      "id": "osm-way-1481232710",
      "properties": {
        "osmWayId": 1481232710,
        "highway": "footway",
        "surface": null,
        "wheelchair": null,
        "foot": null,
        "verificationStatus": "inferred",
        "source": "OpenStreetMap"
      },
      "geometry": {
        "type": "LineString",
        "coordinates": [
          [
            -79.1720132,
            43.7895347
          ],
          [
            -79.1712205,
            43.789704
          ],
          [
            -79.170885,
            43.7888954
          ],
          [
            -79.1708897,
            43.7888473
          ],
          [
            -79.1709179,
            43.7888266
          ],
          [
            -79.1715812,
            43.7886793
          ],
          [
            -79.1716496,
            43.7886933
          ],
          [
            -79.1716758,
            43.7887132
          ],
          [
            -79.1718365,
            43.7890898
          ],
          [
            -79.1720132,
            43.7895347
          ],
          [
            -79.1720822,
            43.7895588
          ]
        ]
      }
    },
    {
      "type": "Feature",
      "id": "osm-way-1481232712",
      "properties": {
        "osmWayId": 1481232712,
        "highway": "footway",
        "surface": null,
        "wheelchair": null,
        "foot": null,
        "verificationStatus": "inferred",
        "source": "OpenStreetMap"
      },
      "geometry": {
        "type": "LineString",
        "coordinates": [
          [
            -79.1732579,
            43.7892222
          ],
          [
            -79.1740036,
            43.7890505
          ],
          [
            -79.1740425,
            43.7890167
          ],
          [
            -79.1740472,
            43.7889849
          ],
          [
            -79.1740207,
            43.7889206
          ],
          [
            -79.1741217,
            43.7889032
          ]
        ]
      }
    },
    {
      "type": "Feature",
      "id": "osm-way-1481234164",
      "properties": {
        "osmWayId": 1481234164,
        "highway": "footway",
        "surface": null,
        "wheelchair": null,
        "foot": null,
        "verificationStatus": "inferred",
        "source": "OpenStreetMap"
      },
      "geometry": {
        "type": "LineString",
        "coordinates": [
          [
            -79.1774815,
            43.7912278
          ],
          [
            -79.1772896,
            43.7913262
          ],
          [
            -79.1771888,
            43.7913781
          ],
          [
            -79.1770763,
            43.7914076
          ],
          [
            -79.1765405,
            43.7914092
          ]
        ]
      }
    },
    {
      "type": "Feature",
      "id": "osm-way-1481234166",
      "properties": {
        "osmWayId": 1481234166,
        "highway": "footway",
        "surface": null,
        "wheelchair": null,
        "foot": null,
        "verificationStatus": "inferred",
        "source": "OpenStreetMap"
      },
      "geometry": {
        "type": "LineString",
        "coordinates": [
          [
            -79.1765429,
            43.7914898
          ],
          [
            -79.1765405,
            43.7914092
          ],
          [
            -79.1765173,
            43.791281
          ],
          [
            -79.1764821,
            43.7910638
          ],
          [
            -79.1764673,
            43.7909664
          ],
          [
            -79.1764336,
            43.790843
          ],
          [
            -79.1763621,
            43.7906879
          ],
          [
            -79.1762831,
            43.7904883
          ],
          [
            -79.1762688,
            43.7903959
          ],
          [
            -79.1762453,
            43.7903463
          ],
          [
            -79.1761924,
            43.7903058
          ],
          [
            -79.1760795,
            43.7902758
          ],
          [
            -79.175945,
            43.7903055
          ],
          [
            -79.1754377,
            43.7904172
          ],
          [
            -79.1747234,
            43.7905861
          ],
          [
            -79.1746303,
            43.7906071
          ],
          [
            -79.1745576,
            43.7906673
          ],
          [
            -79.1745278,
            43.7907231
          ],
          [
            -79.1745507,
            43.790805
          ],
          [
            -79.1746373,
            43.7910515
          ],
          [
            -79.1747231,
            43.7912499
          ],
          [
            -79.1748885,
            43.791624
          ],
          [
            -79.1749217,
            43.7916637
          ],
          [
            -79.1750148,
            43.7917029
          ],
          [
            -79.1751009,
            43.7916994
          ],
          [
            -79.1751918,
            43.7916829
          ],
          [
            -79.1753769,
            43.7916373
          ],
          [
            -79.1754923,
            43.7916291
          ],
          [
            -79.1758685,
            43.7916104
          ],
          [
            -79.1762452,
            43.7915823
          ],
          [
            -79.1766266,
            43.7915594
          ],
          [
            -79.1768727,
            43.7915606
          ],
          [
            -79.177165,
            43.7915643
          ],
          [
            -79.1772496,
            43.7915377
          ],
          [
            -79.1773513,
            43.7914852
          ],
          [
            -79.1776049,
            43.7913458
          ]
        ]
      }
    },
    {
      "type": "Feature",
      "id": "osm-way-1481234167",
      "properties": {
        "osmWayId": 1481234167,
        "highway": "footway",
        "surface": null,
        "wheelchair": null,
        "foot": null,
        "verificationStatus": "inferred",
        "source": "OpenStreetMap"
      },
      "geometry": {
        "type": "LineString",
        "coordinates": [
          [
            -79.1776049,
            43.7913458
          ],
          [
            -79.1775311,
            43.7912801
          ],
          [
            -79.1774815,
            43.7912278
          ]
        ]
      }
    },
    {
      "type": "Feature",
      "id": "osm-way-1481234169",
      "properties": {
        "osmWayId": 1481234169,
        "highway": "footway",
        "surface": null,
        "wheelchair": null,
        "foot": null,
        "verificationStatus": "inferred",
        "source": "OpenStreetMap"
      },
      "geometry": {
        "type": "LineString",
        "coordinates": [
          [
            -79.1776049,
            43.7913458
          ],
          [
            -79.1777296,
            43.7914374
          ],
          [
            -79.1778754,
            43.7915112
          ],
          [
            -79.1779799,
            43.7915633
          ],
          [
            -79.1781399,
            43.7916152
          ],
          [
            -79.1782062,
            43.7916317
          ]
        ]
      }
    },
    {
      "type": "Feature",
      "id": "osm-way-1481234170",
      "properties": {
        "osmWayId": 1481234170,
        "highway": "footway",
        "surface": null,
        "wheelchair": null,
        "foot": null,
        "verificationStatus": "inferred",
        "source": "OpenStreetMap"
      },
      "geometry": {
        "type": "LineString",
        "coordinates": [
          [
            -79.1782062,
            43.7916317
          ],
          [
            -79.1783045,
            43.791651
          ],
          [
            -79.1784004,
            43.7916658
          ]
        ]
      }
    },
    {
      "type": "Feature",
      "id": "osm-way-1481234172",
      "properties": {
        "osmWayId": 1481234172,
        "highway": "footway",
        "surface": null,
        "wheelchair": null,
        "foot": null,
        "verificationStatus": "inferred",
        "source": "OpenStreetMap"
      },
      "geometry": {
        "type": "LineString",
        "coordinates": [
          [
            -79.1744123,
            43.7924657
          ],
          [
            -79.1747701,
            43.7923874
          ],
          [
            -79.1753249,
            43.792261
          ],
          [
            -79.1754943,
            43.7922243
          ],
          [
            -79.1757351,
            43.7921998
          ],
          [
            -79.1760785,
            43.7921879
          ],
          [
            -79.1765276,
            43.7921603
          ],
          [
            -79.177064,
            43.7921427
          ],
          [
            -79.1774332,
            43.7921323
          ],
          [
            -79.1776061,
            43.7920967
          ],
          [
            -79.1780178,
            43.7920057
          ],
          [
            -79.1780903,
            43.7919749
          ],
          [
            -79.1781227,
            43.791896
          ],
          [
            -79.1782062,
            43.7916317
          ]
        ]
      }
    },
    {
      "type": "Feature",
      "id": "osm-way-1481234173",
      "properties": {
        "osmWayId": 1481234173,
        "highway": "footway",
        "surface": null,
        "wheelchair": null,
        "foot": null,
        "verificationStatus": "inferred",
        "source": "OpenStreetMap"
      },
      "geometry": {
        "type": "LineString",
        "coordinates": [
          [
            -79.1744764,
            43.7926094
          ],
          [
            -79.1754096,
            43.7923973
          ],
          [
            -79.1756011,
            43.7923595
          ],
          [
            -79.1759834,
            43.7923431
          ],
          [
            -79.1762394,
            43.7923241
          ],
          [
            -79.1767942,
            43.7922967
          ],
          [
            -79.1769913,
            43.7922881
          ],
          [
            -79.177398,
            43.7922851
          ],
          [
            -79.1775439,
            43.7922636
          ],
          [
            -79.1780333,
            43.7921574
          ],
          [
            -79.1781847,
            43.7921493
          ],
          [
            -79.178286,
            43.7920882
          ],
          [
            -79.1783141,
            43.7920386
          ],
          [
            -79.1783189,
            43.7919595
          ],
          [
            -79.1783635,
            43.7917924
          ],
          [
            -79.1784004,
            43.7916658
          ]
        ]
      }
    },
    {
      "type": "Feature",
      "id": "osm-way-1481234174",
      "properties": {
        "osmWayId": 1481234174,
        "highway": "footway",
        "surface": null,
        "wheelchair": null,
        "foot": null,
        "verificationStatus": "inferred",
        "source": "OpenStreetMap"
      },
      "geometry": {
        "type": "LineString",
        "coordinates": [
          [
            -79.1784004,
            43.7916658
          ],
          [
            -79.1786726,
            43.7916843
          ],
          [
            -79.1788555,
            43.7916673
          ],
          [
            -79.1791159,
            43.791619
          ],
          [
            -79.17979,
            43.791466
          ],
          [
            -79.1802425,
            43.7913637
          ],
          [
            -79.1806929,
            43.7912666
          ],
          [
            -79.1808772,
            43.7912209
          ],
          [
            -79.1810508,
            43.7911971
          ],
          [
            -79.1811848,
            43.7911976
          ],
          [
            -79.1812575,
            43.7911979
          ],
          [
            -79.1814094,
            43.7912263
          ],
          [
            -79.18163,
            43.7912822
          ],
          [
            -79.1818434,
            43.7913939
          ],
          [
            -79.1819155,
            43.7914573
          ],
          [
            -79.1819953,
            43.7915274
          ],
          [
            -79.1820861,
            43.7916547
          ],
          [
            -79.1821748,
            43.7918708
          ],
          [
            -79.1823405,
            43.7922608
          ],
          [
            -79.182372,
            43.7924169
          ],
          [
            -79.1823895,
            43.7925825
          ],
          [
            -79.1824013,
            43.7926948
          ],
          [
            -79.1824591,
            43.7932079
          ]
        ]
      }
    },
    {
      "type": "Feature",
      "id": "osm-way-1481234175",
      "properties": {
        "osmWayId": 1481234175,
        "highway": "footway",
        "surface": null,
        "wheelchair": null,
        "foot": null,
        "verificationStatus": "inferred",
        "source": "OpenStreetMap"
      },
      "geometry": {
        "type": "LineString",
        "coordinates": [
          [
            -79.1824591,
            43.7932079
          ],
          [
            -79.1824731,
            43.7932836
          ],
          [
            -79.182478,
            43.7933643
          ]
        ]
      }
    },
    {
      "type": "Feature",
      "id": "osm-way-1482041703",
      "properties": {
        "osmWayId": 1482041703,
        "highway": "footway",
        "surface": null,
        "wheelchair": null,
        "foot": null,
        "verificationStatus": "inferred",
        "source": "OpenStreetMap"
      },
      "geometry": {
        "type": "LineString",
        "coordinates": [
          [
            -79.1810771,
            43.7910494
          ],
          [
            -79.18109,
            43.7908832
          ],
          [
            -79.1811148,
            43.7905382
          ],
          [
            -79.1811246,
            43.7904018
          ],
          [
            -79.1811371,
            43.7900237
          ],
          [
            -79.1811486,
            43.7898865
          ],
          [
            -79.181142,
            43.789803
          ],
          [
            -79.1810743,
            43.7896453
          ],
          [
            -79.1809251,
            43.7892911
          ],
          [
            -79.1809074,
            43.7892507
          ],
          [
            -79.1806342,
            43.7886273
          ]
        ]
      }
    },
    {
      "type": "Feature",
      "id": "osm-way-1482041706",
      "properties": {
        "osmWayId": 1482041706,
        "highway": "footway",
        "surface": null,
        "wheelchair": null,
        "foot": null,
        "verificationStatus": "inferred",
        "source": "OpenStreetMap"
      },
      "geometry": {
        "type": "LineString",
        "coordinates": [
          [
            -79.1808399,
            43.7885831
          ],
          [
            -79.1810811,
            43.7891368
          ]
        ]
      }
    },
    {
      "type": "Feature",
      "id": "osm-way-1482041707",
      "properties": {
        "osmWayId": 1482041707,
        "highway": "footway",
        "surface": null,
        "wheelchair": null,
        "foot": null,
        "verificationStatus": "inferred",
        "source": "OpenStreetMap"
      },
      "geometry": {
        "type": "LineString",
        "coordinates": [
          [
            -79.1810811,
            43.7891368
          ],
          [
            -79.1811101,
            43.7892056
          ],
          [
            -79.1811323,
            43.7892583
          ]
        ]
      }
    },
    {
      "type": "Feature",
      "id": "osm-way-1482041709",
      "properties": {
        "osmWayId": 1482041709,
        "highway": "footway",
        "surface": null,
        "wheelchair": null,
        "foot": null,
        "verificationStatus": "inferred",
        "source": "OpenStreetMap"
      },
      "geometry": {
        "type": "LineString",
        "coordinates": [
          [
            -79.1811323,
            43.7892583
          ],
          [
            -79.1813202,
            43.7896847
          ],
          [
            -79.181358,
            43.7897951
          ],
          [
            -79.1813693,
            43.7898933
          ],
          [
            -79.1813604,
            43.7901278
          ],
          [
            -79.1813348,
            43.7904599
          ]
        ]
      }
    },
    {
      "type": "Feature",
      "id": "osm-way-1482041710",
      "properties": {
        "osmWayId": 1482041710,
        "highway": "footway",
        "surface": null,
        "wheelchair": null,
        "foot": null,
        "verificationStatus": "inferred",
        "source": "OpenStreetMap"
      },
      "geometry": {
        "type": "LineString",
        "coordinates": [
          [
            -79.1813348,
            43.7904599
          ],
          [
            -79.181332,
            43.7905129
          ],
          [
            -79.1813277,
            43.7905959
          ]
        ]
      }
    },
    {
      "type": "Feature",
      "id": "osm-way-1482041712",
      "properties": {
        "osmWayId": 1482041712,
        "highway": "footway",
        "surface": null,
        "wheelchair": null,
        "foot": null,
        "verificationStatus": "inferred",
        "source": "OpenStreetMap"
      },
      "geometry": {
        "type": "LineString",
        "coordinates": [
          [
            -79.1813277,
            43.7905959
          ],
          [
            -79.181844,
            43.7905911
          ],
          [
            -79.1820659,
            43.7906034
          ],
          [
            -79.1823231,
            43.7905462
          ],
          [
            -79.182693,
            43.7904618
          ],
          [
            -79.1828567,
            43.7904383
          ],
          [
            -79.182927,
            43.7904127
          ],
          [
            -79.1829939,
            43.790372
          ],
          [
            -79.1830212,
            43.790294
          ],
          [
            -79.183002,
            43.7902341
          ],
          [
            -79.182957,
            43.7901748
          ],
          [
            -79.1827934,
            43.7900464
          ],
          [
            -79.1826633,
            43.7899334
          ],
          [
            -79.1825982,
            43.7898704
          ],
          [
            -79.1825318,
            43.7897525
          ],
          [
            -79.1824228,
            43.7895001
          ],
          [
            -79.1823234,
            43.7892867
          ],
          [
            -79.1822955,
            43.7891825
          ],
          [
            -79.182307,
            43.789108
          ],
          [
            -79.1823235,
            43.7890529
          ],
          [
            -79.1823192,
            43.7890011
          ],
          [
            -79.1822868,
            43.7889495
          ],
          [
            -79.1821994,
            43.7889082
          ],
          [
            -79.1821351,
            43.7888978
          ],
          [
            -79.1820753,
            43.7889089
          ],
          [
            -79.1819429,
            43.7889478
          ],
          [
            -79.1814522,
            43.7890607
          ],
          [
            -79.1810811,
            43.7891368
          ]
        ]
      }
    },
    {
      "type": "Feature",
      "id": "osm-way-1482041713",
      "properties": {
        "osmWayId": 1482041713,
        "highway": "footway",
        "surface": null,
        "wheelchair": null,
        "foot": null,
        "verificationStatus": "inferred",
        "source": "OpenStreetMap"
      },
      "geometry": {
        "type": "LineString",
        "coordinates": [
          [
            -79.1812934,
            43.7910534
          ],
          [
            -79.1813277,
            43.7905959
          ]
        ]
      }
    },
    {
      "type": "Feature",
      "id": "osm-way-1482041714",
      "properties": {
        "osmWayId": 1482041714,
        "highway": "footway",
        "surface": null,
        "wheelchair": null,
        "foot": null,
        "verificationStatus": "inferred",
        "source": "OpenStreetMap"
      },
      "geometry": {
        "type": "LineString",
        "coordinates": [
          [
            -79.1820842,
            43.7913452
          ],
          [
            -79.1823446,
            43.7912052
          ],
          [
            -79.1825474,
            43.7911043
          ],
          [
            -79.1827088,
            43.7910671
          ],
          [
            -79.1830153,
            43.7909913
          ],
          [
            -79.1831419,
            43.7909712
          ],
          [
            -79.1832669,
            43.7910081
          ],
          [
            -79.1833134,
            43.7910693
          ],
          [
            -79.1833263,
            43.7911227
          ],
          [
            -79.1832728,
            43.7912105
          ],
          [
            -79.1832213,
            43.7912755
          ],
          [
            -79.1832341,
            43.7913197
          ],
          [
            -79.1833566,
            43.7916293
          ],
          [
            -79.1836458,
            43.7922915
          ],
          [
            -79.1837303,
            43.7924026
          ],
          [
            -79.1837426,
            43.7924808
          ],
          [
            -79.1836948,
            43.7925443
          ],
          [
            -79.1835951,
            43.7925848
          ],
          [
            -79.183507,
            43.7925887
          ],
          [
            -79.1833964,
            43.7925685
          ],
          [
            -79.1829393,
            43.7925965
          ],
          [
            -79.1826071,
            43.792612
          ]
        ]
      }
    },
    {
      "type": "Feature",
      "id": "osm-way-1482041716",
      "properties": {
        "osmWayId": 1482041716,
        "highway": "footway",
        "surface": null,
        "wheelchair": null,
        "foot": null,
        "verificationStatus": "inferred",
        "source": "OpenStreetMap"
      },
      "geometry": {
        "type": "LineString",
        "coordinates": [
          [
            -79.1826071,
            43.792612
          ],
          [
            -79.1825959,
            43.7925401
          ],
          [
            -79.1825915,
            43.792486
          ]
        ]
      }
    },
    {
      "type": "Feature",
      "id": "osm-way-1482041717",
      "properties": {
        "osmWayId": 1482041717,
        "highway": "footway",
        "surface": null,
        "wheelchair": null,
        "foot": null,
        "verificationStatus": "inferred",
        "source": "OpenStreetMap"
      },
      "geometry": {
        "type": "LineString",
        "coordinates": [
          [
            -79.1820842,
            43.7913452
          ],
          [
            -79.182147,
            43.7914055
          ],
          [
            -79.1821896,
            43.7914393
          ]
        ]
      }
    },
    {
      "type": "Feature",
      "id": "osm-way-1482041718",
      "properties": {
        "osmWayId": 1482041718,
        "highway": "footway",
        "surface": null,
        "wheelchair": null,
        "foot": null,
        "verificationStatus": "inferred",
        "source": "OpenStreetMap"
      },
      "geometry": {
        "type": "LineString",
        "coordinates": [
          [
            -79.1821896,
            43.7914393
          ],
          [
            -79.1822753,
            43.7915723
          ],
          [
            -79.1823405,
            43.7917071
          ],
          [
            -79.1824917,
            43.7920589
          ],
          [
            -79.1825578,
            43.7922239
          ],
          [
            -79.1825833,
            43.7923628
          ],
          [
            -79.1825915,
            43.792486
          ]
        ]
      }
    },
    {
      "type": "Feature",
      "id": "osm-way-1482041719",
      "properties": {
        "osmWayId": 1482041719,
        "highway": "footway",
        "surface": null,
        "wheelchair": null,
        "foot": null,
        "verificationStatus": "inferred",
        "source": "OpenStreetMap"
      },
      "geometry": {
        "type": "LineString",
        "coordinates": [
          [
            -79.1826071,
            43.792612
          ],
          [
            -79.1826454,
            43.7929606
          ],
          [
            -79.1826726,
            43.7931993
          ]
        ]
      }
    },
    {
      "type": "Feature",
      "id": "osm-way-1482041720",
      "properties": {
        "osmWayId": 1482041720,
        "highway": "footway",
        "surface": null,
        "wheelchair": null,
        "foot": null,
        "verificationStatus": "inferred",
        "source": "OpenStreetMap"
      },
      "geometry": {
        "type": "LineString",
        "coordinates": [
          [
            -79.1826726,
            43.7931993
          ],
          [
            -79.1825532,
            43.7932062
          ],
          [
            -79.1824591,
            43.7932079
          ]
        ]
      }
    },
    {
      "type": "Feature",
      "id": "osm-way-1482044358",
      "properties": {
        "osmWayId": 1482044358,
        "highway": "footway",
        "surface": null,
        "wheelchair": null,
        "foot": null,
        "verificationStatus": "inferred",
        "source": "OpenStreetMap"
      },
      "geometry": {
        "type": "LineString",
        "coordinates": [
          [
            -79.1826804,
            43.7933538
          ],
          [
            -79.1826742,
            43.7932712
          ],
          [
            -79.1826726,
            43.7931993
          ]
        ]
      }
    },
    {
      "type": "Feature",
      "id": "osm-way-1482044359",
      "properties": {
        "osmWayId": 1482044359,
        "highway": "footway",
        "surface": null,
        "wheelchair": null,
        "foot": null,
        "verificationStatus": "inferred",
        "source": "OpenStreetMap"
      },
      "geometry": {
        "type": "LineString",
        "coordinates": [
          [
            -79.1826804,
            43.7933538
          ],
          [
            -79.1825753,
            43.7933577
          ],
          [
            -79.182478,
            43.7933643
          ]
        ]
      }
    },
    {
      "type": "Feature",
      "id": "osm-way-1482044360",
      "properties": {
        "osmWayId": 1482044360,
        "highway": "footway",
        "surface": null,
        "wheelchair": null,
        "foot": null,
        "verificationStatus": "inferred",
        "source": "OpenStreetMap"
      },
      "geometry": {
        "type": "LineString",
        "coordinates": [
          [
            -79.1824591,
            43.7932079
          ],
          [
            -79.1823228,
            43.7932126
          ],
          [
            -79.1820333,
            43.7932273
          ],
          [
            -79.1816565,
            43.7932519
          ]
        ]
      }
    },
    {
      "type": "Feature",
      "id": "osm-way-1482044361",
      "properties": {
        "osmWayId": 1482044361,
        "highway": "footway",
        "surface": null,
        "wheelchair": null,
        "foot": null,
        "verificationStatus": "inferred",
        "source": "OpenStreetMap"
      },
      "geometry": {
        "type": "LineString",
        "coordinates": [
          [
            -79.1816565,
            43.7932519
          ],
          [
            -79.1815585,
            43.7932561
          ],
          [
            -79.1814536,
            43.7932606
          ]
        ]
      }
    },
    {
      "type": "Feature",
      "id": "osm-way-1482044362",
      "properties": {
        "osmWayId": 1482044362,
        "highway": "footway",
        "surface": null,
        "wheelchair": null,
        "foot": null,
        "verificationStatus": "inferred",
        "source": "OpenStreetMap"
      },
      "geometry": {
        "type": "LineString",
        "coordinates": [
          [
            -79.1816565,
            43.7932519
          ],
          [
            -79.1816297,
            43.7930178
          ],
          [
            -79.1816061,
            43.7928238
          ],
          [
            -79.1815864,
            43.7926193
          ],
          [
            -79.1815738,
            43.7925084
          ],
          [
            -79.1815608,
            43.7923936
          ],
          [
            -79.1815318,
            43.792313
          ],
          [
            -79.1814649,
            43.7921483
          ],
          [
            -79.181359,
            43.7919112
          ],
          [
            -79.1813012,
            43.7918179
          ],
          [
            -79.181232,
            43.7917801
          ],
          [
            -79.1811125,
            43.791775
          ],
          [
            -79.1808441,
            43.7918377
          ],
          [
            -79.1803665,
            43.7919454
          ],
          [
            -79.1802101,
            43.791976
          ],
          [
            -79.1800677,
            43.7919972
          ],
          [
            -79.1800275,
            43.7920147
          ],
          [
            -79.1799761,
            43.7920579
          ],
          [
            -79.1799495,
            43.7921193
          ],
          [
            -79.1799602,
            43.7921747
          ],
          [
            -79.1800106,
            43.7922431
          ],
          [
            -79.1801533,
            43.7925763
          ],
          [
            -79.1802095,
            43.7927259
          ],
          [
            -79.1802185,
            43.7927675
          ],
          [
            -79.1802563,
            43.7928212
          ],
          [
            -79.1803281,
            43.7928541
          ],
          [
            -79.1804222,
            43.7928612
          ],
          [
            -79.1804992,
            43.7928388
          ],
          [
            -79.180625,
            43.7928045
          ],
          [
            -79.1809512,
            43.7927324
          ],
          [
            -79.1813848,
            43.7926347
          ],
          [
            -79.1814777,
            43.7926138
          ]
        ]
      }
    },
    {
      "type": "Feature",
      "id": "osm-way-1482044365",
      "properties": {
        "osmWayId": 1482044365,
        "highway": "footway",
        "surface": null,
        "wheelchair": null,
        "foot": null,
        "verificationStatus": "inferred",
        "source": "OpenStreetMap"
      },
      "geometry": {
        "type": "LineString",
        "coordinates": [
          [
            -79.1813848,
            43.7926347
          ],
          [
            -79.1814536,
            43.7932606
          ]
        ]
      }
    },
    {
      "type": "Feature",
      "id": "osm-way-1482044366",
      "properties": {
        "osmWayId": 1482044366,
        "highway": "footway",
        "surface": null,
        "wheelchair": null,
        "foot": null,
        "verificationStatus": "inferred",
        "source": "OpenStreetMap"
      },
      "geometry": {
        "type": "LineString",
        "coordinates": [
          [
            -79.1814536,
            43.7932606
          ],
          [
            -79.181251,
            43.7932729
          ],
          [
            -79.1809524,
            43.7933353
          ],
          [
            -79.1805533,
            43.7934254
          ],
          [
            -79.1801353,
            43.7935182
          ],
          [
            -79.1800888,
            43.7935305
          ],
          [
            -79.1800085,
            43.7935517
          ],
          [
            -79.1795234,
            43.7936644
          ],
          [
            -79.1794363,
            43.7936808
          ],
          [
            -79.1793724,
            43.7936928
          ],
          [
            -79.179287,
            43.7937089
          ],
          [
            -79.1791648,
            43.7937389
          ],
          [
            -79.1790555,
            43.7937657
          ],
          [
            -79.1788907,
            43.793792
          ],
          [
            -79.178708,
            43.7937949
          ],
          [
            -79.1785756,
            43.793797
          ],
          [
            -79.1784689,
            43.7937987
          ],
          [
            -79.1782178,
            43.7938013
          ],
          [
            -79.1781906,
            43.7938015
          ],
          [
            -79.1778203,
            43.7938013
          ],
          [
            -79.1773361,
            43.7938095
          ],
          [
            -79.1772461,
            43.79381
          ],
          [
            -79.1770623,
            43.793811
          ],
          [
            -79.1770516,
            43.7938102
          ],
          [
            -79.1768909,
            43.7938072
          ],
          [
            -79.1766783,
            43.7938248
          ],
          [
            -79.1764893,
            43.7938589
          ],
          [
            -79.1762859,
            43.7939074
          ],
          [
            -79.1760063,
            43.7939707
          ],
          [
            -79.1759419,
            43.7939844
          ],
          [
            -79.1751569,
            43.7941518
          ]
        ]
      }
    },
    {
      "type": "Feature",
      "id": "osm-way-1482044369",
      "properties": {
        "osmWayId": 1482044369,
        "highway": "footway",
        "surface": null,
        "wheelchair": null,
        "foot": null,
        "verificationStatus": "inferred",
        "source": "OpenStreetMap"
      },
      "geometry": {
        "type": "LineString",
        "coordinates": [
          [
            -79.1773209,
            43.7939671
          ],
          [
            -79.1772136,
            43.7939658
          ],
          [
            -79.1771429,
            43.7939695
          ]
        ]
      }
    },
    {
      "type": "Feature",
      "id": "osm-way-1482044370",
      "properties": {
        "osmWayId": 1482044370,
        "highway": "footway",
        "surface": null,
        "wheelchair": null,
        "foot": null,
        "verificationStatus": "inferred",
        "source": "OpenStreetMap"
      },
      "geometry": {
        "type": "LineString",
        "coordinates": [
          [
            -79.1773209,
            43.7939671
          ],
          [
            -79.1777926,
            43.7939591
          ],
          [
            -79.1781216,
            43.7939577
          ]
        ]
      }
    },
    {
      "type": "Feature",
      "id": "osm-way-1482044372",
      "properties": {
        "osmWayId": 1482044372,
        "highway": "footway",
        "surface": null,
        "wheelchair": null,
        "foot": null,
        "verificationStatus": "inferred",
        "source": "OpenStreetMap"
      },
      "geometry": {
        "type": "LineString",
        "coordinates": [
          [
            -79.1781216,
            43.7939577
          ],
          [
            -79.1782244,
            43.7939572
          ],
          [
            -79.17833,
            43.7939562
          ]
        ]
      }
    },
    {
      "type": "Feature",
      "id": "osm-way-1482044373",
      "properties": {
        "osmWayId": 1482044373,
        "highway": "footway",
        "surface": null,
        "wheelchair": null,
        "foot": null,
        "verificationStatus": "inferred",
        "source": "OpenStreetMap"
      },
      "geometry": {
        "type": "LineString",
        "coordinates": [
          [
            -79.17833,
            43.7939562
          ],
          [
            -79.1787287,
            43.7939559
          ],
          [
            -79.1789402,
            43.7939478
          ],
          [
            -79.179036,
            43.7939325
          ]
        ]
      }
    },
    {
      "type": "Feature",
      "id": "osm-way-1482044374",
      "properties": {
        "osmWayId": 1482044374,
        "highway": "footway",
        "surface": null,
        "wheelchair": null,
        "foot": null,
        "verificationStatus": "inferred",
        "source": "OpenStreetMap"
      },
      "geometry": {
        "type": "LineString",
        "coordinates": [
          [
            -79.1791648,
            43.7937389
          ],
          [
            -79.179197,
            43.7938147
          ],
          [
            -79.1792303,
            43.7938933
          ]
        ]
      }
    },
    {
      "type": "Feature",
      "id": "osm-way-1482044375",
      "properties": {
        "osmWayId": 1482044375,
        "highway": "footway",
        "surface": null,
        "wheelchair": null,
        "foot": null,
        "verificationStatus": "inferred",
        "source": "OpenStreetMap"
      },
      "geometry": {
        "type": "LineString",
        "coordinates": [
          [
            -79.1792303,
            43.7938933
          ],
          [
            -79.1791359,
            43.7939123
          ],
          [
            -79.179036,
            43.7939325
          ]
        ]
      }
    },
    {
      "type": "Feature",
      "id": "osm-way-1482046448",
      "properties": {
        "osmWayId": 1482046448,
        "highway": "footway",
        "surface": null,
        "wheelchair": null,
        "foot": null,
        "verificationStatus": "inferred",
        "source": "OpenStreetMap"
      },
      "geometry": {
        "type": "LineString",
        "coordinates": [
          [
            -79.1785756,
            43.793797
          ],
          [
            -79.1785652,
            43.7936155
          ],
          [
            -79.1786981,
            43.793613
          ]
        ]
      }
    },
    {
      "type": "Feature",
      "id": "osm-way-1482046449",
      "properties": {
        "osmWayId": 1482046449,
        "highway": "footway",
        "surface": null,
        "wheelchair": null,
        "foot": null,
        "verificationStatus": "inferred",
        "source": "OpenStreetMap"
      },
      "geometry": {
        "type": "LineString",
        "coordinates": [
          [
            -79.1786981,
            43.793613
          ],
          [
            -79.1788575,
            43.7936061
          ],
          [
            -79.1789868,
            43.7936
          ],
          [
            -79.1790585,
            43.7935955
          ],
          [
            -79.1791623,
            43.7935744
          ],
          [
            -79.1792254,
            43.7935666
          ],
          [
            -79.179286,
            43.7935767
          ],
          [
            -79.1793541,
            43.7935932
          ],
          [
            -79.1794068,
            43.7936362
          ],
          [
            -79.1794363,
            43.7936808
          ]
        ]
      }
    },
    {
      "type": "Feature",
      "id": "osm-way-1482046450",
      "properties": {
        "osmWayId": 1482046450,
        "highway": "footway",
        "surface": null,
        "wheelchair": null,
        "foot": null,
        "verificationStatus": "inferred",
        "source": "OpenStreetMap"
      },
      "geometry": {
        "type": "LineString",
        "coordinates": [
          [
            -79.1800888,
            43.7935305
          ],
          [
            -79.1799064,
            43.7931129
          ],
          [
            -79.1797784,
            43.7928337
          ]
        ]
      }
    },
    {
      "type": "Feature",
      "id": "osm-way-1482046451",
      "properties": {
        "osmWayId": 1482046451,
        "highway": "footway",
        "surface": null,
        "wheelchair": null,
        "foot": null,
        "verificationStatus": "inferred",
        "source": "OpenStreetMap"
      },
      "geometry": {
        "type": "LineString",
        "coordinates": [
          [
            -79.1792303,
            43.7938933
          ],
          [
            -79.1794629,
            43.793842
          ],
          [
            -79.1799511,
            43.7937288
          ],
          [
            -79.180435,
            43.79362
          ],
          [
            -79.1808201,
            43.7935364
          ],
          [
            -79.1812633,
            43.7934358
          ],
          [
            -79.1814134,
            43.7934262
          ],
          [
            -79.1816197,
            43.7934114
          ],
          [
            -79.1818708,
            43.7934011
          ],
          [
            -79.182478,
            43.7933643
          ]
        ]
      }
    },
    {
      "type": "Feature",
      "id": "osm-way-1482046452",
      "properties": {
        "osmWayId": 1482046452,
        "highway": "footway",
        "surface": null,
        "wheelchair": null,
        "foot": null,
        "verificationStatus": "inferred",
        "source": "OpenStreetMap"
      },
      "geometry": {
        "type": "LineString",
        "coordinates": [
          [
            -79.175229,
            43.7943053
          ],
          [
            -79.1754911,
            43.7942474
          ],
          [
            -79.1759599,
            43.7941406
          ]
        ]
      }
    },
    {
      "type": "Feature",
      "id": "osm-way-1482046453",
      "properties": {
        "osmWayId": 1482046453,
        "highway": "footway",
        "surface": null,
        "wheelchair": null,
        "foot": null,
        "verificationStatus": "inferred",
        "source": "OpenStreetMap"
      },
      "geometry": {
        "type": "LineString",
        "coordinates": [
          [
            -79.1759599,
            43.7941406
          ],
          [
            -79.176059,
            43.7941196
          ],
          [
            -79.1761371,
            43.7941044
          ]
        ]
      }
    },
    {
      "type": "Feature",
      "id": "osm-way-1482046454",
      "properties": {
        "osmWayId": 1482046454,
        "highway": "footway",
        "surface": null,
        "wheelchair": null,
        "foot": null,
        "verificationStatus": "inferred",
        "source": "OpenStreetMap"
      },
      "geometry": {
        "type": "LineString",
        "coordinates": [
          [
            -79.1761371,
            43.7941044
          ],
          [
            -79.1766415,
            43.7939966
          ],
          [
            -79.1767444,
            43.7939789
          ],
          [
            -79.1769892,
            43.7939687
          ],
          [
            -79.1771429,
            43.7939695
          ]
        ]
      }
    },
    {
      "type": "Feature",
      "id": "osm-way-1482046455",
      "properties": {
        "osmWayId": 1482046455,
        "highway": "footway",
        "surface": null,
        "wheelchair": null,
        "foot": null,
        "verificationStatus": "inferred",
        "source": "OpenStreetMap"
      },
      "geometry": {
        "type": "LineString",
        "coordinates": [
          [
            -79.1759599,
            43.7941406
          ],
          [
            -79.1760388,
            43.7943168
          ],
          [
            -79.1761588,
            43.7945977
          ],
          [
            -79.1763088,
            43.7949226
          ],
          [
            -79.1764392,
            43.7952218
          ],
          [
            -79.1765698,
            43.7955073
          ],
          [
            -79.176663,
            43.7956985
          ],
          [
            -79.1767039,
            43.7957296
          ],
          [
            -79.1768006,
            43.7957288
          ],
          [
            -79.1769228,
            43.7956977
          ],
          [
            -79.1771684,
            43.7956479
          ],
          [
            -79.1774597,
            43.7955471
          ],
          [
            -79.1775519,
            43.7955313
          ],
          [
            -79.1777091,
            43.7955138
          ],
          [
            -79.177777,
            43.7954698
          ],
          [
            -79.1778134,
            43.7954112
          ],
          [
            -79.1778127,
            43.7953573
          ],
          [
            -79.1777834,
            43.7953099
          ],
          [
            -79.1777132,
            43.7952301
          ],
          [
            -79.1776403,
            43.7950582
          ],
          [
            -79.1775046,
            43.7947541
          ],
          [
            -79.1773583,
            43.7944239
          ],
          [
            -79.1773235,
            43.7943356
          ],
          [
            -79.1773253,
            43.7942772
          ],
          [
            -79.1773209,
            43.7939671
          ]
        ]
      }
    },
    {
      "type": "Feature",
      "id": "osm-way-1482046456",
      "properties": {
        "osmWayId": 1482046456,
        "highway": "footway",
        "surface": null,
        "wheelchair": null,
        "foot": null,
        "verificationStatus": "inferred",
        "source": "OpenStreetMap"
      },
      "geometry": {
        "type": "LineString",
        "coordinates": [
          [
            -79.1781216,
            43.7939577
          ],
          [
            -79.178124,
            43.7942039
          ],
          [
            -79.1781406,
            43.7942833
          ],
          [
            -79.1781922,
            43.7944188
          ],
          [
            -79.1783744,
            43.7948128
          ],
          [
            -79.1785441,
            43.7952154
          ],
          [
            -79.1787057,
            43.7955362
          ],
          [
            -79.178783,
            43.7956442
          ],
          [
            -79.1788449,
            43.795705
          ],
          [
            -79.1790077,
            43.7958199
          ],
          [
            -79.1791812,
            43.7959205
          ],
          [
            -79.1793891,
            43.7959811
          ]
        ]
      }
    },
    {
      "type": "Feature",
      "id": "osm-way-1482046457",
      "properties": {
        "osmWayId": 1482046457,
        "highway": "footway",
        "surface": null,
        "wheelchair": null,
        "foot": null,
        "verificationStatus": "inferred",
        "source": "OpenStreetMap"
      },
      "geometry": {
        "type": "LineString",
        "coordinates": [
          [
            -79.1793891,
            43.7959811
          ],
          [
            -79.1794883,
            43.7960008
          ],
          [
            -79.1795913,
            43.7960169
          ]
        ]
      }
    },
    {
      "type": "Feature",
      "id": "osm-way-1482046459",
      "properties": {
        "osmWayId": 1482046459,
        "highway": "footway",
        "surface": null,
        "wheelchair": null,
        "foot": null,
        "verificationStatus": "inferred",
        "source": "OpenStreetMap"
      },
      "geometry": {
        "type": "LineString",
        "coordinates": [
          [
            -79.1793891,
            43.7959811
          ],
          [
            -79.1793096,
            43.7962387
          ],
          [
            -79.179288,
            43.7963366
          ],
          [
            -79.1792953,
            43.7964124
          ],
          [
            -79.1793593,
            43.7965682
          ],
          [
            -79.1794645,
            43.7968371
          ],
          [
            -79.1794672,
            43.7968871
          ],
          [
            -79.1794243,
            43.7969195
          ],
          [
            -79.1793488,
            43.7969427
          ],
          [
            -79.1787373,
            43.7970526
          ],
          [
            -79.1787241,
            43.797055
          ]
        ]
      }
    },
    {
      "type": "Feature",
      "id": "osm-way-1482046460",
      "properties": {
        "osmWayId": 1482046460,
        "highway": "footway",
        "surface": null,
        "wheelchair": null,
        "foot": null,
        "verificationStatus": "inferred",
        "source": "OpenStreetMap"
      },
      "geometry": {
        "type": "LineString",
        "coordinates": [
          [
            -79.1787241,
            43.797055
          ],
          [
            -79.1787544,
            43.7971282
          ],
          [
            -79.1787861,
            43.7972049
          ]
        ]
      }
    },
    {
      "type": "Feature",
      "id": "osm-way-1482046461",
      "properties": {
        "osmWayId": 1482046461,
        "highway": "footway",
        "surface": null,
        "wheelchair": null,
        "foot": null,
        "verificationStatus": "inferred",
        "source": "OpenStreetMap"
      },
      "geometry": {
        "type": "LineString",
        "coordinates": [
          [
            -79.1787861,
            43.7972049
          ],
          [
            -79.179486,
            43.797076
          ],
          [
            -79.1796415,
            43.797044
          ],
          [
            -79.1797323,
            43.7969726
          ],
          [
            -79.179733,
            43.7969101
          ],
          [
            -79.1796762,
            43.796822
          ],
          [
            -79.1794958,
            43.7963882
          ],
          [
            -79.1795011,
            43.7962648
          ],
          [
            -79.1795913,
            43.7960169
          ]
        ]
      }
    },
    {
      "type": "Feature",
      "id": "osm-way-1482046463",
      "properties": {
        "osmWayId": 1482046463,
        "highway": "footway",
        "surface": null,
        "wheelchair": null,
        "foot": null,
        "verificationStatus": "inferred",
        "source": "OpenStreetMap"
      },
      "geometry": {
        "type": "LineString",
        "coordinates": [
          [
            -79.1787373,
            43.7970526
          ],
          [
            -79.1785405,
            43.7966442
          ],
          [
            -79.1783877,
            43.7962881
          ],
          [
            -79.1783449,
            43.796179
          ],
          [
            -79.1782266,
            43.7960652
          ],
          [
            -79.1781458,
            43.7960219
          ],
          [
            -79.1780572,
            43.796022
          ],
          [
            -79.1779682,
            43.7960482
          ],
          [
            -79.1778868,
            43.7961007
          ],
          [
            -79.1771658,
            43.7962536
          ],
          [
            -79.1765133,
            43.7963943
          ],
          [
            -79.1761524,
            43.7964753
          ]
        ]
      }
    },
    {
      "type": "Feature",
      "id": "osm-way-1482046464",
      "properties": {
        "osmWayId": 1482046464,
        "highway": "footway",
        "surface": null,
        "wheelchair": null,
        "foot": null,
        "verificationStatus": "inferred",
        "source": "OpenStreetMap"
      },
      "geometry": {
        "type": "LineString",
        "coordinates": [
          [
            -79.1773186,
            43.7963777
          ],
          [
            -79.1772283,
            43.7963993
          ],
          [
            -79.1771482,
            43.7964184
          ]
        ]
      }
    },
    {
      "type": "Feature",
      "id": "osm-way-1482046465",
      "properties": {
        "osmWayId": 1482046465,
        "highway": "footway",
        "surface": null,
        "wheelchair": null,
        "foot": null,
        "verificationStatus": "inferred",
        "source": "OpenStreetMap"
      },
      "geometry": {
        "type": "LineString",
        "coordinates": [
          [
            -79.1771482,
            43.7964184
          ],
          [
            -79.176216,
            43.7966188
          ]
        ]
      }
    },
    {
      "type": "Feature",
      "id": "osm-way-1482048669",
      "properties": {
        "osmWayId": 1482048669,
        "highway": "footway",
        "surface": null,
        "wheelchair": null,
        "foot": null,
        "verificationStatus": "inferred",
        "source": "OpenStreetMap"
      },
      "geometry": {
        "type": "LineString",
        "coordinates": [
          [
            -79.1773186,
            43.7963777
          ],
          [
            -79.1779457,
            43.7962432
          ],
          [
            -79.1780979,
            43.7962149
          ],
          [
            -79.1781455,
            43.7962334
          ],
          [
            -79.178169,
            43.7962706
          ],
          [
            -79.1783227,
            43.7966204
          ],
          [
            -79.1785096,
            43.7970501
          ],
          [
            -79.1785621,
            43.7971673
          ],
          [
            -79.1786821,
            43.7974392
          ],
          [
            -79.1787955,
            43.797707
          ],
          [
            -79.1788152,
            43.7977556
          ]
        ]
      }
    },
    {
      "type": "Feature",
      "id": "osm-way-1482048671",
      "properties": {
        "osmWayId": 1482048671,
        "highway": "footway",
        "surface": null,
        "wheelchair": null,
        "foot": null,
        "verificationStatus": "inferred",
        "source": "OpenStreetMap"
      },
      "geometry": {
        "type": "LineString",
        "coordinates": [
          [
            -79.1778565,
            43.7978535
          ],
          [
            -79.1779403,
            43.797785
          ],
          [
            -79.1778436,
            43.7975721
          ],
          [
            -79.1776422,
            43.7971102
          ],
          [
            -79.1774492,
            43.7966874
          ],
          [
            -79.1773186,
            43.7963777
          ]
        ]
      }
    },
    {
      "type": "Feature",
      "id": "osm-way-1482048672",
      "properties": {
        "osmWayId": 1482048672,
        "highway": "footway",
        "surface": null,
        "wheelchair": null,
        "foot": null,
        "verificationStatus": "inferred",
        "source": "OpenStreetMap"
      },
      "geometry": {
        "type": "LineString",
        "coordinates": [
          [
            -79.179036,
            43.7939325
          ],
          [
            -79.1792896,
            43.7944931
          ],
          [
            -79.1793273,
            43.7945766
          ],
          [
            -79.1794893,
            43.7949501
          ],
          [
            -79.1795647,
            43.795133
          ],
          [
            -79.1795844,
            43.7952044
          ],
          [
            -79.1796142,
            43.7952525
          ],
          [
            -79.1796658,
            43.7952905
          ],
          [
            -79.1797489,
            43.7953065
          ],
          [
            -79.1798187,
            43.7953006
          ],
          [
            -79.1798702,
            43.795286
          ],
          [
            -79.1799412,
            43.7952579
          ],
          [
            -79.1803013,
            43.7951755
          ],
          [
            -79.1808489,
            43.7950485
          ],
          [
            -79.181509,
            43.7949002
          ],
          [
            -79.1817615,
            43.7948457
          ],
          [
            -79.1818569,
            43.7948448
          ],
          [
            -79.1819518,
            43.7948169
          ],
          [
            -79.1820091,
            43.7947599
          ],
          [
            -79.1820311,
            43.7946948
          ],
          [
            -79.1819906,
            43.7946125
          ],
          [
            -79.1819556,
            43.794544
          ],
          [
            -79.1818539,
            43.7943187
          ],
          [
            -79.181785,
            43.7941521
          ],
          [
            -79.1817639,
            43.7940726
          ],
          [
            -79.181731,
            43.794023
          ],
          [
            -79.1816573,
            43.7939875
          ],
          [
            -79.1815443,
            43.7939763
          ],
          [
            -79.1814305,
            43.7940032
          ],
          [
            -79.1809344,
            43.7941151
          ],
          [
            -79.1802937,
            43.79426
          ],
          [
            -79.1797578,
            43.7943789
          ],
          [
            -79.1794808,
            43.7944453
          ]
        ]
      }
    },
    {
      "type": "Feature",
      "id": "osm-way-1482048673",
      "properties": {
        "osmWayId": 1482048673,
        "highway": "footway",
        "surface": null,
        "wheelchair": null,
        "foot": null,
        "verificationStatus": "inferred",
        "source": "OpenStreetMap"
      },
      "geometry": {
        "type": "LineString",
        "coordinates": [
          [
            -79.1794808,
            43.7944453
          ],
          [
            -79.1792303,
            43.7938933
          ]
        ]
      }
    },
    {
      "type": "Feature",
      "id": "osm-way-1482048674",
      "properties": {
        "osmWayId": 1482048674,
        "highway": "footway",
        "surface": null,
        "wheelchair": null,
        "foot": null,
        "verificationStatus": "inferred",
        "source": "OpenStreetMap"
      },
      "geometry": {
        "type": "LineString",
        "coordinates": [
          [
            -79.1794808,
            43.7944453
          ],
          [
            -79.1793867,
            43.7944689
          ],
          [
            -79.1792896,
            43.7944931
          ]
        ]
      }
    },
    {
      "type": "Feature",
      "id": "osm-way-1482048675",
      "properties": {
        "osmWayId": 1482048675,
        "highway": "footway",
        "surface": null,
        "wheelchair": null,
        "foot": null,
        "verificationStatus": "inferred",
        "source": "OpenStreetMap"
      },
      "geometry": {
        "type": "LineString",
        "coordinates": [
          [
            -79.182478,
            43.7933643
          ],
          [
            -79.1825125,
            43.7936882
          ],
          [
            -79.1825474,
            43.7939705
          ],
          [
            -79.1825815,
            43.7940653
          ],
          [
            -79.1826593,
            43.7942431
          ],
          [
            -79.1827505,
            43.7944467
          ],
          [
            -79.1828498,
            43.7946937
          ],
          [
            -79.1828676,
            43.7947799
          ],
          [
            -79.1828556,
            43.7948903
          ],
          [
            -79.1827982,
            43.7950347
          ],
          [
            -79.1827185,
            43.7951191
          ],
          [
            -79.1826453,
            43.7951855
          ],
          [
            -79.1825539,
            43.7952495
          ],
          [
            -79.1824468,
            43.7952889
          ],
          [
            -79.1823273,
            43.7953294
          ],
          [
            -79.1820292,
            43.7953949
          ],
          [
            -79.1815131,
            43.7955108
          ],
          [
            -79.1812868,
            43.7955657
          ],
          [
            -79.1811044,
            43.7956099
          ],
          [
            -79.1805378,
            43.7957374
          ],
          [
            -79.1802258,
            43.7958008
          ],
          [
            -79.1801117,
            43.7958239
          ],
          [
            -79.1799601,
            43.79586
          ],
          [
            -79.1797953,
            43.7958731
          ],
          [
            -79.1795406,
            43.7958629
          ],
          [
            -79.1794768,
            43.7958462
          ],
          [
            -79.1793159,
            43.7957968
          ],
          [
            -79.1791549,
            43.795728
          ],
          [
            -79.1789975,
            43.7956079
          ],
          [
            -79.1788986,
            43.7954908
          ],
          [
            -79.1788429,
            43.7953931
          ],
          [
            -79.1787452,
            43.7951577
          ],
          [
            -79.178564,
            43.7947517
          ],
          [
            -79.1783784,
            43.7943488
          ],
          [
            -79.1783325,
            43.7942454
          ],
          [
            -79.1783281,
            43.7941794
          ],
          [
            -79.17833,
            43.7939562
          ]
        ]
      }
    },
    {
      "type": "Feature",
      "id": "osm-way-1482048676",
      "properties": {
        "osmWayId": 1482048676,
        "highway": "footway",
        "surface": null,
        "wheelchair": null,
        "foot": null,
        "verificationStatus": "inferred",
        "source": "OpenStreetMap"
      },
      "geometry": {
        "type": "LineString",
        "coordinates": [
          [
            -79.1795913,
            43.7960169
          ],
          [
            -79.1797093,
            43.7960251
          ],
          [
            -79.1798087,
            43.7960237
          ],
          [
            -79.1799382,
            43.796017
          ],
          [
            -79.1800828,
            43.7959892
          ],
          [
            -79.1801593,
            43.7959737
          ]
        ]
      }
    },
    {
      "type": "Feature",
      "id": "osm-way-1482048678",
      "properties": {
        "osmWayId": 1482048678,
        "highway": "footway",
        "surface": null,
        "wheelchair": null,
        "foot": null,
        "verificationStatus": "inferred",
        "source": "OpenStreetMap"
      },
      "geometry": {
        "type": "LineString",
        "coordinates": [
          [
            -79.1801593,
            43.7959737
          ],
          [
            -79.1802508,
            43.7959526
          ],
          [
            -79.1803255,
            43.7959337
          ]
        ]
      }
    },
    {
      "type": "Feature",
      "id": "osm-way-1482048679",
      "properties": {
        "osmWayId": 1482048679,
        "highway": "footway",
        "surface": null,
        "wheelchair": null,
        "foot": null,
        "verificationStatus": "inferred",
        "source": "OpenStreetMap"
      },
      "geometry": {
        "type": "LineString",
        "coordinates": [
          [
            -79.1803255,
            43.7959337
          ],
          [
            -79.1804651,
            43.7959053
          ],
          [
            -79.1807784,
            43.7958332
          ],
          [
            -79.1811426,
            43.7957505
          ]
        ]
      }
    },
    {
      "type": "Feature",
      "id": "osm-way-1482048680",
      "properties": {
        "osmWayId": 1482048680,
        "highway": "footway",
        "surface": null,
        "wheelchair": null,
        "foot": null,
        "verificationStatus": "inferred",
        "source": "OpenStreetMap"
      },
      "geometry": {
        "type": "LineString",
        "coordinates": [
          [
            -79.1811426,
            43.7957505
          ],
          [
            -79.1812164,
            43.7957333
          ],
          [
            -79.181315,
            43.7957109
          ]
        ]
      }
    },
    {
      "type": "Feature",
      "id": "osm-way-1482048682",
      "properties": {
        "osmWayId": 1482048682,
        "highway": "footway",
        "surface": null,
        "wheelchair": null,
        "foot": null,
        "verificationStatus": "inferred",
        "source": "OpenStreetMap"
      },
      "geometry": {
        "type": "LineString",
        "coordinates": [
          [
            -79.1822488,
            43.7954997
          ],
          [
            -79.1821692,
            43.7955214
          ],
          [
            -79.182074,
            43.7955416
          ]
        ]
      }
    },
    {
      "type": "Feature",
      "id": "osm-way-1482048683",
      "properties": {
        "osmWayId": 1482048683,
        "highway": "footway",
        "surface": null,
        "wheelchair": null,
        "foot": null,
        "verificationStatus": "inferred",
        "source": "OpenStreetMap"
      },
      "geometry": {
        "type": "LineString",
        "coordinates": [
          [
            -79.182074,
            43.7955416
          ],
          [
            -79.1818996,
            43.7955798
          ],
          [
            -79.181315,
            43.7957109
          ]
        ]
      }
    },
    {
      "type": "Feature",
      "id": "osm-way-1482048684",
      "properties": {
        "osmWayId": 1482048684,
        "highway": "footway",
        "surface": null,
        "wheelchair": null,
        "foot": null,
        "verificationStatus": "inferred",
        "source": "OpenStreetMap"
      },
      "geometry": {
        "type": "LineString",
        "coordinates": [
          [
            -79.1801593,
            43.7959737
          ],
          [
            -79.1802624,
            43.7962218
          ],
          [
            -79.1804041,
            43.7965629
          ],
          [
            -79.1804547,
            43.7966682
          ],
          [
            -79.1804856,
            43.7967913
          ],
          [
            -79.1805555,
            43.7968515
          ],
          [
            -79.1806616,
            43.7968732
          ],
          [
            -79.1807536,
            43.7968643
          ],
          [
            -79.1808575,
            43.7968311
          ],
          [
            -79.1812489,
            43.796756
          ],
          [
            -79.1815212,
            43.7967069
          ],
          [
            -79.1816227,
            43.7966886
          ]
        ]
      }
    },
    {
      "type": "Feature",
      "id": "osm-way-1482048686",
      "properties": {
        "osmWayId": 1482048686,
        "highway": "footway",
        "surface": null,
        "wheelchair": null,
        "foot": null,
        "verificationStatus": "inferred",
        "source": "OpenStreetMap"
      },
      "geometry": {
        "type": "LineString",
        "coordinates": [
          [
            -79.181315,
            43.7957109
          ],
          [
            -79.1813776,
            43.7958631
          ],
          [
            -79.1815086,
            43.7961696
          ],
          [
            -79.1816804,
            43.7965581
          ],
          [
            -79.1817256,
            43.7966639
          ],
          [
            -79.1817766,
            43.7967832
          ],
          [
            -79.1819668,
            43.7972309
          ]
        ]
      }
    },
    {
      "type": "Feature",
      "id": "osm-way-1482048687",
      "properties": {
        "osmWayId": 1482048687,
        "highway": "footway",
        "surface": null,
        "wheelchair": null,
        "foot": null,
        "verificationStatus": "inferred",
        "source": "OpenStreetMap"
      },
      "geometry": {
        "type": "LineString",
        "coordinates": [
          [
            -79.1819668,
            43.7972309
          ],
          [
            -79.1818632,
            43.7972496
          ],
          [
            -79.1817652,
            43.7972672
          ]
        ]
      }
    },
    {
      "type": "Feature",
      "id": "osm-way-1482048688",
      "properties": {
        "osmWayId": 1482048688,
        "highway": "footway",
        "surface": null,
        "wheelchair": null,
        "foot": null,
        "verificationStatus": "inferred",
        "source": "OpenStreetMap"
      },
      "geometry": {
        "type": "LineString",
        "coordinates": [
          [
            -79.1817652,
            43.7972672
          ],
          [
            -79.1815212,
            43.7967069
          ]
        ]
      }
    },
    {
      "type": "Feature",
      "id": "osm-way-1482048689",
      "properties": {
        "osmWayId": 1482048689,
        "highway": "footway",
        "surface": null,
        "wheelchair": null,
        "foot": null,
        "verificationStatus": "inferred",
        "source": "OpenStreetMap"
      },
      "geometry": {
        "type": "LineString",
        "coordinates": [
          [
            -79.1817652,
            43.7972672
          ],
          [
            -79.181169,
            43.7973696
          ],
          [
            -79.1806144,
            43.7974681
          ],
          [
            -79.1800186,
            43.797572
          ],
          [
            -79.1795629,
            43.7976574
          ],
          [
            -79.1795121,
            43.7977399
          ]
        ]
      }
    },
    {
      "type": "Feature",
      "id": "osm-way-1482050569",
      "properties": {
        "osmWayId": 1482050569,
        "highway": "footway",
        "surface": null,
        "wheelchair": null,
        "foot": null,
        "verificationStatus": "inferred",
        "source": "OpenStreetMap"
      },
      "geometry": {
        "type": "LineString",
        "coordinates": [
          [
            -79.1822488,
            43.7954997
          ],
          [
            -79.1824594,
            43.7954531
          ],
          [
            -79.1826028,
            43.7953991
          ],
          [
            -79.1827308,
            43.7953354
          ],
          [
            -79.1828129,
            43.7952797
          ]
        ]
      }
    },
    {
      "type": "Feature",
      "id": "osm-way-1482050570",
      "properties": {
        "osmWayId": 1482050570,
        "highway": "footway",
        "surface": null,
        "wheelchair": null,
        "foot": null,
        "verificationStatus": "inferred",
        "source": "OpenStreetMap"
      },
      "geometry": {
        "type": "LineString",
        "coordinates": [
          [
            -79.1829163,
            43.7951761
          ],
          [
            -79.1828587,
            43.7952442
          ],
          [
            -79.1828129,
            43.7952797
          ]
        ]
      }
    },
    {
      "type": "Feature",
      "id": "osm-way-1482050571",
      "properties": {
        "osmWayId": 1482050571,
        "highway": "footway",
        "surface": null,
        "wheelchair": null,
        "foot": null,
        "verificationStatus": "inferred",
        "source": "OpenStreetMap"
      },
      "geometry": {
        "type": "LineString",
        "coordinates": [
          [
            -79.1829163,
            43.7951761
          ],
          [
            -79.18307,
            43.7952598
          ],
          [
            -79.1832373,
            43.7953527
          ],
          [
            -79.1833954,
            43.7953732
          ],
          [
            -79.1834871,
            43.7953997
          ],
          [
            -79.1835561,
            43.795453
          ],
          [
            -79.183564,
            43.7955167
          ],
          [
            -79.1835743,
            43.7956195
          ],
          [
            -79.1836865,
            43.796104
          ],
          [
            -79.1837337,
            43.7962013
          ],
          [
            -79.1837242,
            43.7962667
          ],
          [
            -79.1836697,
            43.7963209
          ],
          [
            -79.1835637,
            43.7963632
          ],
          [
            -79.1834459,
            43.7963703
          ],
          [
            -79.1827774,
            43.7964892
          ],
          [
            -79.1826839,
            43.7965185
          ],
          [
            -79.1826228,
            43.7965262
          ],
          [
            -79.1825208,
            43.7965086
          ],
          [
            -79.1824556,
            43.7964602
          ],
          [
            -79.1824359,
            43.7964194
          ],
          [
            -79.1824096,
            43.7963295
          ],
          [
            -79.1823143,
            43.7960889
          ],
          [
            -79.1821844,
            43.7957977
          ],
          [
            -79.182074,
            43.7955416
          ]
        ]
      }
    },
    {
      "type": "Feature",
      "id": "osm-way-1482050573",
      "properties": {
        "osmWayId": 1482050573,
        "highway": "footway",
        "surface": null,
        "wheelchair": null,
        "foot": null,
        "verificationStatus": "inferred",
        "source": "OpenStreetMap"
      },
      "geometry": {
        "type": "LineString",
        "coordinates": [
          [
            -79.1829163,
            43.7951761
          ],
          [
            -79.1829896,
            43.795072
          ],
          [
            -79.1830423,
            43.7949524
          ],
          [
            -79.18307,
            43.7948514
          ],
          [
            -79.183069,
            43.7947909
          ]
        ]
      }
    },
    {
      "type": "Feature",
      "id": "osm-way-1482050575",
      "properties": {
        "osmWayId": 1482050575,
        "highway": "footway",
        "surface": null,
        "wheelchair": null,
        "foot": null,
        "verificationStatus": "inferred",
        "source": "OpenStreetMap"
      },
      "geometry": {
        "type": "LineString",
        "coordinates": [
          [
            -79.1830614,
            43.7946454
          ],
          [
            -79.1830575,
            43.7947173
          ],
          [
            -79.183069,
            43.7947909
          ]
        ]
      }
    },
    {
      "type": "Feature",
      "id": "osm-way-1482050576",
      "properties": {
        "osmWayId": 1482050576,
        "highway": "footway",
        "surface": null,
        "wheelchair": null,
        "foot": null,
        "verificationStatus": "inferred",
        "source": "OpenStreetMap"
      },
      "geometry": {
        "type": "LineString",
        "coordinates": [
          [
            -79.183069,
            43.7947909
          ],
          [
            -79.1837327,
            43.7947536
          ],
          [
            -79.1841754,
            43.7947323
          ]
        ]
      }
    },
    {
      "type": "Feature",
      "id": "osm-way-1482050577",
      "properties": {
        "osmWayId": 1482050577,
        "highway": "footway",
        "surface": null,
        "wheelchair": null,
        "foot": null,
        "verificationStatus": "inferred",
        "source": "OpenStreetMap"
      },
      "geometry": {
        "type": "LineString",
        "coordinates": [
          [
            -79.1841754,
            43.7947323
          ],
          [
            -79.184277,
            43.7947257
          ],
          [
            -79.1843521,
            43.7947208
          ]
        ]
      }
    },
    {
      "type": "Feature",
      "id": "osm-way-1482050580",
      "properties": {
        "osmWayId": 1482050580,
        "highway": "footway",
        "surface": null,
        "wheelchair": null,
        "foot": null,
        "verificationStatus": "inferred",
        "source": "OpenStreetMap"
      },
      "geometry": {
        "type": "LineString",
        "coordinates": [
          [
            -79.1852828,
            43.7946084
          ],
          [
            -79.1852074,
            43.7946237
          ],
          [
            -79.1851154,
            43.7946423
          ]
        ]
      }
    },
    {
      "type": "Feature",
      "id": "osm-way-1482050581",
      "properties": {
        "osmWayId": 1482050581,
        "highway": "footway",
        "surface": null,
        "wheelchair": null,
        "foot": null,
        "verificationStatus": "inferred",
        "source": "OpenStreetMap"
      },
      "geometry": {
        "type": "LineString",
        "coordinates": [
          [
            -79.1852828,
            43.7946084
          ],
          [
            -79.185805,
            43.7944934
          ]
        ]
      }
    },
    {
      "type": "Feature",
      "id": "osm-way-1482050582",
      "properties": {
        "osmWayId": 1482050582,
        "highway": "footway",
        "surface": null,
        "wheelchair": null,
        "foot": null,
        "verificationStatus": "inferred",
        "source": "OpenStreetMap"
      },
      "geometry": {
        "type": "LineString",
        "coordinates": [
          [
            -79.1851154,
            43.7946423
          ],
          [
            -79.1843521,
            43.7947208
          ]
        ]
      }
    },
    {
      "type": "Feature",
      "id": "osm-way-1482050583",
      "properties": {
        "osmWayId": 1482050583,
        "highway": "footway",
        "surface": null,
        "wheelchair": null,
        "foot": null,
        "verificationStatus": "inferred",
        "source": "OpenStreetMap"
      },
      "geometry": {
        "type": "LineString",
        "coordinates": [
          [
            -79.1841754,
            43.7947323
          ],
          [
            -79.1842537,
            43.7950604
          ],
          [
            -79.1843226,
            43.7953816
          ],
          [
            -79.1844016,
            43.7956864
          ],
          [
            -79.1844629,
            43.7959943
          ],
          [
            -79.1844788,
            43.7960798
          ],
          [
            -79.1845152,
            43.7961515
          ],
          [
            -79.1845987,
            43.7961953
          ],
          [
            -79.1846859,
            43.796202
          ],
          [
            -79.1848107,
            43.796169
          ],
          [
            -79.185525,
            43.7960685
          ]
        ]
      }
    },
    {
      "type": "Feature",
      "id": "osm-way-1482050585",
      "properties": {
        "osmWayId": 1482050585,
        "highway": "footway",
        "surface": null,
        "wheelchair": null,
        "foot": null,
        "verificationStatus": "inferred",
        "source": "OpenStreetMap"
      },
      "geometry": {
        "type": "LineString",
        "coordinates": [
          [
            -79.1827528,
            43.7939864
          ],
          [
            -79.1826804,
            43.7933538
          ]
        ]
      }
    },
    {
      "type": "Feature",
      "id": "osm-way-1483490034",
      "properties": {
        "osmWayId": 1483490034,
        "highway": "footway",
        "surface": "concrete",
        "wheelchair": null,
        "foot": null,
        "verificationStatus": "inferred",
        "source": "OpenStreetMap"
      },
      "geometry": {
        "type": "LineString",
        "coordinates": [
          [
            -79.1848051,
            43.7725904
          ],
          [
            -79.1848132,
            43.7726178
          ],
          [
            -79.1847397,
            43.7726964
          ],
          [
            -79.1843687,
            43.7730875
          ],
          [
            -79.1842243,
            43.7732355
          ],
          [
            -79.1841973,
            43.7732509
          ],
          [
            -79.184164,
            43.7732618
          ]
        ]
      }
    },
    {
      "type": "Feature",
      "id": "osm-way-1483490035",
      "properties": {
        "osmWayId": 1483490035,
        "highway": "footway",
        "surface": "concrete",
        "wheelchair": null,
        "foot": null,
        "verificationStatus": "inferred",
        "source": "OpenStreetMap"
      },
      "geometry": {
        "type": "LineString",
        "coordinates": [
          [
            -79.1848231,
            43.7725787
          ],
          [
            -79.1848051,
            43.7725904
          ]
        ]
      }
    },
    {
      "type": "Feature",
      "id": "osm-way-1483490036",
      "properties": {
        "osmWayId": 1483490036,
        "highway": "footway",
        "surface": "asphalt",
        "wheelchair": null,
        "foot": null,
        "verificationStatus": "inferred",
        "source": "OpenStreetMap"
      },
      "geometry": {
        "type": "LineString",
        "coordinates": [
          [
            -79.184915,
            43.7724735
          ],
          [
            -79.1848717,
            43.7725231
          ],
          [
            -79.1848231,
            43.7725787
          ]
        ]
      }
    },
    {
      "type": "Feature",
      "id": "osm-way-1483490037",
      "properties": {
        "osmWayId": 1483490037,
        "highway": "footway",
        "surface": "concrete",
        "wheelchair": null,
        "foot": null,
        "verificationStatus": "inferred",
        "source": "OpenStreetMap"
      },
      "geometry": {
        "type": "LineString",
        "coordinates": [
          [
            -79.1849189,
            43.7724612
          ],
          [
            -79.184915,
            43.7724735
          ]
        ]
      }
    },
    {
      "type": "Feature",
      "id": "osm-way-1483490039",
      "properties": {
        "osmWayId": 1483490039,
        "highway": "footway",
        "surface": "concrete",
        "wheelchair": null,
        "foot": null,
        "verificationStatus": "inferred",
        "source": "OpenStreetMap"
      },
      "geometry": {
        "type": "LineString",
        "coordinates": [
          [
            -79.1849657,
            43.7729401
          ],
          [
            -79.184918,
            43.7729744
          ],
          [
            -79.1845997,
            43.7733121
          ],
          [
            -79.1842001,
            43.7736577
          ],
          [
            -79.1841629,
            43.7736868
          ],
          [
            -79.1839841,
            43.7738014
          ],
          [
            -79.1839656,
            43.7738108
          ]
        ]
      }
    },
    {
      "type": "Feature",
      "id": "osm-way-1483490040",
      "properties": {
        "osmWayId": 1483490040,
        "highway": "footway",
        "surface": "asphalt",
        "wheelchair": null,
        "foot": null,
        "verificationStatus": "inferred",
        "source": "OpenStreetMap"
      },
      "geometry": {
        "type": "LineString",
        "coordinates": [
          [
            -79.1850661,
            43.7728336
          ],
          [
            -79.1850138,
            43.7728891
          ],
          [
            -79.1849657,
            43.7729401
          ]
        ]
      }
    },
    {
      "type": "Feature",
      "id": "osm-way-1483490041",
      "properties": {
        "osmWayId": 1483490041,
        "highway": "footway",
        "surface": "concrete",
        "wheelchair": null,
        "foot": null,
        "verificationStatus": "inferred",
        "source": "OpenStreetMap"
      },
      "geometry": {
        "type": "LineString",
        "coordinates": [
          [
            -79.1850842,
            43.7728316
          ],
          [
            -79.1850661,
            43.7728336
          ]
        ]
      }
    },
    {
      "type": "Feature",
      "id": "osm-way-1483490042",
      "properties": {
        "osmWayId": 1483490042,
        "highway": "footway",
        "surface": "concrete",
        "wheelchair": null,
        "foot": null,
        "verificationStatus": "inferred",
        "source": "OpenStreetMap"
      },
      "geometry": {
        "type": "LineString",
        "coordinates": [
          [
            -79.1840588,
            43.7733489
          ],
          [
            -79.1840503,
            43.7733577
          ],
          [
            -79.1840398,
            43.7733826
          ],
          [
            -79.1840146,
            43.7734041
          ],
          [
            -79.1838198,
            43.7735417
          ],
          [
            -79.1836799,
            43.7736184
          ],
          [
            -79.1834118,
            43.7737655
          ],
          [
            -79.1831329,
            43.77388
          ],
          [
            -79.1830888,
            43.7738977
          ]
        ]
      }
    },
    {
      "type": "Feature",
      "id": "osm-way-1483490043",
      "properties": {
        "osmWayId": 1483490043,
        "highway": "footway",
        "surface": "asphalt",
        "wheelchair": null,
        "foot": null,
        "verificationStatus": "inferred",
        "source": "OpenStreetMap"
      },
      "geometry": {
        "type": "LineString",
        "coordinates": [
          [
            -79.184164,
            43.7732618
          ],
          [
            -79.1841131,
            43.7733039
          ],
          [
            -79.1840588,
            43.7733489
          ]
        ]
      }
    },
    {
      "type": "Feature",
      "id": "osm-way-1483490046",
      "properties": {
        "osmWayId": 1483490046,
        "highway": "footway",
        "surface": "concrete",
        "wheelchair": null,
        "foot": null,
        "verificationStatus": "inferred",
        "source": "OpenStreetMap"
      },
      "geometry": {
        "type": "LineString",
        "coordinates": [
          [
            -79.183999,
            43.774013
          ],
          [
            -79.1839972,
            43.7740247
          ]
        ]
      }
    },
    {
      "type": "Feature",
      "id": "osm-way-1483490054",
      "properties": {
        "osmWayId": 1483490054,
        "highway": "footway",
        "surface": null,
        "wheelchair": null,
        "foot": null,
        "verificationStatus": "inferred",
        "source": "OpenStreetMap"
      },
      "geometry": {
        "type": "LineString",
        "coordinates": [
          [
            -79.1826108,
            43.7753095
          ],
          [
            -79.182765,
            43.7753846
          ]
        ]
      }
    },
    {
      "type": "Feature",
      "id": "osm-way-1483490055",
      "properties": {
        "osmWayId": 1483490055,
        "highway": "footway",
        "surface": null,
        "wheelchair": null,
        "foot": null,
        "verificationStatus": "inferred",
        "source": "OpenStreetMap"
      },
      "geometry": {
        "type": "LineString",
        "coordinates": [
          [
            -79.1836518,
            43.7752568
          ],
          [
            -79.1833279,
            43.775329
          ]
        ]
      }
    },
    {
      "type": "Feature",
      "id": "osm-way-1483490056",
      "properties": {
        "osmWayId": 1483490056,
        "highway": "footway",
        "surface": null,
        "wheelchair": null,
        "foot": null,
        "verificationStatus": "inferred",
        "source": "OpenStreetMap"
      },
      "geometry": {
        "type": "LineString",
        "coordinates": [
          [
            -79.1832567,
            43.7748976
          ],
          [
            -79.1830109,
            43.7751607
          ]
        ]
      }
    },
    {
      "type": "Feature",
      "id": "osm-way-1483490057",
      "properties": {
        "osmWayId": 1483490057,
        "highway": "footway",
        "surface": null,
        "wheelchair": null,
        "foot": null,
        "verificationStatus": "inferred",
        "source": "OpenStreetMap"
      },
      "geometry": {
        "type": "LineString",
        "coordinates": [
          [
            -79.183477,
            43.77501
          ],
          [
            -79.1832567,
            43.7748976
          ],
          [
            -79.1832134,
            43.774855
          ]
        ]
      }
    },
    {
      "type": "Feature",
      "id": "osm-way-1483490062",
      "properties": {
        "osmWayId": 1483490062,
        "highway": "footway",
        "surface": "concrete",
        "wheelchair": null,
        "foot": null,
        "verificationStatus": "inferred",
        "source": "OpenStreetMap"
      },
      "geometry": {
        "type": "LineString",
        "coordinates": [
          [
            -79.1834105,
            43.7744176
          ],
          [
            -79.1833887,
            43.7744073
          ]
        ]
      }
    },
    {
      "type": "Feature",
      "id": "osm-way-1483490066",
      "properties": {
        "osmWayId": 1483490066,
        "highway": "footway",
        "surface": "concrete",
        "wheelchair": null,
        "foot": null,
        "verificationStatus": "inferred",
        "source": "OpenStreetMap"
      },
      "geometry": {
        "type": "LineString",
        "coordinates": [
          [
            -79.1838084,
            43.7738966
          ],
          [
            -79.1836311,
            43.7739834
          ],
          [
            -79.1836101,
            43.7739942
          ],
          [
            -79.1833193,
            43.7741196
          ]
        ]
      }
    },
    {
      "type": "Feature",
      "id": "osm-way-1483490067",
      "properties": {
        "osmWayId": 1483490067,
        "highway": "footway",
        "surface": "asphalt",
        "wheelchair": null,
        "foot": null,
        "verificationStatus": "inferred",
        "source": "OpenStreetMap"
      },
      "geometry": {
        "type": "LineString",
        "coordinates": [
          [
            -79.1839656,
            43.7738108
          ],
          [
            -79.1838709,
            43.7738592
          ],
          [
            -79.1838084,
            43.7738966
          ]
        ]
      }
    },
    {
      "type": "Feature",
      "id": "osm-way-1483490068",
      "properties": {
        "osmWayId": 1483490068,
        "highway": "footway",
        "surface": "asphalt",
        "wheelchair": null,
        "foot": null,
        "verificationStatus": "inferred",
        "source": "OpenStreetMap"
      },
      "geometry": {
        "type": "LineString",
        "coordinates": [
          [
            -79.1833887,
            43.7744073
          ],
          [
            -79.183334,
            43.7743798
          ],
          [
            -79.1832567,
            43.774341
          ]
        ]
      }
    },
    {
      "type": "Feature",
      "id": "osm-way-1483490069",
      "properties": {
        "osmWayId": 1483490069,
        "highway": "footway",
        "surface": "asphalt",
        "wheelchair": null,
        "foot": null,
        "verificationStatus": "inferred",
        "source": "OpenStreetMap"
      },
      "geometry": {
        "type": "LineString",
        "coordinates": [
          [
            -79.1834245,
            43.7742242
          ],
          [
            -79.1834724,
            43.7742657
          ],
          [
            -79.1835154,
            43.7743024
          ]
        ]
      }
    },
    {
      "type": "Feature",
      "id": "osm-way-1483490071",
      "properties": {
        "osmWayId": 1483490071,
        "highway": "footway",
        "surface": null,
        "wheelchair": null,
        "foot": null,
        "verificationStatus": "inferred",
        "source": "OpenStreetMap"
      },
      "geometry": {
        "type": "LineString",
        "coordinates": [
          [
            -79.184088,
            43.7739177
          ],
          [
            -79.1840481,
            43.7739604
          ],
          [
            -79.183999,
            43.774013
          ]
        ]
      }
    },
    {
      "type": "Feature",
      "id": "osm-way-1483490072",
      "properties": {
        "osmWayId": 1483490072,
        "highway": "footway",
        "surface": null,
        "wheelchair": null,
        "foot": null,
        "verificationStatus": "inferred",
        "source": "OpenStreetMap"
      },
      "geometry": {
        "type": "LineString",
        "coordinates": [
          [
            -79.1844126,
            43.7736731
          ],
          [
            -79.1843657,
            43.7736521
          ],
          [
            -79.1843026,
            43.7737035
          ],
          [
            -79.1842525,
            43.7737689
          ],
          [
            -79.184208,
            43.7738351
          ],
          [
            -79.1842023,
            43.7738436
          ],
          [
            -79.1841538,
            43.7738868
          ],
          [
            -79.184088,
            43.7739177
          ]
        ]
      }
    },
    {
      "type": "Feature",
      "id": "osm-way-1483490073",
      "properties": {
        "osmWayId": 1483490073,
        "highway": "footway",
        "surface": "concrete",
        "wheelchair": null,
        "foot": null,
        "verificationStatus": "inferred",
        "source": "OpenStreetMap"
      },
      "geometry": {
        "type": "LineString",
        "coordinates": [
          [
            -79.1829586,
            43.7739422
          ],
          [
            -79.1829344,
            43.7739492
          ],
          [
            -79.1827486,
            43.7740074
          ],
          [
            -79.1823383,
            43.7741013
          ],
          [
            -79.1821309,
            43.7740848
          ],
          [
            -79.18177,
            43.774134
          ]
        ]
      }
    },
    {
      "type": "Feature",
      "id": "osm-way-1483490074",
      "properties": {
        "osmWayId": 1483490074,
        "highway": "footway",
        "surface": "asphalt",
        "wheelchair": null,
        "foot": null,
        "verificationStatus": "inferred",
        "source": "OpenStreetMap"
      },
      "geometry": {
        "type": "LineString",
        "coordinates": [
          [
            -79.1830888,
            43.7738977
          ],
          [
            -79.1830222,
            43.7739204
          ],
          [
            -79.1829586,
            43.7739422
          ]
        ]
      }
    },
    {
      "type": "Feature",
      "id": "osm-way-1483490075",
      "properties": {
        "osmWayId": 1483490075,
        "highway": "footway",
        "surface": "concrete",
        "wheelchair": null,
        "foot": null,
        "verificationStatus": "inferred",
        "source": "OpenStreetMap"
      },
      "geometry": {
        "type": "LineString",
        "coordinates": [
          [
            -79.1816425,
            43.7741553
          ],
          [
            -79.1807325,
            43.7742877
          ],
          [
            -79.180559,
            43.7743126
          ],
          [
            -79.1799961,
            43.7743934
          ],
          [
            -79.1795496,
            43.7744575
          ],
          [
            -79.1793102,
            43.7744933
          ]
        ]
      }
    },
    {
      "type": "Feature",
      "id": "osm-way-1483490076",
      "properties": {
        "osmWayId": 1483490076,
        "highway": "footway",
        "surface": "asphalt",
        "wheelchair": null,
        "foot": null,
        "verificationStatus": "inferred",
        "source": "OpenStreetMap"
      },
      "geometry": {
        "type": "LineString",
        "coordinates": [
          [
            -79.18177,
            43.774134
          ],
          [
            -79.1817102,
            43.774144
          ],
          [
            -79.1816425,
            43.7741553
          ]
        ]
      }
    },
    {
      "type": "Feature",
      "id": "osm-way-1483490077",
      "properties": {
        "osmWayId": 1483490077,
        "highway": "footway",
        "surface": "concrete",
        "wheelchair": null,
        "foot": null,
        "verificationStatus": "inferred",
        "source": "OpenStreetMap"
      },
      "geometry": {
        "type": "LineString",
        "coordinates": [
          [
            -79.1791764,
            43.7745124
          ],
          [
            -79.1780601,
            43.7746805
          ],
          [
            -79.1780011,
            43.7746925
          ],
          [
            -79.1779778,
            43.7747003
          ]
        ]
      }
    },
    {
      "type": "Feature",
      "id": "osm-way-1483490078",
      "properties": {
        "osmWayId": 1483490078,
        "highway": "footway",
        "surface": "asphalt",
        "wheelchair": null,
        "foot": null,
        "verificationStatus": "inferred",
        "source": "OpenStreetMap"
      },
      "geometry": {
        "type": "LineString",
        "coordinates": [
          [
            -79.1793102,
            43.7744933
          ],
          [
            -79.1792462,
            43.7745029
          ],
          [
            -79.1791764,
            43.7745124
          ]
        ]
      }
    },
    {
      "type": "Feature",
      "id": "osm-way-1483490079",
      "properties": {
        "osmWayId": 1483490079,
        "highway": "footway",
        "surface": "asphalt",
        "wheelchair": null,
        "foot": null,
        "verificationStatus": "inferred",
        "source": "OpenStreetMap"
      },
      "geometry": {
        "type": "LineString",
        "coordinates": [
          [
            -79.1794983,
            43.7747879
          ],
          [
            -79.1793882,
            43.7748049
          ],
          [
            -79.1792541,
            43.7748255
          ]
        ]
      }
    },
    {
      "type": "Feature",
      "id": "osm-way-1483490080",
      "properties": {
        "osmWayId": 1483490080,
        "highway": "footway",
        "surface": "concrete",
        "wheelchair": null,
        "foot": null,
        "verificationStatus": "inferred",
        "source": "OpenStreetMap"
      },
      "geometry": {
        "type": "LineString",
        "coordinates": [
          [
            -79.181614,
            43.7744829
          ],
          [
            -79.181053,
            43.7745639
          ],
          [
            -79.1794983,
            43.7747879
          ]
        ]
      }
    },
    {
      "type": "Feature",
      "id": "osm-way-1483490081",
      "properties": {
        "osmWayId": 1483490081,
        "highway": "footway",
        "surface": "asphalt",
        "wheelchair": null,
        "foot": null,
        "verificationStatus": "inferred",
        "source": "OpenStreetMap"
      },
      "geometry": {
        "type": "LineString",
        "coordinates": [
          [
            -79.1817983,
            43.7744556
          ],
          [
            -79.1817161,
            43.7744682
          ],
          [
            -79.181614,
            43.7744829
          ]
        ]
      }
    },
    {
      "type": "Feature",
      "id": "osm-way-1483490082",
      "properties": {
        "osmWayId": 1483490082,
        "highway": "footway",
        "surface": "concrete",
        "wheelchair": null,
        "foot": null,
        "verificationStatus": "inferred",
        "source": "OpenStreetMap"
      },
      "geometry": {
        "type": "LineString",
        "coordinates": [
          [
            -79.1830867,
            43.7742059
          ],
          [
            -79.1829537,
            43.7742494
          ],
          [
            -79.1824733,
            43.7743507
          ],
          [
            -79.1817983,
            43.7744556
          ]
        ]
      }
    },
    {
      "type": "Feature",
      "id": "osm-way-1483592039",
      "properties": {
        "osmWayId": 1483592039,
        "highway": "footway",
        "surface": null,
        "wheelchair": null,
        "foot": null,
        "verificationStatus": "inferred",
        "source": "OpenStreetMap"
      },
      "geometry": {
        "type": "LineString",
        "coordinates": [
          [
            -79.1715169,
            43.7767825
          ],
          [
            -79.1722041,
            43.7766347
          ],
          [
            -79.1728923,
            43.7764937
          ],
          [
            -79.1730403,
            43.7765081
          ],
          [
            -79.1732155,
            43.7765454
          ]
        ]
      }
    },
    {
      "type": "Feature",
      "id": "osm-way-1483938907",
      "properties": {
        "osmWayId": 1483938907,
        "highway": "footway",
        "surface": null,
        "wheelchair": null,
        "foot": null,
        "verificationStatus": "inferred",
        "source": "OpenStreetMap"
      },
      "geometry": {
        "type": "LineString",
        "coordinates": [
          [
            -79.182772,
            43.769285
          ],
          [
            -79.1828323,
            43.7694089
          ],
          [
            -79.1828973,
            43.7694739
          ],
          [
            -79.1829108,
            43.7695657
          ],
          [
            -79.1830748,
            43.7699627
          ],
          [
            -79.1832105,
            43.7702734
          ],
          [
            -79.1832872,
            43.7704582
          ],
          [
            -79.1833352,
            43.7705737
          ],
          [
            -79.183462,
            43.7708695
          ],
          [
            -79.1835521,
            43.7710797
          ],
          [
            -79.1835708,
            43.771123
          ],
          [
            -79.1836922,
            43.7714032
          ],
          [
            -79.1837052,
            43.7714355
          ],
          [
            -79.1838378,
            43.7717641
          ],
          [
            -79.1838514,
            43.771798
          ],
          [
            -79.1839928,
            43.7721156
          ],
          [
            -79.1840403,
            43.7721761
          ],
          [
            -79.1840648,
            43.7722071
          ],
          [
            -79.1842194,
            43.7722959
          ],
          [
            -79.1842331,
            43.7723038
          ],
          [
            -79.184344,
            43.7723594
          ],
          [
            -79.1848051,
            43.7725904
          ]
        ]
      }
    },
    {
      "type": "Feature",
      "id": "osm-way-1483941061",
      "properties": {
        "osmWayId": 1483941061,
        "highway": "footway",
        "surface": null,
        "wheelchair": null,
        "foot": null,
        "verificationStatus": "inferred",
        "source": "OpenStreetMap"
      },
      "geometry": {
        "type": "LineString",
        "coordinates": [
          [
            -79.1829964,
            43.7692341
          ],
          [
            -79.1829896,
            43.769273
          ],
          [
            -79.1830449,
            43.7694049
          ],
          [
            -79.183169,
            43.7697011
          ],
          [
            -79.1832854,
            43.7699773
          ],
          [
            -79.1833387,
            43.7701039
          ],
          [
            -79.1834806,
            43.7704353
          ],
          [
            -79.183622,
            43.7707686
          ],
          [
            -79.1837519,
            43.7710757
          ],
          [
            -79.1838768,
            43.7713658
          ],
          [
            -79.184017,
            43.7717
          ],
          [
            -79.1840389,
            43.7717528
          ],
          [
            -79.1841335,
            43.7719805
          ],
          [
            -79.1841665,
            43.7720486
          ],
          [
            -79.1842143,
            43.7721202
          ],
          [
            -79.1844061,
            43.7722209
          ],
          [
            -79.1844773,
            43.7722555
          ],
          [
            -79.1847463,
            43.7723863
          ],
          [
            -79.1848276,
            43.7724285
          ],
          [
            -79.1848685,
            43.7724479
          ],
          [
            -79.1849189,
            43.7724612
          ]
        ]
      }
    },
    {
      "type": "Feature",
      "id": "osm-way-1483941065",
      "properties": {
        "osmWayId": 1483941065,
        "highway": "footway",
        "surface": null,
        "wheelchair": null,
        "foot": null,
        "verificationStatus": "inferred",
        "source": "OpenStreetMap"
      },
      "geometry": {
        "type": "LineString",
        "coordinates": [
          [
            -79.1894304,
            43.7739482
          ],
          [
            -79.1892958,
            43.7736648
          ],
          [
            -79.1892817,
            43.7735772
          ],
          [
            -79.189188,
            43.7733631
          ],
          [
            -79.189022,
            43.7729755
          ],
          [
            -79.1888728,
            43.7726344
          ],
          [
            -79.1887102,
            43.7722498
          ],
          [
            -79.1885854,
            43.7719631
          ],
          [
            -79.1885821,
            43.7718033
          ]
        ]
      }
    },
    {
      "type": "Feature",
      "id": "osm-way-1483941066",
      "properties": {
        "osmWayId": 1483941066,
        "highway": "footway",
        "surface": null,
        "wheelchair": null,
        "foot": null,
        "verificationStatus": "inferred",
        "source": "OpenStreetMap"
      },
      "geometry": {
        "type": "LineString",
        "coordinates": [
          [
            -79.1886728,
            43.7719243
          ],
          [
            -79.1887858,
            43.771925
          ],
          [
            -79.1888705,
            43.7721093
          ],
          [
            -79.1890057,
            43.7724301
          ],
          [
            -79.1891887,
            43.7728406
          ],
          [
            -79.1894316,
            43.7733973
          ],
          [
            -79.1894945,
            43.7735572
          ],
          [
            -79.1895202,
            43.7736676
          ],
          [
            -79.1895958,
            43.7738357
          ],
          [
            -79.1896272,
            43.7738978
          ]
        ]
      }
    },
    {
      "type": "Feature",
      "id": "osm-way-1483941067",
      "properties": {
        "osmWayId": 1483941067,
        "highway": "footway",
        "surface": null,
        "wheelchair": null,
        "foot": null,
        "verificationStatus": "inferred",
        "source": "OpenStreetMap"
      },
      "geometry": {
        "type": "LineString",
        "coordinates": [
          [
            -79.1885816,
            43.7742415
          ],
          [
            -79.1888101,
            43.7741849
          ],
          [
            -79.1894674,
            43.7740219
          ],
          [
            -79.1901649,
            43.7738435
          ],
          [
            -79.1906645,
            43.7737257
          ],
          [
            -79.1907645,
            43.7737021
          ],
          [
            -79.1908699,
            43.7736752
          ],
          [
            -79.1915128,
            43.7735116
          ],
          [
            -79.1920995,
            43.7733672
          ]
        ]
      }
    },
    {
      "type": "Feature",
      "id": "osm-way-1483941068",
      "properties": {
        "osmWayId": 1483941068,
        "highway": "footway",
        "surface": null,
        "wheelchair": null,
        "foot": null,
        "verificationStatus": "inferred",
        "source": "OpenStreetMap"
      },
      "geometry": {
        "type": "LineString",
        "coordinates": [
          [
            -79.1920515,
            43.7732392
          ],
          [
            -79.1920726,
            43.7733013
          ],
          [
            -79.1920995,
            43.7733672
          ]
        ]
      }
    },
    {
      "type": "Feature",
      "id": "osm-way-1483941069",
      "properties": {
        "osmWayId": 1483941069,
        "highway": "footway",
        "surface": null,
        "wheelchair": null,
        "foot": null,
        "verificationStatus": "inferred",
        "source": "OpenStreetMap"
      },
      "geometry": {
        "type": "LineString",
        "coordinates": [
          [
            -79.1895958,
            43.7738357
          ],
          [
            -79.1900356,
            43.7737237
          ]
        ]
      }
    },
    {
      "type": "Feature",
      "id": "osm-way-1483941071",
      "properties": {
        "osmWayId": 1483941071,
        "highway": "footway",
        "surface": null,
        "wheelchair": null,
        "foot": null,
        "verificationStatus": "inferred",
        "source": "OpenStreetMap"
      },
      "geometry": {
        "type": "LineString",
        "coordinates": [
          [
            -79.1920515,
            43.7732392
          ],
          [
            -79.1918561,
            43.7727856
          ],
          [
            -79.1917116,
            43.7724404
          ],
          [
            -79.1916317,
            43.7722497
          ],
          [
            -79.1914485,
            43.7718066
          ],
          [
            -79.1911951,
            43.7711944
          ],
          [
            -79.1911658,
            43.7711153
          ]
        ]
      }
    },
    {
      "type": "Feature",
      "id": "osm-way-1483941073",
      "properties": {
        "osmWayId": 1483941073,
        "highway": "footway",
        "surface": null,
        "wheelchair": null,
        "foot": null,
        "verificationStatus": "inferred",
        "source": "OpenStreetMap"
      },
      "geometry": {
        "type": "LineString",
        "coordinates": [
          [
            -79.1896918,
            43.7713902
          ],
          [
            -79.1897039,
            43.771442
          ],
          [
            -79.1897246,
            43.7714996
          ],
          [
            -79.1897778,
            43.7715421
          ],
          [
            -79.1901413,
            43.7724084
          ],
          [
            -79.190385,
            43.7729772
          ],
          [
            -79.1906226,
            43.7735572
          ],
          [
            -79.1906111,
            43.7736042
          ]
        ]
      }
    },
    {
      "type": "Feature",
      "id": "osm-way-1483941074",
      "properties": {
        "osmWayId": 1483941074,
        "highway": "footway",
        "surface": null,
        "wheelchair": null,
        "foot": null,
        "verificationStatus": "inferred",
        "source": "OpenStreetMap"
      },
      "geometry": {
        "type": "LineString",
        "coordinates": [
          [
            -79.1906111,
            43.7736042
          ],
          [
            -79.1906328,
            43.7736537
          ],
          [
            -79.1906645,
            43.7737257
          ]
        ]
      }
    },
    {
      "type": "Feature",
      "id": "osm-way-1483944963",
      "properties": {
        "osmWayId": 1483944963,
        "highway": "footway",
        "surface": null,
        "wheelchair": null,
        "foot": null,
        "verificationStatus": "inferred",
        "source": "OpenStreetMap"
      },
      "geometry": {
        "type": "LineString",
        "coordinates": [
          [
            -79.1920995,
            43.7733672
          ],
          [
            -79.1924883,
            43.7742835
          ],
          [
            -79.1927855,
            43.7749654
          ],
          [
            -79.1930031,
            43.7754832
          ],
          [
            -79.1931065,
            43.7755822
          ],
          [
            -79.1932749,
            43.7756329
          ],
          [
            -79.1934492,
            43.775639
          ],
          [
            -79.1936333,
            43.7755845
          ],
          [
            -79.1937529,
            43.77547
          ],
          [
            -79.1941963,
            43.774971
          ],
          [
            -79.194223,
            43.774941
          ],
          [
            -79.1943903,
            43.7747468
          ],
          [
            -79.1945049,
            43.774655
          ],
          [
            -79.1946587,
            43.7745941
          ],
          [
            -79.1950154,
            43.7745069
          ],
          [
            -79.1950622,
            43.7744955
          ],
          [
            -79.1956176,
            43.7743772
          ],
          [
            -79.1958846,
            43.774361
          ],
          [
            -79.1960567,
            43.7743122
          ],
          [
            -79.1961408,
            43.7742342
          ],
          [
            -79.1961626,
            43.7741444
          ],
          [
            -79.1961491,
            43.7740408
          ],
          [
            -79.1960451,
            43.7737475
          ],
          [
            -79.1961786,
            43.773688
          ],
          [
            -79.1963213,
            43.7736352
          ],
          [
            -79.1965184,
            43.7734813
          ],
          [
            -79.1966497,
            43.7733131
          ],
          [
            -79.1967081,
            43.7731226
          ],
          [
            -79.1967177,
            43.7729086
          ],
          [
            -79.1967261,
            43.7727271
          ],
          [
            -79.1967472,
            43.7722688
          ],
          [
            -79.1967199,
            43.771479
          ],
          [
            -79.1967211,
            43.7714322
          ],
          [
            -79.1967318,
            43.7710278
          ],
          [
            -79.1968599,
            43.7705053
          ],
          [
            -79.1969281,
            43.7701936
          ],
          [
            -79.196992,
            43.7700637
          ],
          [
            -79.1971436,
            43.7698713
          ],
          [
            -79.1973189,
            43.7696754
          ],
          [
            -79.1973626,
            43.7696105
          ],
          [
            -79.1973316,
            43.7694859
          ],
          [
            -79.1972254,
            43.7692351
          ],
          [
            -79.1970545,
            43.7688331
          ],
          [
            -79.1969903,
            43.7686895
          ],
          [
            -79.1969186,
            43.7685292
          ],
          [
            -79.1968439,
            43.768419
          ],
          [
            -79.1967905,
            43.7682847
          ]
        ]
      }
    },
    {
      "type": "Feature",
      "id": "osm-way-1483946720",
      "properties": {
        "osmWayId": 1483946720,
        "highway": "footway",
        "surface": null,
        "wheelchair": null,
        "foot": null,
        "verificationStatus": "inferred",
        "source": "OpenStreetMap"
      },
      "geometry": {
        "type": "LineString",
        "coordinates": [
          [
            -79.1965146,
            43.7714605
          ],
          [
            -79.1965374,
            43.7722482
          ],
          [
            -79.1965218,
            43.7726776
          ]
        ]
      }
    },
    {
      "type": "Feature",
      "id": "osm-way-1483946722",
      "properties": {
        "osmWayId": 1483946722,
        "highway": "footway",
        "surface": null,
        "wheelchair": null,
        "foot": null,
        "verificationStatus": "inferred",
        "source": "OpenStreetMap"
      },
      "geometry": {
        "type": "LineString",
        "coordinates": [
          [
            -79.1965218,
            43.7726776
          ],
          [
            -79.1965169,
            43.7727614
          ],
          [
            -79.1965127,
            43.7728348
          ]
        ]
      }
    },
    {
      "type": "Feature",
      "id": "osm-way-1483946723",
      "properties": {
        "osmWayId": 1483946723,
        "highway": "footway",
        "surface": null,
        "wheelchair": null,
        "foot": null,
        "verificationStatus": "inferred",
        "source": "OpenStreetMap"
      },
      "geometry": {
        "type": "LineString",
        "coordinates": [
          [
            -79.1965218,
            43.7726776
          ],
          [
            -79.195744,
            43.7727602
          ],
          [
            -79.195578,
            43.7721827
          ],
          [
            -79.1954925,
            43.7719197
          ],
          [
            -79.1953894,
            43.7716567
          ]
        ]
      }
    },
    {
      "type": "Feature",
      "id": "osm-way-1483946726",
      "properties": {
        "osmWayId": 1483946726,
        "highway": "footway",
        "surface": null,
        "wheelchair": null,
        "foot": null,
        "verificationStatus": "inferred",
        "source": "OpenStreetMap"
      },
      "geometry": {
        "type": "LineString",
        "coordinates": [
          [
            -79.1951755,
            43.7716901
          ],
          [
            -79.1952904,
            43.7719344
          ],
          [
            -79.1953369,
            43.7720909
          ],
          [
            -79.1954362,
            43.7724248
          ],
          [
            -79.195508,
            43.7726866
          ],
          [
            -79.1955181,
            43.7727853
          ],
          [
            -79.1955557,
            43.7728327
          ],
          [
            -79.1956328,
            43.7728901
          ],
          [
            -79.195716,
            43.7729116
          ],
          [
            -79.1958221,
            43.7729162
          ],
          [
            -79.1960751,
            43.772876
          ],
          [
            -79.1965127,
            43.7728348
          ]
        ]
      }
    },
    {
      "type": "Feature",
      "id": "osm-way-1483946727",
      "properties": {
        "osmWayId": 1483946727,
        "highway": "footway",
        "surface": null,
        "wheelchair": null,
        "foot": null,
        "verificationStatus": "inferred",
        "source": "OpenStreetMap"
      },
      "geometry": {
        "type": "LineString",
        "coordinates": [
          [
            -79.1965127,
            43.7728348
          ],
          [
            -79.1964832,
            43.7731596
          ],
          [
            -79.1964184,
            43.7733307
          ],
          [
            -79.1962287,
            43.7734955
          ],
          [
            -79.1960758,
            43.7735453
          ],
          [
            -79.1958856,
            43.7735541
          ],
          [
            -79.195791,
            43.7736317
          ],
          [
            -79.1957792,
            43.7737317
          ],
          [
            -79.1958645,
            43.773844
          ],
          [
            -79.1959385,
            43.7740947
          ],
          [
            -79.1959448,
            43.7741648
          ],
          [
            -79.1958996,
            43.7741992
          ],
          [
            -79.195674,
            43.774213
          ],
          [
            -79.1953987,
            43.7742624
          ],
          [
            -79.1951764,
            43.7743146
          ],
          [
            -79.195013,
            43.7743472
          ]
        ]
      }
    },
    {
      "type": "Feature",
      "id": "osm-way-1483946728",
      "properties": {
        "osmWayId": 1483946728,
        "highway": "footway",
        "surface": null,
        "wheelchair": null,
        "foot": null,
        "verificationStatus": "inferred",
        "source": "OpenStreetMap"
      },
      "geometry": {
        "type": "LineString",
        "coordinates": [
          [
            -79.195013,
            43.7743472
          ],
          [
            -79.1948999,
            43.7743763
          ],
          [
            -79.194809,
            43.7743996
          ]
        ]
      }
    },
    {
      "type": "Feature",
      "id": "osm-way-1483946730",
      "properties": {
        "osmWayId": 1483946730,
        "highway": "footway",
        "surface": null,
        "wheelchair": null,
        "foot": null,
        "verificationStatus": "inferred",
        "source": "OpenStreetMap"
      },
      "geometry": {
        "type": "LineString",
        "coordinates": [
          [
            -79.195013,
            43.7743472
          ],
          [
            -79.1948884,
            43.7740422
          ],
          [
            -79.194773,
            43.7740729
          ]
        ]
      }
    },
    {
      "type": "Feature",
      "id": "osm-way-1483946731",
      "properties": {
        "osmWayId": 1483946731,
        "highway": "footway",
        "surface": null,
        "wheelchair": null,
        "foot": null,
        "verificationStatus": "inferred",
        "source": "OpenStreetMap"
      },
      "geometry": {
        "type": "LineString",
        "coordinates": [
          [
            -79.194809,
            43.7743996
          ],
          [
            -79.1946764,
            43.774094
          ],
          [
            -79.194773,
            43.7740729
          ]
        ]
      }
    },
    {
      "type": "Feature",
      "id": "osm-way-1483946733",
      "properties": {
        "osmWayId": 1483946733,
        "highway": "footway",
        "surface": null,
        "wheelchair": null,
        "foot": null,
        "verificationStatus": "inferred",
        "source": "OpenStreetMap"
      },
      "geometry": {
        "type": "LineString",
        "coordinates": [
          [
            -79.1930329,
            43.772097
          ],
          [
            -79.1932322,
            43.7725477
          ],
          [
            -79.1934476,
            43.7730748
          ],
          [
            -79.1934406,
            43.7735223
          ],
          [
            -79.1935172,
            43.7737214
          ],
          [
            -79.1938539,
            43.7744794
          ],
          [
            -79.1939243,
            43.7746481
          ],
          [
            -79.1939807,
            43.7747003
          ],
          [
            -79.1941094,
            43.7747616
          ]
        ]
      }
    },
    {
      "type": "Feature",
      "id": "osm-way-1483946734",
      "properties": {
        "osmWayId": 1483946734,
        "highway": "footway",
        "surface": null,
        "wheelchair": null,
        "foot": null,
        "verificationStatus": "inferred",
        "source": "OpenStreetMap"
      },
      "geometry": {
        "type": "LineString",
        "coordinates": [
          [
            -79.1941094,
            43.7747616
          ],
          [
            -79.1940605,
            43.7748222
          ],
          [
            -79.1939972,
            43.7749006
          ]
        ]
      }
    },
    {
      "type": "Feature",
      "id": "osm-way-1483946735",
      "properties": {
        "osmWayId": 1483946735,
        "highway": "footway",
        "surface": null,
        "wheelchair": null,
        "foot": null,
        "verificationStatus": "inferred",
        "source": "OpenStreetMap"
      },
      "geometry": {
        "type": "LineString",
        "coordinates": [
          [
            -79.1941094,
            43.7747616
          ],
          [
            -79.1942575,
            43.7746285
          ],
          [
            -79.1944075,
            43.7745176
          ],
          [
            -79.1945154,
            43.7744568
          ],
          [
            -79.194809,
            43.7743996
          ]
        ]
      }
    },
    {
      "type": "Feature",
      "id": "osm-way-1483946737",
      "properties": {
        "osmWayId": 1483946737,
        "highway": "footway",
        "surface": null,
        "wheelchair": null,
        "foot": null,
        "verificationStatus": "inferred",
        "source": "OpenStreetMap"
      },
      "geometry": {
        "type": "LineString",
        "coordinates": [
          [
            -79.1939972,
            43.7749006
          ],
          [
            -79.1938174,
            43.7748063
          ],
          [
            -79.1937214,
            43.7747029
          ],
          [
            -79.1932444,
            43.7735492
          ],
          [
            -79.1932506,
            43.7734742
          ],
          [
            -79.1933474,
            43.7734679
          ]
        ]
      }
    },
    {
      "type": "Feature",
      "id": "osm-way-1483946739",
      "properties": {
        "osmWayId": 1483946739,
        "highway": "footway",
        "surface": null,
        "wheelchair": null,
        "foot": null,
        "verificationStatus": "inferred",
        "source": "OpenStreetMap"
      },
      "geometry": {
        "type": "LineString",
        "coordinates": [
          [
            -79.1939972,
            43.7749006
          ],
          [
            -79.1935551,
            43.7754079
          ],
          [
            -79.1934646,
            43.7754797
          ],
          [
            -79.1933487,
            43.7754893
          ],
          [
            -79.1932284,
            43.7754582
          ],
          [
            -79.19317,
            43.7753843
          ],
          [
            -79.192536,
            43.7738557
          ],
          [
            -79.1924279,
            43.7738842
          ]
        ]
      }
    },
    {
      "type": "Feature",
      "id": "osm-way-1484072624",
      "properties": {
        "osmWayId": 1484072624,
        "highway": "footway",
        "surface": null,
        "wheelchair": null,
        "foot": null,
        "verificationStatus": "inferred",
        "source": "OpenStreetMap"
      },
      "geometry": {
        "type": "LineString",
        "coordinates": [
          [
            -79.1735523,
            43.7959989
          ],
          [
            -79.1738695,
            43.7959191
          ],
          [
            -79.1742356,
            43.795831
          ],
          [
            -79.1743241,
            43.7957787
          ],
          [
            -79.1744261,
            43.7957467
          ],
          [
            -79.1745441,
            43.7957506
          ],
          [
            -79.1746326,
            43.7957932
          ],
          [
            -79.1746943,
            43.7958639
          ],
          [
            -79.174701,
            43.7959229
          ],
          [
            -79.1746902,
            43.7959829
          ],
          [
            -79.1748083,
            43.7962482
          ],
          [
            -79.1747338,
            43.7963058
          ]
        ]
      }
    },
    {
      "type": "Feature",
      "id": "osm-way-1484072625",
      "properties": {
        "osmWayId": 1484072625,
        "highway": "footway",
        "surface": null,
        "wheelchair": null,
        "foot": null,
        "verificationStatus": "inferred",
        "source": "OpenStreetMap"
      },
      "geometry": {
        "type": "LineString",
        "coordinates": [
          [
            -79.1735523,
            43.7959989
          ],
          [
            -79.173473,
            43.7960172
          ],
          [
            -79.1733667,
            43.7960418
          ]
        ]
      }
    },
    {
      "type": "Feature",
      "id": "osm-way-1484072626",
      "properties": {
        "osmWayId": 1484072626,
        "highway": "footway",
        "surface": null,
        "wheelchair": null,
        "foot": null,
        "verificationStatus": "inferred",
        "source": "OpenStreetMap"
      },
      "geometry": {
        "type": "LineString",
        "coordinates": [
          [
            -79.1732942,
            43.7958755
          ],
          [
            -79.1733667,
            43.7960418
          ],
          [
            -79.1737072,
            43.7967728
          ],
          [
            -79.1738158,
            43.7968156
          ]
        ]
      }
    },
    {
      "type": "Feature",
      "id": "osm-way-1484072627",
      "properties": {
        "osmWayId": 1484072627,
        "highway": "footway",
        "surface": null,
        "wheelchair": null,
        "foot": null,
        "verificationStatus": "inferred",
        "source": "OpenStreetMap"
      },
      "geometry": {
        "type": "LineString",
        "coordinates": [
          [
            -79.1731201,
            43.7952801
          ],
          [
            -79.1730809,
            43.7953789
          ],
          [
            -79.1732385,
            43.7957467
          ]
        ]
      }
    },
    {
      "type": "Feature",
      "id": "osm-way-1484072628",
      "properties": {
        "osmWayId": 1484072628,
        "highway": "footway",
        "surface": null,
        "wheelchair": null,
        "foot": null,
        "verificationStatus": "inferred",
        "source": "OpenStreetMap"
      },
      "geometry": {
        "type": "LineString",
        "coordinates": [
          [
            -79.1732385,
            43.7957467
          ],
          [
            -79.1732688,
            43.7958169
          ],
          [
            -79.1732942,
            43.7958755
          ]
        ]
      }
    },
    {
      "type": "Feature",
      "id": "osm-way-1484072629",
      "properties": {
        "osmWayId": 1484072629,
        "highway": "footway",
        "surface": null,
        "wheelchair": null,
        "foot": null,
        "verificationStatus": "inferred",
        "source": "OpenStreetMap"
      },
      "geometry": {
        "type": "LineString",
        "coordinates": [
          [
            -79.1722573,
            43.7961246
          ],
          [
            -79.1732942,
            43.7958755
          ]
        ]
      }
    },
    {
      "type": "Feature",
      "id": "osm-way-1484293917",
      "properties": {
        "osmWayId": 1484293917,
        "highway": "footway",
        "surface": null,
        "wheelchair": null,
        "foot": null,
        "verificationStatus": "inferred",
        "source": "OpenStreetMap"
      },
      "geometry": {
        "type": "LineString",
        "coordinates": [
          [
            -79.1745106,
            43.7726223
          ],
          [
            -79.1744944,
            43.7725319
          ],
          [
            -79.1743603,
            43.7722133
          ],
          [
            -79.173961,
            43.7712727
          ]
        ]
      }
    },
    {
      "type": "Feature",
      "id": "osm-way-1484296348",
      "properties": {
        "osmWayId": 1484296348,
        "highway": "footway",
        "surface": null,
        "wheelchair": null,
        "foot": null,
        "verificationStatus": "inferred",
        "source": "OpenStreetMap"
      },
      "geometry": {
        "type": "LineString",
        "coordinates": [
          [
            -79.1863337,
            43.7734906
          ],
          [
            -79.1863941,
            43.7734093
          ],
          [
            -79.1867468,
            43.7730355
          ],
          [
            -79.1867723,
            43.7729764
          ],
          [
            -79.1869412,
            43.7727866
          ],
          [
            -79.1869868,
            43.7727295
          ],
          [
            -79.1872121,
            43.7726714
          ],
          [
            -79.1876125,
            43.7725697
          ]
        ]
      }
    },
    {
      "type": "Feature",
      "id": "osm-way-1484296349",
      "properties": {
        "osmWayId": 1484296349,
        "highway": "footway",
        "surface": null,
        "wheelchair": null,
        "foot": null,
        "verificationStatus": "inferred",
        "source": "OpenStreetMap"
      },
      "geometry": {
        "type": "LineString",
        "coordinates": [
          [
            -79.1850842,
            43.7728316
          ],
          [
            -79.1851133,
            43.7728583
          ],
          [
            -79.1863337,
            43.7734906
          ],
          [
            -79.1864025,
            43.773525
          ]
        ]
      }
    },
    {
      "type": "Feature",
      "id": "osm-way-1484404960",
      "properties": {
        "osmWayId": 1484404960,
        "highway": "footway",
        "surface": null,
        "wheelchair": null,
        "foot": null,
        "verificationStatus": "inferred",
        "source": "OpenStreetMap"
      },
      "geometry": {
        "type": "LineString",
        "coordinates": [
          [
            -79.1907428,
            43.8003436
          ],
          [
            -79.1906635,
            43.8003286
          ],
          [
            -79.1907167,
            43.8000436
          ],
          [
            -79.1908779,
            43.7998282
          ],
          [
            -79.1909905,
            43.7997361
          ],
          [
            -79.1910628,
            43.799691
          ],
          [
            -79.1913735,
            43.7995719
          ],
          [
            -79.19185,
            43.7994771
          ],
          [
            -79.1928139,
            43.7992797
          ],
          [
            -79.1934066,
            43.7991555
          ],
          [
            -79.1942074,
            43.7989721
          ],
          [
            -79.1943172,
            43.798947
          ],
          [
            -79.1947554,
            43.7988776
          ],
          [
            -79.1949973,
            43.7988727
          ],
          [
            -79.1952291,
            43.7988844
          ],
          [
            -79.1956593,
            43.7989524
          ],
          [
            -79.1960832,
            43.799115
          ],
          [
            -79.196255,
            43.7992143
          ],
          [
            -79.1963651,
            43.799278
          ],
          [
            -79.196773,
            43.7996359
          ]
        ]
      }
    },
    {
      "type": "Feature",
      "id": "osm-way-1485815024",
      "properties": {
        "osmWayId": 1485815024,
        "highway": "footway",
        "surface": null,
        "wheelchair": null,
        "foot": null,
        "verificationStatus": "inferred",
        "source": "OpenStreetMap"
      },
      "geometry": {
        "type": "LineString",
        "coordinates": [
          [
            -79.1942074,
            43.7989721
          ],
          [
            -79.1938813,
            43.7982512
          ],
          [
            -79.193997,
            43.7982184
          ]
        ]
      }
    },
    {
      "type": "Feature",
      "id": "osm-way-1489241723",
      "properties": {
        "osmWayId": 1489241723,
        "highway": "footway",
        "surface": null,
        "wheelchair": null,
        "foot": null,
        "verificationStatus": "inferred",
        "source": "OpenStreetMap"
      },
      "geometry": {
        "type": "LineString",
        "coordinates": [
          [
            -79.2081649,
            43.7880025
          ],
          [
            -79.2079372,
            43.7881764
          ],
          [
            -79.2077692,
            43.7883047
          ],
          [
            -79.2071152,
            43.7888222
          ],
          [
            -79.2068974,
            43.7889945
          ],
          [
            -79.2064603,
            43.7893459
          ],
          [
            -79.20629,
            43.7894676
          ],
          [
            -79.2062734,
            43.7894809
          ],
          [
            -79.2059215,
            43.7897627
          ],
          [
            -79.2057833,
            43.7898872
          ],
          [
            -79.2056825,
            43.7899567
          ],
          [
            -79.2054412,
            43.790069
          ],
          [
            -79.2049881,
            43.7902075
          ],
          [
            -79.204637,
            43.790295
          ],
          [
            -79.2045913,
            43.7903064
          ],
          [
            -79.2042195,
            43.7903739
          ],
          [
            -79.2038659,
            43.7904015
          ],
          [
            -79.20323,
            43.7904362
          ],
          [
            -79.2028138,
            43.7904495
          ],
          [
            -79.2021927,
            43.7904833
          ],
          [
            -79.2015454,
            43.7905162
          ],
          [
            -79.2007741,
            43.79056
          ],
          [
            -79.2006466,
            43.7905518
          ],
          [
            -79.2005772,
            43.7905559
          ],
          [
            -79.2003997,
            43.7905658
          ],
          [
            -79.2001663,
            43.7905748
          ],
          [
            -79.1998175,
            43.7905672
          ],
          [
            -79.1996402,
            43.7905585
          ],
          [
            -79.1994048,
            43.7905236
          ],
          [
            -79.1989144,
            43.7904372
          ],
          [
            -79.1986786,
            43.7903923
          ],
          [
            -79.1983073,
            43.7903216
          ],
          [
            -79.1976896,
            43.7901638
          ],
          [
            -79.1976001,
            43.7901411
          ],
          [
            -79.1973599,
            43.7900801
          ],
          [
            -79.1968881,
            43.789943
          ],
          [
            -79.1967373,
            43.7898992
          ],
          [
            -79.1964202,
            43.7898067
          ],
          [
            -79.1963948,
            43.7897992
          ],
          [
            -79.196017,
            43.7896921
          ],
          [
            -79.1958578,
            43.789647
          ],
          [
            -79.1956242,
            43.7895772
          ],
          [
            -79.1953947,
            43.7895087
          ],
          [
            -79.1948004,
            43.7893246
          ],
          [
            -79.1946182,
            43.7892703
          ],
          [
            -79.1945265,
            43.7892429
          ]
        ]
      }
    },
    {
      "type": "Feature",
      "id": "osm-way-1489251120",
      "properties": {
        "osmWayId": 1489251120,
        "highway": "footway",
        "surface": null,
        "wheelchair": null,
        "foot": null,
        "verificationStatus": "inferred",
        "source": "OpenStreetMap"
      },
      "geometry": {
        "type": "LineString",
        "coordinates": [
          [
            -79.2063394,
            43.7896983
          ],
          [
            -79.2060874,
            43.7899039
          ],
          [
            -79.205968,
            43.7899487
          ],
          [
            -79.2058434,
            43.7900279
          ],
          [
            -79.2056607,
            43.790139
          ],
          [
            -79.2053804,
            43.7902508
          ],
          [
            -79.204865,
            43.7903946
          ]
        ]
      }
    },
    {
      "type": "Feature",
      "id": "osm-way-1489251121",
      "properties": {
        "osmWayId": 1489251121,
        "highway": "footway",
        "surface": null,
        "wheelchair": null,
        "foot": null,
        "verificationStatus": "inferred",
        "source": "OpenStreetMap"
      },
      "geometry": {
        "type": "LineString",
        "coordinates": [
          [
            -79.204865,
            43.7903946
          ],
          [
            -79.2047758,
            43.7904152
          ],
          [
            -79.2046773,
            43.7904381
          ]
        ]
      }
    },
    {
      "type": "Feature",
      "id": "osm-way-1489251122",
      "properties": {
        "osmWayId": 1489251122,
        "highway": "footway",
        "surface": null,
        "wheelchair": null,
        "foot": null,
        "verificationStatus": "inferred",
        "source": "OpenStreetMap"
      },
      "geometry": {
        "type": "LineString",
        "coordinates": [
          [
            -79.2030673,
            43.7906037
          ],
          [
            -79.2031762,
            43.7905984
          ],
          [
            -79.2032881,
            43.7905933
          ]
        ]
      }
    },
    {
      "type": "Feature",
      "id": "osm-way-1489251123",
      "properties": {
        "osmWayId": 1489251123,
        "highway": "footway",
        "surface": null,
        "wheelchair": null,
        "foot": null,
        "verificationStatus": "inferred",
        "source": "OpenStreetMap"
      },
      "geometry": {
        "type": "LineString",
        "coordinates": [
          [
            -79.2032881,
            43.7905933
          ],
          [
            -79.2036922,
            43.7905794
          ],
          [
            -79.204074,
            43.7905478
          ],
          [
            -79.2043711,
            43.7905051
          ],
          [
            -79.2046773,
            43.7904381
          ]
        ]
      }
    },
    {
      "type": "Feature",
      "id": "osm-way-1489251124",
      "properties": {
        "osmWayId": 1489251124,
        "highway": "footway",
        "surface": null,
        "wheelchair": null,
        "foot": null,
        "verificationStatus": "inferred",
        "source": "OpenStreetMap"
      },
      "geometry": {
        "type": "LineString",
        "coordinates": [
          [
            -79.2046773,
            43.7904381
          ],
          [
            -79.204864,
            43.790855
          ],
          [
            -79.2050029,
            43.7911688
          ],
          [
            -79.2050322,
            43.7912637
          ],
          [
            -79.2037233,
            43.7915548
          ],
          [
            -79.2036105,
            43.7915596
          ],
          [
            -79.2031314,
            43.79151
          ]
        ]
      }
    },
    {
      "type": "Feature",
      "id": "osm-way-1489251125",
      "properties": {
        "osmWayId": 1489251125,
        "highway": "footway",
        "surface": null,
        "wheelchair": null,
        "foot": null,
        "verificationStatus": "inferred",
        "source": "OpenStreetMap"
      },
      "geometry": {
        "type": "LineString",
        "coordinates": [
          [
            -79.2031314,
            43.79151
          ],
          [
            -79.2031186,
            43.7915771
          ],
          [
            -79.2031105,
            43.7916317
          ]
        ]
      }
    },
    {
      "type": "Feature",
      "id": "osm-way-1489251126",
      "properties": {
        "osmWayId": 1489251126,
        "highway": "footway",
        "surface": null,
        "wheelchair": null,
        "foot": null,
        "verificationStatus": "inferred",
        "source": "OpenStreetMap"
      },
      "geometry": {
        "type": "LineString",
        "coordinates": [
          [
            -79.2032881,
            43.7905933
          ],
          [
            -79.2031314,
            43.79151
          ]
        ]
      }
    },
    {
      "type": "Feature",
      "id": "osm-way-1489251127",
      "properties": {
        "osmWayId": 1489251127,
        "highway": "footway",
        "surface": null,
        "wheelchair": null,
        "foot": null,
        "verificationStatus": "inferred",
        "source": "OpenStreetMap"
      },
      "geometry": {
        "type": "LineString",
        "coordinates": [
          [
            -79.2029096,
            43.7915018
          ],
          [
            -79.2030673,
            43.7906037
          ]
        ]
      }
    },
    {
      "type": "Feature",
      "id": "osm-way-1489251128",
      "properties": {
        "osmWayId": 1489251128,
        "highway": "footway",
        "surface": null,
        "wheelchair": null,
        "foot": null,
        "verificationStatus": "inferred",
        "source": "OpenStreetMap"
      },
      "geometry": {
        "type": "LineString",
        "coordinates": [
          [
            -79.2029096,
            43.7915018
          ],
          [
            -79.2029028,
            43.791551
          ],
          [
            -79.2028956,
            43.7916061
          ]
        ]
      }
    },
    {
      "type": "Feature",
      "id": "osm-way-1489251129",
      "properties": {
        "osmWayId": 1489251129,
        "highway": "footway",
        "surface": null,
        "wheelchair": null,
        "foot": null,
        "verificationStatus": "inferred",
        "source": "OpenStreetMap"
      },
      "geometry": {
        "type": "LineString",
        "coordinates": [
          [
            -79.2031105,
            43.7916317
          ],
          [
            -79.2030467,
            43.7920456
          ],
          [
            -79.2030742,
            43.7921927
          ],
          [
            -79.2031307,
            43.7924542
          ],
          [
            -79.2031306,
            43.7925503
          ],
          [
            -79.2030891,
            43.7926554
          ],
          [
            -79.203016,
            43.7927486
          ],
          [
            -79.202959,
            43.7928229
          ],
          [
            -79.202865,
            43.7928778
          ],
          [
            -79.2027323,
            43.792951
          ],
          [
            -79.202618,
            43.792982
          ],
          [
            -79.2023841,
            43.7930141
          ],
          [
            -79.2019012,
            43.793037
          ]
        ]
      }
    },
    {
      "type": "Feature",
      "id": "osm-way-1489251130",
      "properties": {
        "osmWayId": 1489251130,
        "highway": "footway",
        "surface": null,
        "wheelchair": null,
        "foot": null,
        "verificationStatus": "inferred",
        "source": "OpenStreetMap"
      },
      "geometry": {
        "type": "LineString",
        "coordinates": [
          [
            -79.2019012,
            43.793037
          ],
          [
            -79.2017989,
            43.7930469
          ],
          [
            -79.2017249,
            43.7930541
          ]
        ]
      }
    },
    {
      "type": "Feature",
      "id": "osm-way-1489251132",
      "properties": {
        "osmWayId": 1489251132,
        "highway": "footway",
        "surface": null,
        "wheelchair": null,
        "foot": null,
        "verificationStatus": "inferred",
        "source": "OpenStreetMap"
      },
      "geometry": {
        "type": "LineString",
        "coordinates": [
          [
            -79.2028956,
            43.7916061
          ],
          [
            -79.2028323,
            43.7920217
          ],
          [
            -79.2028569,
            43.7921926
          ],
          [
            -79.2029131,
            43.7924577
          ],
          [
            -79.2029083,
            43.7925396
          ],
          [
            -79.2028151,
            43.7926976
          ],
          [
            -79.2027114,
            43.7927744
          ],
          [
            -79.2026013,
            43.7928195
          ],
          [
            -79.2024998,
            43.7928411
          ],
          [
            -79.2017305,
            43.7928948
          ],
          [
            -79.2014605,
            43.7929106
          ],
          [
            -79.2012256,
            43.7929153
          ],
          [
            -79.2010567,
            43.7929066
          ]
        ]
      }
    },
    {
      "type": "Feature",
      "id": "osm-way-1489251136",
      "properties": {
        "osmWayId": 1489251136,
        "highway": "footway",
        "surface": null,
        "wheelchair": null,
        "foot": null,
        "verificationStatus": "inferred",
        "source": "OpenStreetMap"
      },
      "geometry": {
        "type": "LineString",
        "coordinates": [
          [
            -79.2019012,
            43.793037
          ],
          [
            -79.2020705,
            43.7934558
          ],
          [
            -79.2021525,
            43.7935411
          ],
          [
            -79.2022604,
            43.7936004
          ],
          [
            -79.2023691,
            43.7936237
          ],
          [
            -79.2025615,
            43.793611
          ],
          [
            -79.2029635,
            43.793555
          ],
          [
            -79.2031464,
            43.7935194
          ],
          [
            -79.203266,
            43.7934717
          ],
          [
            -79.2034049,
            43.7934134
          ],
          [
            -79.2034814,
            43.7933723
          ],
          [
            -79.2036165,
            43.7933189
          ],
          [
            -79.2037331,
            43.7932926
          ],
          [
            -79.203996,
            43.79326
          ],
          [
            -79.2045032,
            43.793181
          ]
        ]
      }
    },
    {
      "type": "Feature",
      "id": "osm-way-1489251137",
      "properties": {
        "osmWayId": 1489251137,
        "highway": "footway",
        "surface": null,
        "wheelchair": null,
        "foot": null,
        "verificationStatus": "inferred",
        "source": "OpenStreetMap"
      },
      "geometry": {
        "type": "LineString",
        "coordinates": [
          [
            -79.2035825,
            43.7934925
          ],
          [
            -79.2037519,
            43.7934527
          ],
          [
            -79.2038598,
            43.7934288
          ],
          [
            -79.2040757,
            43.7933992
          ],
          [
            -79.204568,
            43.7933255
          ]
        ]
      }
    },
    {
      "type": "Feature",
      "id": "osm-way-1489251138",
      "properties": {
        "osmWayId": 1489251138,
        "highway": "footway",
        "surface": null,
        "wheelchair": null,
        "foot": null,
        "verificationStatus": "inferred",
        "source": "OpenStreetMap"
      },
      "geometry": {
        "type": "LineString",
        "coordinates": [
          [
            -79.2045032,
            43.793181
          ],
          [
            -79.2046122,
            43.7931657
          ],
          [
            -79.2047112,
            43.7931518
          ]
        ]
      }
    },
    {
      "type": "Feature",
      "id": "osm-way-1489251139",
      "properties": {
        "osmWayId": 1489251139,
        "highway": "footway",
        "surface": null,
        "wheelchair": null,
        "foot": null,
        "verificationStatus": "inferred",
        "source": "OpenStreetMap"
      },
      "geometry": {
        "type": "LineString",
        "coordinates": [
          [
            -79.204568,
            43.7933255
          ],
          [
            -79.2046652,
            43.7933113
          ],
          [
            -79.204775,
            43.7932954
          ]
        ]
      }
    },
    {
      "type": "Feature",
      "id": "osm-way-1489263507",
      "properties": {
        "osmWayId": 1489263507,
        "highway": "footway",
        "surface": null,
        "wheelchair": null,
        "foot": null,
        "verificationStatus": "inferred",
        "source": "OpenStreetMap"
      },
      "geometry": {
        "type": "LineString",
        "coordinates": [
          [
            -79.2045032,
            43.793181
          ],
          [
            -79.204475,
            43.7931227
          ],
          [
            -79.2042061,
            43.7926603
          ],
          [
            -79.2041112,
            43.7925109
          ],
          [
            -79.2040698,
            43.792421
          ],
          [
            -79.204079,
            43.7923403
          ],
          [
            -79.2041403,
            43.7922872
          ],
          [
            -79.2042755,
            43.7922497
          ],
          [
            -79.2048979,
            43.7921168
          ],
          [
            -79.2050929,
            43.7920809
          ],
          [
            -79.2051768,
            43.792095
          ],
          [
            -79.2052604,
            43.7921334
          ],
          [
            -79.205322,
            43.792279
          ],
          [
            -79.2055062,
            43.7927018
          ],
          [
            -79.2056434,
            43.793017
          ]
        ]
      }
    },
    {
      "type": "Feature",
      "id": "osm-way-1489263508",
      "properties": {
        "osmWayId": 1489263508,
        "highway": "footway",
        "surface": null,
        "wheelchair": null,
        "foot": null,
        "verificationStatus": "inferred",
        "source": "OpenStreetMap"
      },
      "geometry": {
        "type": "LineString",
        "coordinates": [
          [
            -79.2047112,
            43.7931518
          ],
          [
            -79.2044573,
            43.7927311
          ],
          [
            -79.2043356,
            43.7925069
          ],
          [
            -79.2043026,
            43.7924429
          ],
          [
            -79.2043186,
            43.7924028
          ],
          [
            -79.2043998,
            43.7923826
          ],
          [
            -79.2050362,
            43.7922462
          ],
          [
            -79.2050928,
            43.7922567
          ],
          [
            -79.205122,
            43.7922918
          ],
          [
            -79.205444,
            43.7930423
          ]
        ]
      }
    },
    {
      "type": "Feature",
      "id": "osm-way-1489263510",
      "properties": {
        "osmWayId": 1489263510,
        "highway": "footway",
        "surface": null,
        "wheelchair": null,
        "foot": null,
        "verificationStatus": "inferred",
        "source": "OpenStreetMap"
      },
      "geometry": {
        "type": "LineString",
        "coordinates": [
          [
            -79.205444,
            43.7930423
          ],
          [
            -79.2047112,
            43.7931518
          ]
        ]
      }
    },
    {
      "type": "Feature",
      "id": "osm-way-1489263511",
      "properties": {
        "osmWayId": 1489263511,
        "highway": "footway",
        "surface": null,
        "wheelchair": null,
        "foot": null,
        "verificationStatus": "inferred",
        "source": "OpenStreetMap"
      },
      "geometry": {
        "type": "LineString",
        "coordinates": [
          [
            -79.2047112,
            43.7931518
          ],
          [
            -79.2047432,
            43.7932238
          ],
          [
            -79.204775,
            43.7932954
          ]
        ]
      }
    },
    {
      "type": "Feature",
      "id": "osm-way-1489263512",
      "properties": {
        "osmWayId": 1489263512,
        "highway": "footway",
        "surface": null,
        "wheelchair": null,
        "foot": null,
        "verificationStatus": "inferred",
        "source": "OpenStreetMap"
      },
      "geometry": {
        "type": "LineString",
        "coordinates": [
          [
            -79.204775,
            43.7932954
          ],
          [
            -79.2055738,
            43.7931829
          ],
          [
            -79.2055873,
            43.7931808
          ],
          [
            -79.2062498,
            43.7930782
          ],
          [
            -79.2064491,
            43.7930415
          ],
          [
            -79.2067162,
            43.7929733
          ],
          [
            -79.2069341,
            43.7929121
          ]
        ]
      }
    },
    {
      "type": "Feature",
      "id": "osm-way-1489263517",
      "properties": {
        "osmWayId": 1489263517,
        "highway": "footway",
        "surface": null,
        "wheelchair": null,
        "foot": null,
        "verificationStatus": "inferred",
        "source": "OpenStreetMap"
      },
      "geometry": {
        "type": "LineString",
        "coordinates": [
          [
            -79.2071256,
            43.792854
          ],
          [
            -79.2073746,
            43.7932941
          ],
          [
            -79.2074336,
            43.7934537
          ],
          [
            -79.2074624,
            43.7935268
          ],
          [
            -79.207515,
            43.7936073
          ],
          [
            -79.2074894,
            43.7936919
          ],
          [
            -79.2074635,
            43.7937381
          ],
          [
            -79.2074142,
            43.7937863
          ],
          [
            -79.2073098,
            43.7938168
          ],
          [
            -79.207162,
            43.7938164
          ],
          [
            -79.2070574,
            43.7938177
          ],
          [
            -79.2064605,
            43.793904
          ],
          [
            -79.2058796,
            43.7939923
          ],
          [
            -79.2053486,
            43.7940681
          ],
          [
            -79.2051423,
            43.7941086
          ],
          [
            -79.2050354,
            43.7941318
          ],
          [
            -79.2049722,
            43.794145
          ],
          [
            -79.2048696,
            43.7941276
          ],
          [
            -79.2047792,
            43.794086
          ],
          [
            -79.2047467,
            43.7940411
          ],
          [
            -79.2047256,
            43.7939977
          ],
          [
            -79.2047202,
            43.7939075
          ],
          [
            -79.2047169,
            43.7938327
          ],
          [
            -79.204568,
            43.7933255
          ]
        ]
      }
    },
    {
      "type": "Feature",
      "id": "osm-way-1489263518",
      "properties": {
        "osmWayId": 1489263518,
        "highway": "footway",
        "surface": null,
        "wheelchair": null,
        "foot": null,
        "verificationStatus": "inferred",
        "source": "OpenStreetMap"
      },
      "geometry": {
        "type": "LineString",
        "coordinates": [
          [
            -79.2069341,
            43.7929121
          ],
          [
            -79.2071737,
            43.7933469
          ],
          [
            -79.2072448,
            43.7935432
          ],
          [
            -79.2072703,
            43.7936322
          ],
          [
            -79.2068054,
            43.7937013
          ],
          [
            -79.205908,
            43.7938357
          ],
          [
            -79.204964,
            43.7939721
          ],
          [
            -79.2048489,
            43.7935736
          ],
          [
            -79.204775,
            43.7932954
          ]
        ]
      }
    },
    {
      "type": "Feature",
      "id": "osm-way-1489263519",
      "properties": {
        "osmWayId": 1489263519,
        "highway": "footway",
        "surface": null,
        "wheelchair": null,
        "foot": null,
        "verificationStatus": "inferred",
        "source": "OpenStreetMap"
      },
      "geometry": {
        "type": "LineString",
        "coordinates": [
          [
            -79.2035825,
            43.7934925
          ],
          [
            -79.2035019,
            43.7935277
          ],
          [
            -79.2034241,
            43.7935618
          ]
        ]
      }
    },
    {
      "type": "Feature",
      "id": "osm-way-1489263520",
      "properties": {
        "osmWayId": 1489263520,
        "highway": "footway",
        "surface": null,
        "wheelchair": null,
        "foot": null,
        "verificationStatus": "inferred",
        "source": "OpenStreetMap"
      },
      "geometry": {
        "type": "LineString",
        "coordinates": [
          [
            -79.2034241,
            43.7935618
          ],
          [
            -79.2036553,
            43.7940921
          ],
          [
            -79.2039028,
            43.7946556
          ],
          [
            -79.2026661,
            43.7948365
          ],
          [
            -79.2022859,
            43.7939432
          ],
          [
            -79.2022896,
            43.7938898
          ],
          [
            -79.2023852,
            43.7936913
          ]
        ]
      }
    },
    {
      "type": "Feature",
      "id": "osm-way-1489263521",
      "properties": {
        "osmWayId": 1489263521,
        "highway": "footway",
        "surface": null,
        "wheelchair": null,
        "foot": null,
        "verificationStatus": "inferred",
        "source": "OpenStreetMap"
      },
      "geometry": {
        "type": "LineString",
        "coordinates": [
          [
            -79.2017249,
            43.7930541
          ],
          [
            -79.2014656,
            43.7930678
          ],
          [
            -79.2012651,
            43.7930651
          ],
          [
            -79.2008808,
            43.7930151
          ],
          [
            -79.2005458,
            43.7929849
          ],
          [
            -79.2004286,
            43.792979
          ],
          [
            -79.2002514,
            43.7930292
          ],
          [
            -79.2001456,
            43.7930898
          ],
          [
            -79.1997742,
            43.7933649
          ],
          [
            -79.1995979,
            43.7934795
          ],
          [
            -79.1992394,
            43.7937342
          ]
        ]
      }
    },
    {
      "type": "Feature",
      "id": "osm-way-1489263522",
      "properties": {
        "osmWayId": 1489263522,
        "highway": "footway",
        "surface": null,
        "wheelchair": null,
        "foot": null,
        "verificationStatus": "inferred",
        "source": "OpenStreetMap"
      },
      "geometry": {
        "type": "LineString",
        "coordinates": [
          [
            -79.1992394,
            43.7937342
          ],
          [
            -79.1991713,
            43.7937819
          ],
          [
            -79.1990891,
            43.7938394
          ]
        ]
      }
    },
    {
      "type": "Feature",
      "id": "osm-way-1489263523",
      "properties": {
        "osmWayId": 1489263523,
        "highway": "footway",
        "surface": null,
        "wheelchair": null,
        "foot": null,
        "verificationStatus": "inferred",
        "source": "OpenStreetMap"
      },
      "geometry": {
        "type": "LineString",
        "coordinates": [
          [
            -79.1990891,
            43.7938394
          ],
          [
            -79.1992812,
            43.7939729
          ],
          [
            -79.1994172,
            43.794057
          ],
          [
            -79.199664,
            43.794136
          ],
          [
            -79.2000021,
            43.7942529
          ],
          [
            -79.2001318,
            43.7942778
          ],
          [
            -79.2003887,
            43.7943078
          ],
          [
            -79.2006282,
            43.794325
          ],
          [
            -79.2010702,
            43.7943299
          ]
        ]
      }
    },
    {
      "type": "Feature",
      "id": "osm-way-1489263524",
      "properties": {
        "osmWayId": 1489263524,
        "highway": "footway",
        "surface": null,
        "wheelchair": null,
        "foot": null,
        "verificationStatus": "inferred",
        "source": "OpenStreetMap"
      },
      "geometry": {
        "type": "LineString",
        "coordinates": [
          [
            -79.2010702,
            43.7943299
          ],
          [
            -79.2010411,
            43.7942483
          ],
          [
            -79.2010157,
            43.7941772
          ]
        ]
      }
    },
    {
      "type": "Feature",
      "id": "osm-way-1489263525",
      "properties": {
        "osmWayId": 1489263525,
        "highway": "footway",
        "surface": null,
        "wheelchair": null,
        "foot": null,
        "verificationStatus": "inferred",
        "source": "OpenStreetMap"
      },
      "geometry": {
        "type": "LineString",
        "coordinates": [
          [
            -79.2010157,
            43.7941772
          ],
          [
            -79.2009121,
            43.7939244
          ],
          [
            -79.2009748,
            43.7938903
          ]
        ]
      }
    },
    {
      "type": "Feature",
      "id": "osm-way-1489263526",
      "properties": {
        "osmWayId": 1489263526,
        "highway": "footway",
        "surface": null,
        "wheelchair": null,
        "foot": null,
        "verificationStatus": "inferred",
        "source": "OpenStreetMap"
      },
      "geometry": {
        "type": "LineString",
        "coordinates": [
          [
            -79.2010702,
            43.7943299
          ],
          [
            -79.2011486,
            43.7945125
          ],
          [
            -79.2011644,
            43.7946927
          ],
          [
            -79.2011429,
            43.7948584
          ],
          [
            -79.2011035,
            43.7948883
          ],
          [
            -79.2009606,
            43.794893
          ],
          [
            -79.2004563,
            43.7948901
          ],
          [
            -79.2001923,
            43.7948581
          ],
          [
            -79.1997938,
            43.7948126
          ],
          [
            -79.1995588,
            43.7947263
          ],
          [
            -79.199076,
            43.7945615
          ],
          [
            -79.1987528,
            43.7944616
          ],
          [
            -79.1984986,
            43.794415
          ],
          [
            -79.1984545,
            43.7943823
          ],
          [
            -79.19847,
            43.7943343
          ],
          [
            -79.198503,
            43.794253
          ],
          [
            -79.1986129,
            43.7941463
          ],
          [
            -79.1988673,
            43.7939874
          ],
          [
            -79.1990891,
            43.7938394
          ]
        ]
      }
    },
    {
      "type": "Feature",
      "id": "osm-way-1489267182",
      "properties": {
        "osmWayId": 1489267182,
        "highway": "footway",
        "surface": null,
        "wheelchair": null,
        "foot": null,
        "verificationStatus": "inferred",
        "source": "OpenStreetMap"
      },
      "geometry": {
        "type": "LineString",
        "coordinates": [
          [
            -79.1964202,
            43.7898067
          ],
          [
            -79.1963728,
            43.789891
          ],
          [
            -79.196333,
            43.78998
          ]
        ]
      }
    },
    {
      "type": "Feature",
      "id": "osm-way-1489267183",
      "properties": {
        "osmWayId": 1489267183,
        "highway": "footway",
        "surface": null,
        "wheelchair": null,
        "foot": null,
        "verificationStatus": "inferred",
        "source": "OpenStreetMap"
      },
      "geometry": {
        "type": "LineString",
        "coordinates": [
          [
            -79.1993808,
            43.7906636
          ],
          [
            -79.1993712,
            43.7907028
          ]
        ]
      }
    },
    {
      "type": "Feature",
      "id": "osm-way-1489267184",
      "properties": {
        "osmWayId": 1489267184,
        "highway": "footway",
        "surface": null,
        "wheelchair": null,
        "foot": null,
        "verificationStatus": "inferred",
        "source": "OpenStreetMap"
      },
      "geometry": {
        "type": "LineString",
        "coordinates": [
          [
            -79.2030673,
            43.7906037
          ],
          [
            -79.2022151,
            43.7906516
          ],
          [
            -79.2013468,
            43.7906917
          ],
          [
            -79.2008273,
            43.7907198
          ],
          [
            -79.2002191,
            43.7907487
          ],
          [
            -79.1998073,
            43.7907429
          ],
          [
            -79.1996329,
            43.790731
          ],
          [
            -79.199513,
            43.7907229
          ],
          [
            -79.1993712,
            43.7907028
          ],
          [
            -79.1990262,
            43.790641
          ],
          [
            -79.1987656,
            43.7905943
          ],
          [
            -79.1986621,
            43.7905757
          ],
          [
            -79.1983618,
            43.7905196
          ],
          [
            -79.1980113,
            43.790437
          ]
        ]
      }
    },
    {
      "type": "Feature",
      "id": "osm-way-1489267185",
      "properties": {
        "osmWayId": 1489267185,
        "highway": "footway",
        "surface": null,
        "wheelchair": null,
        "foot": null,
        "verificationStatus": "inferred",
        "source": "OpenStreetMap"
      },
      "geometry": {
        "type": "LineString",
        "coordinates": [
          [
            -79.1980113,
            43.790437
          ],
          [
            -79.1979172,
            43.790413
          ],
          [
            -79.1978419,
            43.7903938
          ]
        ]
      }
    },
    {
      "type": "Feature",
      "id": "osm-way-1489267186",
      "properties": {
        "osmWayId": 1489267186,
        "highway": "footway",
        "surface": null,
        "wheelchair": null,
        "foot": null,
        "verificationStatus": "inferred",
        "source": "OpenStreetMap"
      },
      "geometry": {
        "type": "LineString",
        "coordinates": [
          [
            -79.1978419,
            43.7903938
          ],
          [
            -79.1972829,
            43.7902536
          ],
          [
            -79.1972391,
            43.7902427
          ],
          [
            -79.1972027,
            43.7902335
          ],
          [
            -79.1969083,
            43.7901438
          ],
          [
            -79.1964204,
            43.7900049
          ],
          [
            -79.196333,
            43.78998
          ],
          [
            -79.1958641,
            43.7898427
          ],
          [
            -79.1957381,
            43.7898058
          ],
          [
            -79.1953088,
            43.7896717
          ],
          [
            -79.1950012,
            43.7895766
          ],
          [
            -79.1949442,
            43.7895589
          ],
          [
            -79.1946685,
            43.7894764
          ],
          [
            -79.1946303,
            43.7894822
          ]
        ]
      }
    },
    {
      "type": "Feature",
      "id": "osm-way-1489267187",
      "properties": {
        "osmWayId": 1489267187,
        "highway": "footway",
        "surface": null,
        "wheelchair": null,
        "foot": null,
        "verificationStatus": "inferred",
        "source": "OpenStreetMap"
      },
      "geometry": {
        "type": "LineString",
        "coordinates": [
          [
            -79.1980113,
            43.790437
          ],
          [
            -79.1977745,
            43.7909311
          ],
          [
            -79.1977338,
            43.7910161
          ],
          [
            -79.1976313,
            43.7912188
          ],
          [
            -79.1975214,
            43.7914371
          ],
          [
            -79.1974825,
            43.7915903
          ],
          [
            -79.1975063,
            43.7916838
          ]
        ]
      }
    },
    {
      "type": "Feature",
      "id": "osm-way-1489267188",
      "properties": {
        "osmWayId": 1489267188,
        "highway": "footway",
        "surface": null,
        "wheelchair": null,
        "foot": null,
        "verificationStatus": "inferred",
        "source": "OpenStreetMap"
      },
      "geometry": {
        "type": "LineString",
        "coordinates": [
          [
            -79.1975063,
            43.7916838
          ],
          [
            -79.1973917,
            43.7917085
          ],
          [
            -79.1973065,
            43.7917286
          ]
        ]
      }
    },
    {
      "type": "Feature",
      "id": "osm-way-1489267189",
      "properties": {
        "osmWayId": 1489267189,
        "highway": "footway",
        "surface": null,
        "wheelchair": null,
        "foot": null,
        "verificationStatus": "inferred",
        "source": "OpenStreetMap"
      },
      "geometry": {
        "type": "LineString",
        "coordinates": [
          [
            -79.1972391,
            43.7902427
          ],
          [
            -79.1971352,
            43.7904467
          ]
        ]
      }
    },
    {
      "type": "Feature",
      "id": "osm-way-1489271203",
      "properties": {
        "osmWayId": 1489271203,
        "highway": "footway",
        "surface": null,
        "wheelchair": null,
        "foot": null,
        "verificationStatus": "inferred",
        "source": "OpenStreetMap"
      },
      "geometry": {
        "type": "LineString",
        "coordinates": [
          [
            -79.1977745,
            43.7909311
          ],
          [
            -79.1976678,
            43.7909007
          ],
          [
            -79.1976104,
            43.7908843
          ]
        ]
      }
    },
    {
      "type": "Feature",
      "id": "osm-way-1489271204",
      "properties": {
        "osmWayId": 1489271204,
        "highway": "footway",
        "surface": null,
        "wheelchair": null,
        "foot": null,
        "verificationStatus": "inferred",
        "source": "OpenStreetMap"
      },
      "geometry": {
        "type": "LineString",
        "coordinates": [
          [
            -79.1976104,
            43.7908843
          ],
          [
            -79.1974297,
            43.7908492
          ],
          [
            -79.19731,
            43.7908591
          ],
          [
            -79.1971407,
            43.7909036
          ],
          [
            -79.1965907,
            43.7910185
          ],
          [
            -79.1960454,
            43.7911491
          ]
        ]
      }
    },
    {
      "type": "Feature",
      "id": "osm-way-1489271205",
      "properties": {
        "osmWayId": 1489271205,
        "highway": "footway",
        "surface": null,
        "wheelchair": null,
        "foot": null,
        "verificationStatus": "inferred",
        "source": "OpenStreetMap"
      },
      "geometry": {
        "type": "LineString",
        "coordinates": [
          [
            -79.1960454,
            43.7911491
          ],
          [
            -79.1959687,
            43.7911655
          ],
          [
            -79.1958813,
            43.7911841
          ]
        ]
      }
    },
    {
      "type": "Feature",
      "id": "osm-way-1489271206",
      "properties": {
        "osmWayId": 1489271206,
        "highway": "footway",
        "surface": null,
        "wheelchair": null,
        "foot": null,
        "verificationStatus": "inferred",
        "source": "OpenStreetMap"
      },
      "geometry": {
        "type": "LineString",
        "coordinates": [
          [
            -79.1956443,
            43.7919515
          ],
          [
            -79.196158,
            43.7918334
          ]
        ]
      }
    },
    {
      "type": "Feature",
      "id": "osm-way-1489271207",
      "properties": {
        "osmWayId": 1489271207,
        "highway": "footway",
        "surface": null,
        "wheelchair": null,
        "foot": null,
        "verificationStatus": "inferred",
        "source": "OpenStreetMap"
      },
      "geometry": {
        "type": "LineString",
        "coordinates": [
          [
            -79.196158,
            43.7918334
          ],
          [
            -79.1961855,
            43.7918993
          ],
          [
            -79.1962141,
            43.7919765
          ]
        ]
      }
    },
    {
      "type": "Feature",
      "id": "osm-way-1489271208",
      "properties": {
        "osmWayId": 1489271208,
        "highway": "footway",
        "surface": null,
        "wheelchair": null,
        "foot": null,
        "verificationStatus": "inferred",
        "source": "OpenStreetMap"
      },
      "geometry": {
        "type": "LineString",
        "coordinates": [
          [
            -79.196158,
            43.7918334
          ],
          [
            -79.1962476,
            43.7918115
          ],
          [
            -79.1963256,
            43.7917924
          ]
        ]
      }
    },
    {
      "type": "Feature",
      "id": "osm-way-1489271209",
      "properties": {
        "osmWayId": 1489271209,
        "highway": "footway",
        "surface": null,
        "wheelchair": null,
        "foot": null,
        "verificationStatus": "inferred",
        "source": "OpenStreetMap"
      },
      "geometry": {
        "type": "LineString",
        "coordinates": [
          [
            -79.196158,
            43.7918334
          ],
          [
            -79.1959894,
            43.7914437
          ],
          [
            -79.1958813,
            43.7911841
          ],
          [
            -79.1957872,
            43.7909827
          ],
          [
            -79.1957153,
            43.7908038
          ],
          [
            -79.1958161,
            43.790778
          ]
        ]
      }
    },
    {
      "type": "Feature",
      "id": "osm-way-1489271210",
      "properties": {
        "osmWayId": 1489271210,
        "highway": "footway",
        "surface": null,
        "wheelchair": null,
        "foot": null,
        "verificationStatus": "inferred",
        "source": "OpenStreetMap"
      },
      "geometry": {
        "type": "LineString",
        "coordinates": [
          [
            -79.1963256,
            43.7917924
          ],
          [
            -79.1972614,
            43.7915819
          ]
        ]
      }
    },
    {
      "type": "Feature",
      "id": "osm-way-1489271211",
      "properties": {
        "osmWayId": 1489271211,
        "highway": "footway",
        "surface": null,
        "wheelchair": null,
        "foot": null,
        "verificationStatus": "inferred",
        "source": "OpenStreetMap"
      },
      "geometry": {
        "type": "LineString",
        "coordinates": [
          [
            -79.1972614,
            43.7915819
          ],
          [
            -79.197285,
            43.7916586
          ],
          [
            -79.1973065,
            43.7917286
          ]
        ]
      }
    },
    {
      "type": "Feature",
      "id": "osm-way-1489271212",
      "properties": {
        "osmWayId": 1489271212,
        "highway": "footway",
        "surface": null,
        "wheelchair": null,
        "foot": null,
        "verificationStatus": "inferred",
        "source": "OpenStreetMap"
      },
      "geometry": {
        "type": "LineString",
        "coordinates": [
          [
            -79.1973065,
            43.7917286
          ],
          [
            -79.1963853,
            43.791937
          ]
        ]
      }
    },
    {
      "type": "Feature",
      "id": "osm-way-1489271213",
      "properties": {
        "osmWayId": 1489271213,
        "highway": "footway",
        "surface": null,
        "wheelchair": null,
        "foot": null,
        "verificationStatus": "inferred",
        "source": "OpenStreetMap"
      },
      "geometry": {
        "type": "LineString",
        "coordinates": [
          [
            -79.1963853,
            43.791937
          ],
          [
            -79.1963048,
            43.7919556
          ],
          [
            -79.1962141,
            43.7919765
          ]
        ]
      }
    },
    {
      "type": "Feature",
      "id": "osm-way-1489271214",
      "properties": {
        "osmWayId": 1489271214,
        "highway": "footway",
        "surface": null,
        "wheelchair": null,
        "foot": null,
        "verificationStatus": "inferred",
        "source": "OpenStreetMap"
      },
      "geometry": {
        "type": "LineString",
        "coordinates": [
          [
            -79.1962141,
            43.7919765
          ],
          [
            -79.1957094,
            43.7920914
          ]
        ]
      }
    },
    {
      "type": "Feature",
      "id": "osm-way-1489271215",
      "properties": {
        "osmWayId": 1489271215,
        "highway": "footway",
        "surface": null,
        "wheelchair": null,
        "foot": null,
        "verificationStatus": "inferred",
        "source": "OpenStreetMap"
      },
      "geometry": {
        "type": "LineString",
        "coordinates": [
          [
            -79.1962141,
            43.7919765
          ],
          [
            -79.1964457,
            43.7925239
          ],
          [
            -79.1965825,
            43.7928408
          ]
        ]
      }
    },
    {
      "type": "Feature",
      "id": "osm-way-1489271216",
      "properties": {
        "osmWayId": 1489271216,
        "highway": "footway",
        "surface": null,
        "wheelchair": null,
        "foot": null,
        "verificationStatus": "inferred",
        "source": "OpenStreetMap"
      },
      "geometry": {
        "type": "LineString",
        "coordinates": [
          [
            -79.1967637,
            43.7928063
          ],
          [
            -79.1966936,
            43.7928197
          ],
          [
            -79.1965825,
            43.7928408
          ]
        ]
      }
    },
    {
      "type": "Feature",
      "id": "osm-way-1489271217",
      "properties": {
        "osmWayId": 1489271217,
        "highway": "footway",
        "surface": null,
        "wheelchair": null,
        "foot": null,
        "verificationStatus": "inferred",
        "source": "OpenStreetMap"
      },
      "geometry": {
        "type": "LineString",
        "coordinates": [
          [
            -79.1967637,
            43.7928063
          ],
          [
            -79.1973475,
            43.7926723
          ],
          [
            -79.197463,
            43.7925927
          ],
          [
            -79.1976205,
            43.7924917
          ],
          [
            -79.1976096,
            43.7924392
          ],
          [
            -79.1974831,
            43.79215
          ],
          [
            -79.1973065,
            43.7917286
          ]
        ]
      }
    },
    {
      "type": "Feature",
      "id": "osm-way-1489273295",
      "properties": {
        "osmWayId": 1489273295,
        "highway": "footway",
        "surface": null,
        "wheelchair": null,
        "foot": null,
        "verificationStatus": "inferred",
        "source": "OpenStreetMap"
      },
      "geometry": {
        "type": "LineString",
        "coordinates": [
          [
            -79.1940348,
            43.7881001
          ],
          [
            -79.1942829,
            43.7880438
          ],
          [
            -79.1944825,
            43.7879986
          ],
          [
            -79.1948083,
            43.7879199
          ],
          [
            -79.195415,
            43.7877787
          ],
          [
            -79.1955235,
            43.7877534
          ]
        ]
      }
    },
    {
      "type": "Feature",
      "id": "osm-way-1489273296",
      "properties": {
        "osmWayId": 1489273296,
        "highway": "footway",
        "surface": null,
        "wheelchair": null,
        "foot": null,
        "verificationStatus": "inferred",
        "source": "OpenStreetMap"
      },
      "geometry": {
        "type": "LineString",
        "coordinates": [
          [
            -79.1955235,
            43.7877534
          ],
          [
            -79.1955498,
            43.7877315
          ],
          [
            -79.1956198,
            43.7876728
          ]
        ]
      }
    },
    {
      "type": "Feature",
      "id": "osm-way-1489273297",
      "properties": {
        "osmWayId": 1489273297,
        "highway": "footway",
        "surface": null,
        "wheelchair": null,
        "foot": null,
        "verificationStatus": "inferred",
        "source": "OpenStreetMap"
      },
      "geometry": {
        "type": "LineString",
        "coordinates": [
          [
            -79.1956198,
            43.7876728
          ],
          [
            -79.1956129,
            43.7876294
          ],
          [
            -79.1955224,
            43.787431
          ],
          [
            -79.195502,
            43.7873843
          ],
          [
            -79.1954683,
            43.7873069
          ],
          [
            -79.1955096,
            43.78726
          ],
          [
            -79.1956483,
            43.7871418
          ],
          [
            -79.1958254,
            43.7869997
          ],
          [
            -79.1960654,
            43.786807
          ]
        ]
      }
    },
    {
      "type": "Feature",
      "id": "osm-way-1489273298",
      "properties": {
        "osmWayId": 1489273298,
        "highway": "footway",
        "surface": null,
        "wheelchair": null,
        "foot": null,
        "verificationStatus": "inferred",
        "source": "OpenStreetMap"
      },
      "geometry": {
        "type": "LineString",
        "coordinates": [
          [
            -79.1959988,
            43.7867119
          ],
          [
            -79.1960445,
            43.7867772
          ],
          [
            -79.1960654,
            43.786807
          ]
        ]
      }
    },
    {
      "type": "Feature",
      "id": "osm-way-1489273299",
      "properties": {
        "osmWayId": 1489273299,
        "highway": "footway",
        "surface": null,
        "wheelchair": null,
        "foot": null,
        "verificationStatus": "inferred",
        "source": "OpenStreetMap"
      },
      "geometry": {
        "type": "LineString",
        "coordinates": [
          [
            -79.1956198,
            43.7876728
          ],
          [
            -79.1956528,
            43.7876875
          ],
          [
            -79.1958108,
            43.7876658
          ],
          [
            -79.1958289,
            43.7876746
          ],
          [
            -79.1958826,
            43.7877008
          ],
          [
            -79.1959151,
            43.7877701
          ],
          [
            -79.1959152,
            43.7878386
          ],
          [
            -79.1960471,
            43.7881159
          ],
          [
            -79.1963731,
            43.7880349
          ]
        ]
      }
    },
    {
      "type": "Feature",
      "id": "osm-way-1489273300",
      "properties": {
        "osmWayId": 1489273300,
        "highway": "footway",
        "surface": null,
        "wheelchair": null,
        "foot": null,
        "verificationStatus": "inferred",
        "source": "OpenStreetMap"
      },
      "geometry": {
        "type": "LineString",
        "coordinates": [
          [
            -79.1961878,
            43.7876266
          ],
          [
            -79.1963731,
            43.7880349
          ],
          [
            -79.1964109,
            43.7881244
          ]
        ]
      }
    },
    {
      "type": "Feature",
      "id": "osm-way-1489273301",
      "properties": {
        "osmWayId": 1489273301,
        "highway": "footway",
        "surface": null,
        "wheelchair": null,
        "foot": null,
        "verificationStatus": "inferred",
        "source": "OpenStreetMap"
      },
      "geometry": {
        "type": "LineString",
        "coordinates": [
          [
            -79.1955224,
            43.787431
          ],
          [
            -79.1955673,
            43.7873983
          ],
          [
            -79.195624,
            43.7873895
          ],
          [
            -79.195659,
            43.7874698
          ],
          [
            -79.1957446,
            43.7874485
          ]
        ]
      }
    },
    {
      "type": "Feature",
      "id": "osm-way-1489273302",
      "properties": {
        "osmWayId": 1489273302,
        "highway": "footway",
        "surface": null,
        "wheelchair": null,
        "foot": null,
        "verificationStatus": "inferred",
        "source": "OpenStreetMap"
      },
      "geometry": {
        "type": "LineString",
        "coordinates": [
          [
            -79.1957735,
            43.7873911
          ],
          [
            -79.1957179,
            43.7874044
          ],
          [
            -79.1957446,
            43.7874485
          ],
          [
            -79.1958245,
            43.7876223
          ],
          [
            -79.1958335,
            43.7876536
          ],
          [
            -79.1958289,
            43.7876746
          ]
        ]
      }
    },
    {
      "type": "Feature",
      "id": "osm-way-1489273303",
      "properties": {
        "osmWayId": 1489273303,
        "highway": "footway",
        "surface": null,
        "wheelchair": null,
        "foot": null,
        "verificationStatus": "inferred",
        "source": "OpenStreetMap"
      },
      "geometry": {
        "type": "LineString",
        "coordinates": [
          [
            -79.1958254,
            43.7869997
          ],
          [
            -79.1958995,
            43.7870496
          ],
          [
            -79.1960268,
            43.7873104
          ]
        ]
      }
    },
    {
      "type": "Feature",
      "id": "osm-way-1489273304",
      "properties": {
        "osmWayId": 1489273304,
        "highway": "footway",
        "surface": null,
        "wheelchair": null,
        "foot": null,
        "verificationStatus": "inferred",
        "source": "OpenStreetMap"
      },
      "geometry": {
        "type": "LineString",
        "coordinates": [
          [
            -79.1963372,
            43.7868365
          ],
          [
            -79.1963472,
            43.7868414
          ],
          [
            -79.1964616,
            43.7868983
          ],
          [
            -79.196676,
            43.7874788
          ],
          [
            -79.1966744,
            43.7875908
          ],
          [
            -79.1967776,
            43.78781
          ],
          [
            -79.1968069,
            43.7878089
          ]
        ]
      }
    },
    {
      "type": "Feature",
      "id": "osm-way-1489273305",
      "properties": {
        "osmWayId": 1489273305,
        "highway": "footway",
        "surface": null,
        "wheelchair": null,
        "foot": null,
        "verificationStatus": "inferred",
        "source": "OpenStreetMap"
      },
      "geometry": {
        "type": "LineString",
        "coordinates": [
          [
            -79.196475,
            43.7867293
          ],
          [
            -79.1966379,
            43.7867992
          ],
          [
            -79.1967905,
            43.7867684
          ],
          [
            -79.1969004,
            43.786744
          ],
          [
            -79.1970163,
            43.7866634
          ],
          [
            -79.1971634,
            43.78663
          ],
          [
            -79.1972089,
            43.7865933
          ],
          [
            -79.1974382,
            43.7865464
          ],
          [
            -79.1975479,
            43.7868038
          ]
        ]
      }
    },
    {
      "type": "Feature",
      "id": "osm-way-1489273306",
      "properties": {
        "osmWayId": 1489273306,
        "highway": "footway",
        "surface": null,
        "wheelchair": null,
        "foot": null,
        "verificationStatus": "inferred",
        "source": "OpenStreetMap"
      },
      "geometry": {
        "type": "LineString",
        "coordinates": [
          [
            -79.1974382,
            43.7865464
          ],
          [
            -79.1974741,
            43.7864628
          ],
          [
            -79.1976858,
            43.7864135
          ]
        ]
      }
    },
    {
      "type": "Feature",
      "id": "osm-way-1489273307",
      "properties": {
        "osmWayId": 1489273307,
        "highway": "footway",
        "surface": null,
        "wheelchair": null,
        "foot": null,
        "verificationStatus": "inferred",
        "source": "OpenStreetMap"
      },
      "geometry": {
        "type": "LineString",
        "coordinates": [
          [
            -79.1960654,
            43.786807
          ],
          [
            -79.1961781,
            43.7868377
          ],
          [
            -79.1962904,
            43.786845
          ],
          [
            -79.1963472,
            43.7868414
          ],
          [
            -79.196417,
            43.786786
          ],
          [
            -79.1964259,
            43.786779
          ],
          [
            -79.196475,
            43.7867293
          ],
          [
            -79.1964982,
            43.7866516
          ],
          [
            -79.1964729,
            43.7865682
          ],
          [
            -79.1963872,
            43.7865006
          ],
          [
            -79.1963088,
            43.7864272
          ],
          [
            -79.1962618,
            43.7863424
          ],
          [
            -79.1960867,
            43.785941
          ],
          [
            -79.1960808,
            43.785918
          ],
          [
            -79.1960739,
            43.785891
          ],
          [
            -79.1960397,
            43.7858137
          ],
          [
            -79.1958978,
            43.7854893
          ],
          [
            -79.1958804,
            43.7854531
          ],
          [
            -79.1958549,
            43.7854002
          ],
          [
            -79.1958017,
            43.7852898
          ],
          [
            -79.1957907,
            43.7852669
          ],
          [
            -79.1956581,
            43.784964
          ],
          [
            -79.1956427,
            43.7849444
          ]
        ]
      }
    },
    {
      "type": "Feature",
      "id": "osm-way-1489273308",
      "properties": {
        "osmWayId": 1489273308,
        "highway": "footway",
        "surface": null,
        "wheelchair": null,
        "foot": null,
        "verificationStatus": "inferred",
        "source": "OpenStreetMap"
      },
      "geometry": {
        "type": "LineString",
        "coordinates": [
          [
            -79.1960808,
            43.785918
          ],
          [
            -79.1962042,
            43.7859398
          ],
          [
            -79.1963541,
            43.7860046
          ],
          [
            -79.1964673,
            43.7860283
          ],
          [
            -79.1965353,
            43.7860447
          ],
          [
            -79.1966155,
            43.786064
          ],
          [
            -79.1969178,
            43.7861468
          ],
          [
            -79.1970189,
            43.7861485
          ],
          [
            -79.1972599,
            43.7860808
          ],
          [
            -79.1973723,
            43.7860424
          ],
          [
            -79.1974312,
            43.7859642
          ],
          [
            -79.19743,
            43.785897
          ],
          [
            -79.1972067,
            43.7856096
          ],
          [
            -79.1972592,
            43.7855835
          ],
          [
            -79.197048,
            43.7853683
          ],
          [
            -79.1968963,
            43.7853168
          ],
          [
            -79.1966441,
            43.7852612
          ],
          [
            -79.1964917,
            43.7852574
          ],
          [
            -79.1961082,
            43.7853439
          ],
          [
            -79.1958549,
            43.7854002
          ]
        ]
      }
    },
    {
      "type": "Feature",
      "id": "osm-way-1489273309",
      "properties": {
        "osmWayId": 1489273309,
        "highway": "footway",
        "surface": null,
        "wheelchair": null,
        "foot": null,
        "verificationStatus": "inferred",
        "source": "OpenStreetMap"
      },
      "geometry": {
        "type": "LineString",
        "coordinates": [
          [
            -79.1974665,
            43.7855635
          ],
          [
            -79.1973364,
            43.7854296
          ],
          [
            -79.1972068,
            43.7853098
          ],
          [
            -79.197011,
            43.78527
          ],
          [
            -79.1968995,
            43.7852364
          ],
          [
            -79.196707,
            43.7852112
          ],
          [
            -79.1965417,
            43.7851896
          ],
          [
            -79.1964045,
            43.7852087
          ],
          [
            -79.1962262,
            43.7852452
          ],
          [
            -79.1960144,
            43.7852589
          ],
          [
            -79.1958017,
            43.7852898
          ]
        ]
      }
    },
    {
      "type": "Feature",
      "id": "osm-way-1489275413",
      "properties": {
        "osmWayId": 1489275413,
        "highway": "footway",
        "surface": null,
        "wheelchair": null,
        "foot": null,
        "verificationStatus": "inferred",
        "source": "OpenStreetMap"
      },
      "geometry": {
        "type": "LineString",
        "coordinates": [
          [
            -79.2047076,
            43.7864236
          ],
          [
            -79.2048161,
            43.78664
          ],
          [
            -79.2048182,
            43.7866472
          ],
          [
            -79.2048349,
            43.7867049
          ],
          [
            -79.2048555,
            43.7868425
          ],
          [
            -79.2048838,
            43.7868634
          ],
          [
            -79.2048905,
            43.7869331
          ],
          [
            -79.2048719,
            43.7869603
          ],
          [
            -79.2049634,
            43.787193
          ]
        ]
      }
    },
    {
      "type": "Feature",
      "id": "osm-way-1489275414",
      "properties": {
        "osmWayId": 1489275414,
        "highway": "footway",
        "surface": null,
        "wheelchair": null,
        "foot": null,
        "verificationStatus": "inferred",
        "source": "OpenStreetMap"
      },
      "geometry": {
        "type": "LineString",
        "coordinates": [
          [
            -79.2043408,
            43.7876394
          ],
          [
            -79.204334,
            43.7876778
          ],
          [
            -79.2042197,
            43.7878118
          ]
        ]
      }
    },
    {
      "type": "Feature",
      "id": "osm-way-1489275417",
      "properties": {
        "osmWayId": 1489275417,
        "highway": "footway",
        "surface": null,
        "wheelchair": null,
        "foot": null,
        "verificationStatus": "inferred",
        "source": "OpenStreetMap"
      },
      "geometry": {
        "type": "LineString",
        "coordinates": [
          [
            -79.2043948,
            43.7872222
          ],
          [
            -79.2042142,
            43.7871544
          ],
          [
            -79.2041544,
            43.7870203
          ],
          [
            -79.2041363,
            43.7869523
          ],
          [
            -79.2041184,
            43.7868849
          ],
          [
            -79.204105,
            43.7868463
          ],
          [
            -79.2041569,
            43.7868141
          ],
          [
            -79.2041783,
            43.786797
          ],
          [
            -79.2042708,
            43.7867743
          ],
          [
            -79.2043077,
            43.7867531
          ]
        ]
      }
    },
    {
      "type": "Feature",
      "id": "osm-way-1489275418",
      "properties": {
        "osmWayId": 1489275418,
        "highway": "footway",
        "surface": null,
        "wheelchair": null,
        "foot": null,
        "verificationStatus": "inferred",
        "source": "OpenStreetMap"
      },
      "geometry": {
        "type": "LineString",
        "coordinates": [
          [
            -79.2042142,
            43.7871544
          ],
          [
            -79.2040291,
            43.7872121
          ]
        ]
      }
    },
    {
      "type": "Feature",
      "id": "osm-way-1489275419",
      "properties": {
        "osmWayId": 1489275419,
        "highway": "footway",
        "surface": null,
        "wheelchair": null,
        "foot": null,
        "verificationStatus": "inferred",
        "source": "OpenStreetMap"
      },
      "geometry": {
        "type": "LineString",
        "coordinates": [
          [
            -79.2041363,
            43.7869523
          ],
          [
            -79.2038848,
            43.7870149
          ]
        ]
      }
    },
    {
      "type": "Feature",
      "id": "osm-way-1489275420",
      "properties": {
        "osmWayId": 1489275420,
        "highway": "footway",
        "surface": null,
        "wheelchair": null,
        "foot": null,
        "verificationStatus": "inferred",
        "source": "OpenStreetMap"
      },
      "geometry": {
        "type": "LineString",
        "coordinates": [
          [
            -79.2048182,
            43.7866472
          ],
          [
            -79.2045943,
            43.786695
          ]
        ]
      }
    },
    {
      "type": "Feature",
      "id": "osm-way-1489275421",
      "properties": {
        "osmWayId": 1489275421,
        "highway": "footway",
        "surface": null,
        "wheelchair": null,
        "foot": null,
        "verificationStatus": "inferred",
        "source": "OpenStreetMap"
      },
      "geometry": {
        "type": "LineString",
        "coordinates": [
          [
            -79.204286,
            43.7863102
          ],
          [
            -79.2044275,
            43.786281
          ],
          [
            -79.2044701,
            43.7862722
          ],
          [
            -79.2046214,
            43.7863165
          ]
        ]
      }
    },
    {
      "type": "Feature",
      "id": "osm-way-1489275424",
      "properties": {
        "osmWayId": 1489275424,
        "highway": "footway",
        "surface": null,
        "wheelchair": null,
        "foot": null,
        "verificationStatus": "inferred",
        "source": "OpenStreetMap"
      },
      "geometry": {
        "type": "LineString",
        "coordinates": [
          [
            -79.2052484,
            43.7857325
          ],
          [
            -79.2051451,
            43.7857748
          ],
          [
            -79.2049984,
            43.7857982
          ],
          [
            -79.2049548,
            43.7857915
          ],
          [
            -79.2048343,
            43.7857348
          ],
          [
            -79.2048249,
            43.7857304
          ],
          [
            -79.204703,
            43.7856684
          ],
          [
            -79.2046004,
            43.7856851
          ],
          [
            -79.2045841,
            43.7857027
          ],
          [
            -79.2045473,
            43.7857425
          ],
          [
            -79.2045612,
            43.7858052
          ],
          [
            -79.2046596,
            43.7858653
          ],
          [
            -79.2048041,
            43.7859029
          ],
          [
            -79.2049284,
            43.7858932
          ],
          [
            -79.204967,
            43.7858902
          ],
          [
            -79.2050671,
            43.7858832
          ]
        ]
      }
    },
    {
      "type": "Feature",
      "id": "osm-way-1489275425",
      "properties": {
        "osmWayId": 1489275425,
        "highway": "footway",
        "surface": null,
        "wheelchair": null,
        "foot": null,
        "verificationStatus": "inferred",
        "source": "OpenStreetMap"
      },
      "geometry": {
        "type": "LineString",
        "coordinates": [
          [
            -79.2049284,
            43.7858932
          ],
          [
            -79.2049718,
            43.7860363
          ],
          [
            -79.2049524,
            43.7861184
          ],
          [
            -79.204913,
            43.7861759
          ]
        ]
      }
    },
    {
      "type": "Feature",
      "id": "osm-way-1489275426",
      "properties": {
        "osmWayId": 1489275426,
        "highway": "footway",
        "surface": null,
        "wheelchair": null,
        "foot": null,
        "verificationStatus": "inferred",
        "source": "OpenStreetMap"
      },
      "geometry": {
        "type": "LineString",
        "coordinates": [
          [
            -79.205048,
            43.7862247
          ],
          [
            -79.2050265,
            43.7861448
          ],
          [
            -79.204913,
            43.7861759
          ],
          [
            -79.2047565,
            43.7862062
          ],
          [
            -79.2047027,
            43.7862166
          ],
          [
            -79.2047366,
            43.7862917
          ]
        ]
      }
    },
    {
      "type": "Feature",
      "id": "osm-way-1489275430",
      "properties": {
        "osmWayId": 1489275430,
        "highway": "footway",
        "surface": null,
        "wheelchair": null,
        "foot": null,
        "verificationStatus": "inferred",
        "source": "OpenStreetMap"
      },
      "geometry": {
        "type": "LineString",
        "coordinates": [
          [
            -79.2045841,
            43.7857027
          ],
          [
            -79.2045873,
            43.7853984
          ],
          [
            -79.2045912,
            43.7853671
          ]
        ]
      }
    },
    {
      "type": "Feature",
      "id": "osm-way-1489275431",
      "properties": {
        "osmWayId": 1489275431,
        "highway": "footway",
        "surface": null,
        "wheelchair": null,
        "foot": null,
        "verificationStatus": "inferred",
        "source": "OpenStreetMap"
      },
      "geometry": {
        "type": "LineString",
        "coordinates": [
          [
            -79.2048343,
            43.7857348
          ],
          [
            -79.204666,
            43.7853501
          ],
          [
            -79.2046149,
            43.7852595
          ],
          [
            -79.2043996,
            43.7847737
          ],
          [
            -79.2044482,
            43.7847302
          ],
          [
            -79.2044038,
            43.7846357
          ]
        ]
      }
    },
    {
      "type": "Feature",
      "id": "osm-way-1489497982",
      "properties": {
        "osmWayId": 1489497982,
        "highway": "footway",
        "surface": null,
        "wheelchair": null,
        "foot": null,
        "verificationStatus": "inferred",
        "source": "OpenStreetMap"
      },
      "geometry": {
        "type": "LineString",
        "coordinates": [
          [
            -79.204908,
            43.7972617
          ],
          [
            -79.2045808,
            43.796981
          ],
          [
            -79.2045794,
            43.7969026
          ],
          [
            -79.2046143,
            43.7966596
          ],
          [
            -79.2045533,
            43.7966344
          ],
          [
            -79.2045533,
            43.7966233
          ],
          [
            -79.2044892,
            43.7966226
          ],
          [
            -79.2044299,
            43.7966083
          ],
          [
            -79.2044069,
            43.7965533
          ],
          [
            -79.2043756,
            43.7964931
          ],
          [
            -79.2044205,
            43.7964829
          ],
          [
            -79.2044339,
            43.7964568
          ],
          [
            -79.2044138,
            43.7963924
          ],
          [
            -79.2043924,
            43.7963411
          ],
          [
            -79.2044333,
            43.796328
          ]
        ]
      }
    },
    {
      "type": "Feature",
      "id": "osm-way-1489497986",
      "properties": {
        "osmWayId": 1489497986,
        "highway": "footway",
        "surface": null,
        "wheelchair": null,
        "foot": null,
        "verificationStatus": "inferred",
        "source": "OpenStreetMap"
      },
      "geometry": {
        "type": "LineString",
        "coordinates": [
          [
            -79.204908,
            43.7972617
          ],
          [
            -79.2051038,
            43.7971639
          ],
          [
            -79.2053774,
            43.7970497
          ],
          [
            -79.2057234,
            43.796951
          ],
          [
            -79.2063595,
            43.7968134
          ],
          [
            -79.2074266,
            43.7965851
          ],
          [
            -79.2078377,
            43.7964957
          ],
          [
            -79.2088254,
            43.7962811
          ],
          [
            -79.2089429,
            43.7962561
          ],
          [
            -79.2101745,
            43.7959936
          ],
          [
            -79.2105403,
            43.7959249
          ],
          [
            -79.2108478,
            43.7958997
          ],
          [
            -79.2110454,
            43.7958939
          ],
          [
            -79.2110784,
            43.7958929
          ],
          [
            -79.2113842,
            43.7959007
          ],
          [
            -79.2117772,
            43.7959394
          ],
          [
            -79.2124303,
            43.7960168
          ],
          [
            -79.2129292,
            43.7960788
          ],
          [
            -79.2132296,
            43.7960827
          ],
          [
            -79.2134964,
            43.7960662
          ],
          [
            -79.2136909,
            43.7960333
          ],
          [
            -79.214326,
            43.7958861
          ],
          [
            -79.2148939,
            43.7957613
          ],
          [
            -79.2159989,
            43.7955183
          ],
          [
            -79.2162055,
            43.7954834
          ],
          [
            -79.2163463,
            43.795467
          ],
          [
            -79.2167406,
            43.7953837
          ],
          [
            -79.2169672,
            43.7953005
          ],
          [
            -79.217809,
            43.7951106
          ],
          [
            -79.2194188,
            43.7947497
          ]
        ]
      }
    },
    {
      "type": "Feature",
      "id": "osm-way-1489497987",
      "properties": {
        "osmWayId": 1489497987,
        "highway": "footway",
        "surface": null,
        "wheelchair": null,
        "foot": null,
        "verificationStatus": "inferred",
        "source": "OpenStreetMap"
      },
      "geometry": {
        "type": "LineString",
        "coordinates": [
          [
            -79.2046586,
            43.7974127
          ],
          [
            -79.2047462,
            43.7973597
          ],
          [
            -79.204908,
            43.7972617
          ]
        ]
      }
    },
    {
      "type": "Feature",
      "id": "osm-way-1489500447",
      "properties": {
        "osmWayId": 1489500447,
        "highway": "footway",
        "surface": null,
        "wheelchair": null,
        "foot": null,
        "verificationStatus": "inferred",
        "source": "OpenStreetMap"
      },
      "geometry": {
        "type": "LineString",
        "coordinates": [
          [
            -79.1923041,
            43.7905089
          ],
          [
            -79.1923794,
            43.7906811
          ],
          [
            -79.1924599,
            43.7908377
          ],
          [
            -79.1926302,
            43.7910449
          ],
          [
            -79.1928859,
            43.7912528
          ],
          [
            -79.1931559,
            43.7914834
          ],
          [
            -79.1932762,
            43.7915764
          ],
          [
            -79.1934201,
            43.7916877
          ],
          [
            -79.1936389,
            43.7918645
          ],
          [
            -79.1938667,
            43.792043
          ],
          [
            -79.1940786,
            43.792132
          ],
          [
            -79.1942503,
            43.7921785
          ],
          [
            -79.1944931,
            43.7922002
          ],
          [
            -79.194725,
            43.7921741
          ],
          [
            -79.1951931,
            43.7920672
          ],
          [
            -79.1953003,
            43.7919923
          ]
        ]
      }
    },
    {
      "type": "Feature",
      "id": "osm-way-1491242274",
      "properties": {
        "osmWayId": 1491242274,
        "highway": "footway",
        "surface": null,
        "wheelchair": null,
        "foot": null,
        "verificationStatus": "inferred",
        "source": "OpenStreetMap"
      },
      "geometry": {
        "type": "LineString",
        "coordinates": [
          [
            -79.2053189,
            43.7719674
          ],
          [
            -79.2051967,
            43.7720713
          ],
          [
            -79.204737,
            43.7723418
          ],
          [
            -79.2045509,
            43.7724264
          ],
          [
            -79.2044843,
            43.7724246
          ],
          [
            -79.2043759,
            43.7723383
          ],
          [
            -79.2039938,
            43.7719592
          ],
          [
            -79.2038484,
            43.7718328
          ],
          [
            -79.2037202,
            43.7717545
          ],
          [
            -79.2035674,
            43.7716931
          ],
          [
            -79.2033714,
            43.7716352
          ],
          [
            -79.2031804,
            43.7716156
          ],
          [
            -79.2029228,
            43.771621
          ],
          [
            -79.2026677,
            43.7716788
          ],
          [
            -79.2023412,
            43.7717644
          ]
        ]
      }
    },
    {
      "type": "Feature",
      "id": "osm-way-1491242275",
      "properties": {
        "osmWayId": 1491242275,
        "highway": "footway",
        "surface": null,
        "wheelchair": null,
        "foot": null,
        "verificationStatus": "inferred",
        "source": "OpenStreetMap"
      },
      "geometry": {
        "type": "LineString",
        "coordinates": [
          [
            -79.2055425,
            43.7720461
          ],
          [
            -79.2052566,
            43.7722539
          ],
          [
            -79.2048942,
            43.7724604
          ],
          [
            -79.2047201,
            43.7725493
          ],
          [
            -79.2046182,
            43.7726106
          ],
          [
            -79.2045233,
            43.772629
          ],
          [
            -79.2044171,
            43.7726147
          ],
          [
            -79.204335,
            43.7725851
          ],
          [
            -79.2042869,
            43.7725565
          ],
          [
            -79.2042119,
            43.7724491
          ],
          [
            -79.2041113,
            43.7723469
          ],
          [
            -79.2039131,
            43.7721557
          ],
          [
            -79.2037206,
            43.7719707
          ],
          [
            -79.2035989,
            43.7718951
          ],
          [
            -79.20348,
            43.7718388
          ],
          [
            -79.2033271,
            43.7717908
          ],
          [
            -79.203126,
            43.7717765
          ],
          [
            -79.2029675,
            43.7717888
          ],
          [
            -79.202765,
            43.7718286
          ],
          [
            -79.2023184,
            43.7719413
          ],
          [
            -79.2022058,
            43.7719697
          ],
          [
            -79.2019723,
            43.7720351
          ],
          [
            -79.2017755,
            43.7720689
          ],
          [
            -79.2015334,
            43.7720566
          ],
          [
            -79.2013663,
            43.7720372
          ],
          [
            -79.2012163,
            43.7720545
          ],
          [
            -79.2010804,
            43.7720177
          ],
          [
            -79.2010068,
            43.7719492
          ],
          [
            -79.200977,
            43.7718828
          ],
          [
            -79.2010377,
            43.7717943
          ],
          [
            -79.2011661,
            43.7717291
          ],
          [
            -79.2012987,
            43.7717262
          ],
          [
            -79.2013597,
            43.7717503
          ],
          [
            -79.2015028,
            43.7718677
          ],
          [
            -79.2015881,
            43.7718953
          ],
          [
            -79.2016898,
            43.7719076
          ],
          [
            -79.2018451,
            43.7718888
          ],
          [
            -79.2021259,
            43.7718204
          ]
        ]
      }
    },
    {
      "type": "Feature",
      "id": "osm-way-1500019674",
      "properties": {
        "osmWayId": 1500019674,
        "highway": "footway",
        "surface": null,
        "wheelchair": null,
        "foot": null,
        "verificationStatus": "inferred",
        "source": "OpenStreetMap"
      },
      "geometry": {
        "type": "LineString",
        "coordinates": [
          [
            -79.1830887,
            43.7880276
          ],
          [
            -79.1830991,
            43.7879231
          ],
          [
            -79.1831051,
            43.7878742
          ],
          [
            -79.1831081,
            43.7878085
          ]
        ]
      }
    },
    {
      "type": "Feature",
      "id": "osm-way-1500019675",
      "properties": {
        "osmWayId": 1500019675,
        "highway": "footway",
        "surface": null,
        "wheelchair": null,
        "foot": null,
        "verificationStatus": "inferred",
        "source": "OpenStreetMap"
      },
      "geometry": {
        "type": "LineString",
        "coordinates": [
          [
            -79.1834059,
            43.7879584
          ],
          [
            -79.1832556,
            43.7879874
          ],
          [
            -79.1830887,
            43.7880276
          ]
        ]
      }
    },
    {
      "type": "Feature",
      "id": "osm-way-1500019676",
      "properties": {
        "osmWayId": 1500019676,
        "highway": "footway",
        "surface": "concrete",
        "wheelchair": null,
        "foot": null,
        "verificationStatus": "inferred",
        "source": "OpenStreetMap"
      },
      "geometry": {
        "type": "LineString",
        "coordinates": [
          [
            -79.1831081,
            43.7878085
          ],
          [
            -79.1831069,
            43.7877817
          ]
        ]
      }
    },
    {
      "type": "Feature",
      "id": "osm-way-1500019677",
      "properties": {
        "osmWayId": 1500019677,
        "highway": "footway",
        "surface": null,
        "wheelchair": null,
        "foot": null,
        "verificationStatus": "inferred",
        "source": "OpenStreetMap"
      },
      "geometry": {
        "type": "LineString",
        "coordinates": [
          [
            -79.1834183,
            43.7877113
          ],
          [
            -79.1834173,
            43.7877337
          ]
        ]
      }
    },
    {
      "type": "Feature",
      "id": "osm-way-1500019678",
      "properties": {
        "osmWayId": 1500019678,
        "highway": "footway",
        "surface": null,
        "wheelchair": null,
        "foot": null,
        "verificationStatus": "inferred",
        "source": "OpenStreetMap"
      },
      "geometry": {
        "type": "LineString",
        "coordinates": [
          [
            -79.1878472,
            43.7865024
          ],
          [
            -79.1878468,
            43.7865195
          ],
          [
            -79.1878468,
            43.7865317
          ],
          [
            -79.1878435,
            43.786551
          ],
          [
            -79.1878378,
            43.7865711
          ],
          [
            -79.1878284,
            43.7865871
          ],
          [
            -79.1878197,
            43.786597
          ],
          [
            -79.1878016,
            43.7866084
          ],
          [
            -79.1877757,
            43.7866171
          ],
          [
            -79.18736,
            43.7867219
          ],
          [
            -79.1870529,
            43.7868001
          ],
          [
            -79.1867577,
            43.7868752
          ],
          [
            -79.1849145,
            43.7873475
          ],
          [
            -79.1848267,
            43.7873685
          ],
          [
            -79.1841558,
            43.7875318
          ],
          [
            -79.1834183,
            43.7877113
          ]
        ]
      }
    },
    {
      "type": "Feature",
      "id": "osm-way-1500019679",
      "properties": {
        "osmWayId": 1500019679,
        "highway": "footway",
        "surface": null,
        "wheelchair": null,
        "foot": null,
        "verificationStatus": "inferred",
        "source": "OpenStreetMap"
      },
      "geometry": {
        "type": "LineString",
        "coordinates": [
          [
            -79.1834183,
            43.7877113
          ],
          [
            -79.1832533,
            43.7877515
          ],
          [
            -79.1831069,
            43.7877817
          ]
        ]
      }
    },
    {
      "type": "Feature",
      "id": "osm-way-1513664533",
      "properties": {
        "osmWayId": 1513664533,
        "highway": "footway",
        "surface": null,
        "wheelchair": null,
        "foot": null,
        "verificationStatus": "inferred",
        "source": "OpenStreetMap"
      },
      "geometry": {
        "type": "LineString",
        "coordinates": [
          [
            -79.1767488,
            43.7895147
          ],
          [
            -79.1766988,
            43.7895261
          ],
          [
            -79.1746957,
            43.7899824
          ],
          [
            -79.174475,
            43.7900327
          ],
          [
            -79.1742105,
            43.7900914
          ],
          [
            -79.1735691,
            43.7902336
          ],
          [
            -79.1735463,
            43.7902404
          ],
          [
            -79.1734884,
            43.7902252
          ]
        ]
      }
    },
    {
      "type": "Feature",
      "id": "osm-way-1513664534",
      "properties": {
        "osmWayId": 1513664534,
        "highway": "footway",
        "surface": null,
        "wheelchair": null,
        "foot": null,
        "verificationStatus": "inferred",
        "source": "OpenStreetMap"
      },
      "geometry": {
        "type": "LineString",
        "coordinates": [
          [
            -79.1778994,
            43.7892603
          ],
          [
            -79.1778534,
            43.7892708
          ],
          [
            -79.1777938,
            43.7892837
          ]
        ]
      }
    },
    {
      "type": "Feature",
      "id": "osm-way-1513664535",
      "properties": {
        "osmWayId": 1513664535,
        "highway": "footway",
        "surface": null,
        "wheelchair": null,
        "foot": null,
        "verificationStatus": "inferred",
        "source": "OpenStreetMap"
      },
      "geometry": {
        "type": "LineString",
        "coordinates": [
          [
            -79.1777938,
            43.7892837
          ],
          [
            -79.1769096,
            43.7894746
          ],
          [
            -79.1768542,
            43.789489
          ]
        ]
      }
    },
    {
      "type": "Feature",
      "id": "osm-way-1513664536",
      "properties": {
        "osmWayId": 1513664536,
        "highway": "footway",
        "surface": null,
        "wheelchair": null,
        "foot": null,
        "verificationStatus": "inferred",
        "source": "OpenStreetMap"
      },
      "geometry": {
        "type": "LineString",
        "coordinates": [
          [
            -79.1768542,
            43.789489
          ],
          [
            -79.1767989,
            43.7895033
          ],
          [
            -79.1767488,
            43.7895147
          ]
        ]
      }
    },
    {
      "type": "Feature",
      "id": "osm-way-1513664537",
      "properties": {
        "osmWayId": 1513664537,
        "highway": "footway",
        "surface": null,
        "wheelchair": null,
        "foot": null,
        "verificationStatus": "inferred",
        "source": "OpenStreetMap"
      },
      "geometry": {
        "type": "LineString",
        "coordinates": [
          [
            -79.1754565,
            43.7895232
          ],
          [
            -79.1749628,
            43.7896382
          ],
          [
            -79.1734738,
            43.7899741
          ],
          [
            -79.1734356,
            43.7898933
          ],
          [
            -79.1734423,
            43.7898478
          ],
          [
            -79.1732815,
            43.7892852
          ],
          [
            -79.1732579,
            43.7892222
          ],
          [
            -79.1732063,
            43.7890844
          ]
        ]
      }
    },
    {
      "type": "Feature",
      "id": "osm-way-1513664538",
      "properties": {
        "osmWayId": 1513664538,
        "highway": "footway",
        "surface": null,
        "wheelchair": null,
        "foot": null,
        "verificationStatus": "inferred",
        "source": "OpenStreetMap"
      },
      "geometry": {
        "type": "LineString",
        "coordinates": [
          [
            -79.1755892,
            43.789493
          ],
          [
            -79.1755168,
            43.7895092
          ],
          [
            -79.1754565,
            43.7895232
          ]
        ]
      }
    },
    {
      "type": "Feature",
      "id": "osm-way-1513723596",
      "properties": {
        "osmWayId": 1513723596,
        "highway": "footway",
        "surface": "concrete:plates",
        "wheelchair": null,
        "foot": null,
        "verificationStatus": "inferred",
        "source": "OpenStreetMap"
      },
      "geometry": {
        "type": "LineString",
        "coordinates": [
          [
            -79.1905733,
            43.7879223
          ],
          [
            -79.190614,
            43.7879413
          ],
          [
            -79.1906386,
            43.7879451
          ],
          [
            -79.1909882,
            43.7881277
          ],
          [
            -79.1911697,
            43.78822
          ],
          [
            -79.1912616,
            43.7882645
          ],
          [
            -79.1916038,
            43.7884186
          ],
          [
            -79.1916427,
            43.7884322
          ],
          [
            -79.1916854,
            43.7885216
          ],
          [
            -79.1917323,
            43.7885361
          ],
          [
            -79.1917839,
            43.7885326
          ],
          [
            -79.1918673,
            43.7885354
          ],
          [
            -79.1919971,
            43.7885855
          ]
        ]
      }
    },
    {
      "type": "Feature",
      "id": "osm-way-1513723597",
      "properties": {
        "osmWayId": 1513723597,
        "highway": "footway",
        "surface": "concrete:plates",
        "wheelchair": null,
        "foot": null,
        "verificationStatus": "inferred",
        "source": "OpenStreetMap"
      },
      "geometry": {
        "type": "LineString",
        "coordinates": [
          [
            -79.1914872,
            43.7870608
          ],
          [
            -79.1910768,
            43.7874739
          ],
          [
            -79.1907903,
            43.787765
          ]
        ]
      }
    },
    {
      "type": "Feature",
      "id": "osm-way-1513723598",
      "properties": {
        "osmWayId": 1513723598,
        "highway": "footway",
        "surface": "concrete:plates",
        "wheelchair": null,
        "foot": null,
        "verificationStatus": "inferred",
        "source": "OpenStreetMap"
      },
      "geometry": {
        "type": "LineString",
        "coordinates": [
          [
            -79.1907903,
            43.787765
          ],
          [
            -79.1907012,
            43.7878555
          ],
          [
            -79.1906498,
            43.787906
          ]
        ]
      }
    },
    {
      "type": "Feature",
      "id": "osm-way-1513723599",
      "properties": {
        "osmWayId": 1513723599,
        "highway": "footway",
        "surface": "concrete",
        "wheelchair": null,
        "foot": null,
        "verificationStatus": "inferred",
        "source": "OpenStreetMap"
      },
      "geometry": {
        "type": "LineString",
        "coordinates": [
          [
            -79.1906227,
            43.7876703
          ],
          [
            -79.1905909,
            43.7876651
          ],
          [
            -79.1905398,
            43.7876384
          ],
          [
            -79.1900114,
            43.7873623
          ],
          [
            -79.1899066,
            43.7873076
          ],
          [
            -79.1898422,
            43.7872726
          ],
          [
            -79.1898268,
            43.7872646
          ],
          [
            -79.1887422,
            43.7866839
          ],
          [
            -79.188732,
            43.786677
          ]
        ]
      }
    },
    {
      "type": "Feature",
      "id": "osm-way-1513723600",
      "properties": {
        "osmWayId": 1513723600,
        "highway": "footway",
        "surface": "concrete",
        "wheelchair": null,
        "foot": null,
        "verificationStatus": "inferred",
        "source": "OpenStreetMap"
      },
      "geometry": {
        "type": "LineString",
        "coordinates": [
          [
            -79.1907903,
            43.787765
          ],
          [
            -79.1907112,
            43.7877198
          ],
          [
            -79.1906377,
            43.7876787
          ]
        ]
      }
    },
    {
      "type": "Feature",
      "id": "osm-way-1513723601",
      "properties": {
        "osmWayId": 1513723601,
        "highway": "footway",
        "surface": "concrete:plates",
        "wheelchair": null,
        "foot": null,
        "verificationStatus": "inferred",
        "source": "OpenStreetMap"
      },
      "geometry": {
        "type": "LineString",
        "coordinates": [
          [
            -79.1904544,
            43.7878611
          ],
          [
            -79.1905324,
            43.7879012
          ],
          [
            -79.1905733,
            43.7879223
          ]
        ]
      }
    },
    {
      "type": "Feature",
      "id": "osm-way-1513723602",
      "properties": {
        "osmWayId": 1513723602,
        "highway": "footway",
        "surface": "concrete:plates",
        "wheelchair": null,
        "foot": null,
        "verificationStatus": "inferred",
        "source": "OpenStreetMap"
      },
      "geometry": {
        "type": "LineString",
        "coordinates": [
          [
            -79.1904623,
            43.7878247
          ],
          [
            -79.1904349,
            43.787851
          ]
        ]
      }
    },
    {
      "type": "Feature",
      "id": "osm-way-1513723603",
      "properties": {
        "osmWayId": 1513723603,
        "highway": "footway",
        "surface": "concrete:plates",
        "wheelchair": null,
        "foot": null,
        "verificationStatus": "inferred",
        "source": "OpenStreetMap"
      },
      "geometry": {
        "type": "LineString",
        "coordinates": [
          [
            -79.1904349,
            43.787851
          ],
          [
            -79.1904544,
            43.7878611
          ]
        ]
      }
    },
    {
      "type": "Feature",
      "id": "osm-way-1513723604",
      "properties": {
        "osmWayId": 1513723604,
        "highway": "footway",
        "surface": "concrete:plates",
        "wheelchair": null,
        "foot": null,
        "verificationStatus": "inferred",
        "source": "OpenStreetMap"
      },
      "geometry": {
        "type": "LineString",
        "coordinates": [
          [
            -79.1906227,
            43.7876703
          ],
          [
            -79.1906023,
            43.7876899
          ]
        ]
      }
    },
    {
      "type": "Feature",
      "id": "osm-way-1513723605",
      "properties": {
        "osmWayId": 1513723605,
        "highway": "footway",
        "surface": "concrete",
        "wheelchair": null,
        "foot": null,
        "verificationStatus": "inferred",
        "source": "OpenStreetMap"
      },
      "geometry": {
        "type": "LineString",
        "coordinates": [
          [
            -79.1906377,
            43.7876787
          ],
          [
            -79.1906227,
            43.7876703
          ]
        ]
      }
    },
    {
      "type": "Feature",
      "id": "osm-way-1514018709",
      "properties": {
        "osmWayId": 1514018709,
        "highway": "footway",
        "surface": null,
        "wheelchair": null,
        "foot": null,
        "verificationStatus": "inferred",
        "source": "OpenStreetMap"
      },
      "geometry": {
        "type": "LineString",
        "coordinates": [
          [
            -79.1664535,
            43.7729654
          ],
          [
            -79.1664417,
            43.7729289
          ]
        ]
      }
    },
    {
      "type": "Feature",
      "id": "osm-way-1514018718",
      "properties": {
        "osmWayId": 1514018718,
        "highway": "footway",
        "surface": "concrete",
        "wheelchair": null,
        "foot": null,
        "verificationStatus": "inferred",
        "source": "OpenStreetMap"
      },
      "geometry": {
        "type": "LineString",
        "coordinates": [
          [
            -79.1658253,
            43.7718455
          ],
          [
            -79.165833,
            43.7718572
          ],
          [
            -79.1662131,
            43.7727645
          ],
          [
            -79.1662048,
            43.7728045
          ]
        ]
      }
    },
    {
      "type": "Feature",
      "id": "osm-way-1514042266",
      "properties": {
        "osmWayId": 1514042266,
        "highway": "footway",
        "surface": "asphalt",
        "wheelchair": null,
        "foot": null,
        "verificationStatus": "inferred",
        "source": "OpenStreetMap"
      },
      "geometry": {
        "type": "LineString",
        "coordinates": [
          [
            -79.1707394,
            43.7719796
          ],
          [
            -79.1706232,
            43.7720081
          ],
          [
            -79.1705166,
            43.7720343
          ]
        ]
      }
    },
    {
      "type": "Feature",
      "id": "osm-way-1514042267",
      "properties": {
        "osmWayId": 1514042267,
        "highway": "footway",
        "surface": "concrete",
        "wheelchair": null,
        "foot": null,
        "verificationStatus": "inferred",
        "source": "OpenStreetMap"
      },
      "geometry": {
        "type": "LineString",
        "coordinates": [
          [
            -79.1705166,
            43.7720343
          ],
          [
            -79.1699263,
            43.7721678
          ],
          [
            -79.1696976,
            43.7722368
          ],
          [
            -79.1690374,
            43.7723802
          ]
        ]
      }
    },
    {
      "type": "Feature",
      "id": "osm-way-1514042268",
      "properties": {
        "osmWayId": 1514042268,
        "highway": "footway",
        "surface": "asphalt",
        "wheelchair": null,
        "foot": null,
        "verificationStatus": "inferred",
        "source": "OpenStreetMap"
      },
      "geometry": {
        "type": "LineString",
        "coordinates": [
          [
            -79.1687517,
            43.7722329
          ],
          [
            -79.1688558,
            43.7722096
          ],
          [
            -79.1689417,
            43.7721904
          ]
        ]
      }
    },
    {
      "type": "Feature",
      "id": "osm-way-1514042269",
      "properties": {
        "osmWayId": 1514042269,
        "highway": "footway",
        "surface": "concrete",
        "wheelchair": null,
        "foot": null,
        "verificationStatus": "inferred",
        "source": "OpenStreetMap"
      },
      "geometry": {
        "type": "LineString",
        "coordinates": [
          [
            -79.1663935,
            43.7727452
          ],
          [
            -79.1664324,
            43.7727513
          ],
          [
            -79.1669853,
            43.7726266
          ],
          [
            -79.168742,
            43.7722351
          ],
          [
            -79.1687517,
            43.7722329
          ]
        ]
      }
    },
    {
      "type": "Feature",
      "id": "osm-way-1514042270",
      "properties": {
        "osmWayId": 1514042270,
        "highway": "footway",
        "surface": "asphalt",
        "wheelchair": null,
        "foot": null,
        "verificationStatus": "inferred",
        "source": "OpenStreetMap"
      },
      "geometry": {
        "type": "LineString",
        "coordinates": [
          [
            -79.1690374,
            43.7723802
          ],
          [
            -79.1689369,
            43.7724044
          ],
          [
            -79.1688605,
            43.7724227
          ]
        ]
      }
    },
    {
      "type": "Feature",
      "id": "osm-way-1514042271",
      "properties": {
        "osmWayId": 1514042271,
        "highway": "footway",
        "surface": "concrete",
        "wheelchair": null,
        "foot": null,
        "verificationStatus": "inferred",
        "source": "OpenStreetMap"
      },
      "geometry": {
        "type": "LineString",
        "coordinates": [
          [
            -79.1688605,
            43.7724227
          ],
          [
            -79.1688437,
            43.7724366
          ],
          [
            -79.1688155,
            43.7724247
          ],
          [
            -79.1687818,
            43.7724222
          ],
          [
            -79.1674333,
            43.7727174
          ],
          [
            -79.1673903,
            43.7727369
          ],
          [
            -79.1673724,
            43.7727597
          ],
          [
            -79.1673537,
            43.7727576
          ]
        ]
      }
    },
    {
      "type": "Feature",
      "id": "osm-way-1514042272",
      "properties": {
        "osmWayId": 1514042272,
        "highway": "footway",
        "surface": "asphalt",
        "wheelchair": null,
        "foot": null,
        "verificationStatus": "inferred",
        "source": "OpenStreetMap"
      },
      "geometry": {
        "type": "LineString",
        "coordinates": [
          [
            -79.1673537,
            43.7727576
          ],
          [
            -79.1672581,
            43.7727823
          ],
          [
            -79.1671753,
            43.7728037
          ]
        ]
      }
    },
    {
      "type": "Feature",
      "id": "osm-way-1514042273",
      "properties": {
        "osmWayId": 1514042273,
        "highway": "footway",
        "surface": "concrete",
        "wheelchair": null,
        "foot": null,
        "verificationStatus": "inferred",
        "source": "OpenStreetMap"
      },
      "geometry": {
        "type": "LineString",
        "coordinates": [
          [
            -79.1671753,
            43.7728037
          ],
          [
            -79.1664535,
            43.7729654
          ],
          [
            -79.1663016,
            43.7730014
          ],
          [
            -79.1656434,
            43.7731503
          ]
        ]
      }
    },
    {
      "type": "Feature",
      "id": "osm-way-1514042274",
      "properties": {
        "osmWayId": 1514042274,
        "highway": "footway",
        "surface": "concrete",
        "wheelchair": null,
        "foot": null,
        "verificationStatus": "inferred",
        "source": "OpenStreetMap"
      },
      "geometry": {
        "type": "LineString",
        "coordinates": [
          [
            -79.1656434,
            43.7731503
          ],
          [
            -79.1655632,
            43.7731684
          ],
          [
            -79.1654946,
            43.7731842
          ]
        ]
      }
    },
    {
      "type": "Feature",
      "id": "osm-way-1514042275",
      "properties": {
        "osmWayId": 1514042275,
        "highway": "footway",
        "surface": "concrete",
        "wheelchair": null,
        "foot": null,
        "verificationStatus": "inferred",
        "source": "OpenStreetMap"
      },
      "geometry": {
        "type": "LineString",
        "coordinates": [
          [
            -79.1654946,
            43.7731842
          ],
          [
            -79.1640435,
            43.7735191
          ]
        ]
      }
    },
    {
      "type": "Feature",
      "id": "osm-way-1514043150",
      "properties": {
        "osmWayId": 1514043150,
        "highway": "footway",
        "surface": "concrete",
        "wheelchair": null,
        "foot": null,
        "verificationStatus": "inferred",
        "source": "OpenStreetMap"
      },
      "geometry": {
        "type": "LineString",
        "coordinates": [
          [
            -79.1689417,
            43.7721904
          ],
          [
            -79.1689488,
            43.7721888
          ],
          [
            -79.1721225,
            43.7714666
          ],
          [
            -79.1721395,
            43.7714619
          ]
        ]
      }
    },
    {
      "type": "Feature",
      "id": "osm-way-1514047984",
      "properties": {
        "osmWayId": 1514047984,
        "highway": "footway",
        "surface": "concrete",
        "wheelchair": null,
        "foot": null,
        "verificationStatus": "inferred",
        "source": "OpenStreetMap"
      },
      "geometry": {
        "type": "LineString",
        "coordinates": [
          [
            -79.187801,
            43.7991357
          ],
          [
            -79.1874204,
            43.7982686
          ]
        ]
      }
    },
    {
      "type": "Feature",
      "id": "osm-way-1514047985",
      "properties": {
        "osmWayId": 1514047985,
        "highway": "footway",
        "surface": "concrete",
        "wheelchair": null,
        "foot": null,
        "verificationStatus": "inferred",
        "source": "OpenStreetMap"
      },
      "geometry": {
        "type": "LineString",
        "coordinates": [
          [
            -79.1878618,
            43.7992765
          ],
          [
            -79.1878345,
            43.799212
          ],
          [
            -79.187801,
            43.7991357
          ]
        ]
      }
    },
    {
      "type": "Feature",
      "id": "osm-way-1514058213",
      "properties": {
        "osmWayId": 1514058213,
        "highway": "footway",
        "surface": "asphalt",
        "wheelchair": null,
        "foot": null,
        "verificationStatus": "inferred",
        "source": "OpenStreetMap"
      },
      "geometry": {
        "type": "LineString",
        "coordinates": [
          [
            -79.1703277,
            43.7907705
          ],
          [
            -79.1702247,
            43.7907887
          ],
          [
            -79.1701566,
            43.7908008
          ]
        ]
      }
    },
    {
      "type": "Feature",
      "id": "osm-way-1514058214",
      "properties": {
        "osmWayId": 1514058214,
        "highway": "footway",
        "surface": "concrete",
        "wheelchair": null,
        "foot": null,
        "verificationStatus": "inferred",
        "source": "OpenStreetMap"
      },
      "geometry": {
        "type": "LineString",
        "coordinates": [
          [
            -79.1732331,
            43.790028
          ],
          [
            -79.1731629,
            43.7900432
          ],
          [
            -79.1722626,
            43.7902681
          ],
          [
            -79.1719356,
            43.7903619
          ],
          [
            -79.1703277,
            43.7907705
          ]
        ]
      }
    },
    {
      "type": "Feature",
      "id": "osm-way-1514058215",
      "properties": {
        "osmWayId": 1514058215,
        "highway": "footway",
        "surface": "asphalt",
        "wheelchair": null,
        "foot": null,
        "verificationStatus": "inferred",
        "source": "OpenStreetMap"
      },
      "geometry": {
        "type": "LineString",
        "coordinates": [
          [
            -79.1700801,
            43.7910737
          ],
          [
            -79.1700333,
            43.7910839
          ],
          [
            -79.1699783,
            43.7910958
          ]
        ]
      }
    },
    {
      "type": "Feature",
      "id": "osm-way-1514058216",
      "properties": {
        "osmWayId": 1514058216,
        "highway": "footway",
        "surface": "concrete",
        "wheelchair": null,
        "foot": null,
        "verificationStatus": "inferred",
        "source": "OpenStreetMap"
      },
      "geometry": {
        "type": "LineString",
        "coordinates": [
          [
            -79.1699783,
            43.7910958
          ],
          [
            -79.1699681,
            43.7910978
          ],
          [
            -79.1698444,
            43.7910521
          ],
          [
            -79.1696011,
            43.7911199
          ]
        ]
      }
    },
    {
      "type": "Feature",
      "id": "osm-way-1514059005",
      "properties": {
        "osmWayId": 1514059005,
        "highway": "footway",
        "surface": "concrete",
        "wheelchair": null,
        "foot": null,
        "verificationStatus": "inferred",
        "source": "OpenStreetMap"
      },
      "geometry": {
        "type": "LineString",
        "coordinates": [
          [
            -79.1651496,
            43.795905
          ],
          [
            -79.1651374,
            43.79589
          ],
          [
            -79.1651154,
            43.7958629
          ],
          [
            -79.1648139,
            43.7952176
          ],
          [
            -79.1648016,
            43.795184
          ]
        ]
      }
    },
    {
      "type": "Feature",
      "id": "osm-way-1514059740",
      "properties": {
        "osmWayId": 1514059740,
        "highway": "footway",
        "surface": "asphalt",
        "wheelchair": null,
        "foot": null,
        "verificationStatus": "inferred",
        "source": "OpenStreetMap"
      },
      "geometry": {
        "type": "LineString",
        "coordinates": [
          [
            -79.1956198,
            43.7849472
          ],
          [
            -79.1955736,
            43.7849572
          ],
          [
            -79.195432,
            43.7849879
          ],
          [
            -79.1953329,
            43.7850094
          ]
        ]
      }
    },
    {
      "type": "Feature",
      "id": "osm-way-1514059741",
      "properties": {
        "osmWayId": 1514059741,
        "highway": "footway",
        "surface": "concrete",
        "wheelchair": null,
        "foot": null,
        "verificationStatus": "inferred",
        "source": "OpenStreetMap"
      },
      "geometry": {
        "type": "LineString",
        "coordinates": [
          [
            -79.1953329,
            43.7850094
          ],
          [
            -79.1940104,
            43.7853174
          ],
          [
            -79.1936045,
            43.7854117
          ]
        ]
      }
    },
    {
      "type": "Feature",
      "id": "osm-way-1514060328",
      "properties": {
        "osmWayId": 1514060328,
        "highway": "footway",
        "surface": null,
        "wheelchair": null,
        "foot": null,
        "verificationStatus": "inferred",
        "source": "OpenStreetMap"
      },
      "geometry": {
        "type": "LineString",
        "coordinates": [
          [
            -79.1910974,
            43.7802676
          ],
          [
            -79.1910794,
            43.7802715
          ]
        ]
      }
    },
    {
      "type": "Feature",
      "id": "osm-way-1514060329",
      "properties": {
        "osmWayId": 1514060329,
        "highway": "footway",
        "surface": null,
        "wheelchair": null,
        "foot": "yes",
        "verificationStatus": "inferred",
        "source": "OpenStreetMap"
      },
      "geometry": {
        "type": "LineString",
        "coordinates": [
          [
            -79.1911714,
            43.7804477
          ],
          [
            -79.191158,
            43.7804503
          ]
        ]
      }
    },
    {
      "type": "Feature",
      "id": "osm-way-1514060330",
      "properties": {
        "osmWayId": 1514060330,
        "highway": "footway",
        "surface": "concrete",
        "wheelchair": null,
        "foot": null,
        "verificationStatus": "inferred",
        "source": "OpenStreetMap"
      },
      "geometry": {
        "type": "LineString",
        "coordinates": [
          [
            -79.1913666,
            43.7804102
          ],
          [
            -79.1913312,
            43.780332
          ],
          [
            -79.1912898,
            43.7802405
          ]
        ]
      }
    },
    {
      "type": "Feature",
      "id": "osm-way-1514060331",
      "properties": {
        "osmWayId": 1514060331,
        "highway": "footway",
        "surface": "concrete",
        "wheelchair": null,
        "foot": null,
        "verificationStatus": "inferred",
        "source": "OpenStreetMap"
      },
      "geometry": {
        "type": "LineString",
        "coordinates": [
          [
            -79.1912898,
            43.7802405
          ],
          [
            -79.1912843,
            43.7802265
          ],
          [
            -79.1912612,
            43.7801695
          ],
          [
            -79.1909444,
            43.7794333
          ],
          [
            -79.1908988,
            43.779259
          ]
        ]
      }
    },
    {
      "type": "Feature",
      "id": "osm-way-1514060332",
      "properties": {
        "osmWayId": 1514060332,
        "highway": "footway",
        "surface": "concrete",
        "wheelchair": null,
        "foot": null,
        "verificationStatus": "inferred",
        "source": "OpenStreetMap"
      },
      "geometry": {
        "type": "LineString",
        "coordinates": [
          [
            -79.1940045,
            43.7880201
          ],
          [
            -79.1940181,
            43.7880564
          ],
          [
            -79.1940324,
            43.7880945
          ]
        ]
      }
    },
    {
      "type": "Feature",
      "id": "osm-way-1514060333",
      "properties": {
        "osmWayId": 1514060333,
        "highway": "footway",
        "surface": "concrete",
        "wheelchair": null,
        "foot": null,
        "verificationStatus": "inferred",
        "source": "OpenStreetMap"
      },
      "geometry": {
        "type": "LineString",
        "coordinates": [
          [
            -79.1940324,
            43.7880945
          ],
          [
            -79.1940348,
            43.7881001
          ],
          [
            -79.1945265,
            43.7892429
          ],
          [
            -79.1945579,
            43.7893136
          ]
        ]
      }
    },
    {
      "type": "Feature",
      "id": "osm-way-1517225940",
      "properties": {
        "osmWayId": 1517225940,
        "highway": "footway",
        "surface": "concrete",
        "wheelchair": null,
        "foot": null,
        "verificationStatus": "inferred",
        "source": "OpenStreetMap"
      },
      "geometry": {
        "type": "LineString",
        "coordinates": [
          [
            -79.16224,
            43.7885995
          ],
          [
            -79.1634008,
            43.7878573
          ],
          [
            -79.1651584,
            43.7867272
          ]
        ]
      }
    },
    {
      "type": "Feature",
      "id": "osm-way-1517851026",
      "properties": {
        "osmWayId": 1517851026,
        "highway": "footway",
        "surface": null,
        "wheelchair": null,
        "foot": null,
        "verificationStatus": "inferred",
        "source": "OpenStreetMap"
      },
      "geometry": {
        "type": "LineString",
        "coordinates": [
          [
            -79.2024771,
            43.7990073
          ],
          [
            -79.2028809,
            43.7993961
          ],
          [
            -79.2033431,
            43.7997922
          ],
          [
            -79.2033556,
            43.7998014
          ]
        ]
      }
    },
    {
      "type": "Feature",
      "id": "osm-way-1518357927",
      "properties": {
        "osmWayId": 1518357927,
        "highway": "footway",
        "surface": "concrete",
        "wheelchair": null,
        "foot": null,
        "verificationStatus": "inferred",
        "source": "OpenStreetMap"
      },
      "geometry": {
        "type": "LineString",
        "coordinates": [
          [
            -79.1769163,
            43.7981925
          ],
          [
            -79.176216,
            43.7966188
          ],
          [
            -79.1761836,
            43.7965459
          ],
          [
            -79.1761524,
            43.7964753
          ],
          [
            -79.1751952,
            43.7943124
          ],
          [
            -79.175229,
            43.7943053
          ],
          [
            -79.1752147,
            43.7942773
          ]
        ]
      }
    },
    {
      "type": "Feature",
      "id": "osm-way-1518357928",
      "properties": {
        "osmWayId": 1518357928,
        "highway": "footway",
        "surface": "asphalt",
        "wheelchair": null,
        "foot": null,
        "verificationStatus": "inferred",
        "source": "OpenStreetMap"
      },
      "geometry": {
        "type": "LineString",
        "coordinates": [
          [
            -79.1752147,
            43.7942773
          ],
          [
            -79.1751885,
            43.7942209
          ],
          [
            -79.1751715,
            43.7941843
          ]
        ]
      }
    },
    {
      "type": "Feature",
      "id": "osm-way-1518388985",
      "properties": {
        "osmWayId": 1518388985,
        "highway": "footway",
        "surface": null,
        "wheelchair": null,
        "foot": null,
        "verificationStatus": "inferred",
        "source": "OpenStreetMap"
      },
      "geometry": {
        "type": "LineString",
        "coordinates": [
          [
            -79.1812626,
            43.7910491
          ],
          [
            -79.1812934,
            43.7910534
          ],
          [
            -79.1814498,
            43.7910704
          ],
          [
            -79.1816731,
            43.7911327
          ],
          [
            -79.1819193,
            43.7912463
          ],
          [
            -79.1820842,
            43.7913452
          ]
        ]
      }
    },
    {
      "type": "Feature",
      "id": "osm-way-1518388986",
      "properties": {
        "osmWayId": 1518388986,
        "highway": "footway",
        "surface": null,
        "wheelchair": null,
        "foot": null,
        "verificationStatus": "inferred",
        "source": "OpenStreetMap"
      },
      "geometry": {
        "type": "LineString",
        "coordinates": [
          [
            -79.1811179,
            43.7910469
          ],
          [
            -79.1811916,
            43.791048
          ],
          [
            -79.1812626,
            43.7910491
          ]
        ]
      }
    },
    {
      "type": "Feature",
      "id": "osm-way-1518459510",
      "properties": {
        "osmWayId": 1518459510,
        "highway": "footway",
        "surface": "concrete",
        "wheelchair": null,
        "foot": null,
        "verificationStatus": "inferred",
        "source": "OpenStreetMap"
      },
      "geometry": {
        "type": "LineString",
        "coordinates": [
          [
            -79.1884875,
            43.7747218
          ],
          [
            -79.1883197,
            43.7743261
          ],
          [
            -79.1882442,
            43.7741481
          ],
          [
            -79.1876648,
            43.7727813
          ]
        ]
      }
    },
    {
      "type": "Feature",
      "id": "osm-way-1518459511",
      "properties": {
        "osmWayId": 1518459511,
        "highway": "footway",
        "surface": "asphalt",
        "wheelchair": null,
        "foot": null,
        "verificationStatus": "inferred",
        "source": "OpenStreetMap"
      },
      "geometry": {
        "type": "LineString",
        "coordinates": [
          [
            -79.1885384,
            43.7748419
          ],
          [
            -79.1885062,
            43.7747658
          ],
          [
            -79.1884875,
            43.7747218
          ]
        ]
      }
    },
    {
      "type": "Feature",
      "id": "osm-way-1518465973",
      "properties": {
        "osmWayId": 1518465973,
        "highway": "footway",
        "surface": null,
        "wheelchair": null,
        "foot": null,
        "verificationStatus": "inferred",
        "source": "OpenStreetMap"
      },
      "geometry": {
        "type": "LineString",
        "coordinates": [
          [
            -79.1730627,
            43.7819805
          ],
          [
            -79.1756907,
            43.7824686
          ],
          [
            -79.1773103,
            43.782745
          ],
          [
            -79.1774167,
            43.7827729
          ],
          [
            -79.1781356,
            43.7828898
          ],
          [
            -79.178283,
            43.7829138
          ],
          [
            -79.1784385,
            43.7829391
          ],
          [
            -79.1793516,
            43.7830876
          ]
        ]
      }
    },
    {
      "type": "Feature",
      "id": "osm-way-1518465974",
      "properties": {
        "osmWayId": 1518465974,
        "highway": "footway",
        "surface": null,
        "wheelchair": null,
        "foot": null,
        "verificationStatus": "inferred",
        "source": "OpenStreetMap"
      },
      "geometry": {
        "type": "LineString",
        "coordinates": [
          [
            -79.1793516,
            43.7830876
          ],
          [
            -79.1794239,
            43.7831016
          ],
          [
            -79.1795543,
            43.7831266
          ]
        ]
      }
    },
    {
      "type": "Feature",
      "id": "osm-way-1518477872",
      "properties": {
        "osmWayId": 1518477872,
        "highway": "footway",
        "surface": null,
        "wheelchair": null,
        "foot": null,
        "verificationStatus": "inferred",
        "source": "OpenStreetMap"
      },
      "geometry": {
        "type": "LineString",
        "coordinates": [
          [
            -79.1893888,
            43.79204
          ],
          [
            -79.1892698,
            43.7918022
          ],
          [
            -79.1891701,
            43.791827
          ],
          [
            -79.1875257,
            43.7922434
          ],
          [
            -79.1874333,
            43.7922668
          ],
          [
            -79.1868603,
            43.7924098
          ],
          [
            -79.1864415,
            43.7925409
          ]
        ]
      }
    },
    {
      "type": "Feature",
      "id": "osm-way-1518477873",
      "properties": {
        "osmWayId": 1518477873,
        "highway": "footway",
        "surface": null,
        "wheelchair": null,
        "foot": null,
        "verificationStatus": "inferred",
        "source": "OpenStreetMap"
      },
      "geometry": {
        "type": "LineString",
        "coordinates": [
          [
            -79.1864415,
            43.7925409
          ],
          [
            -79.186379,
            43.7925906
          ],
          [
            -79.1863354,
            43.7926253
          ]
        ]
      }
    },
    {
      "type": "Feature",
      "id": "osm-way-1523750309",
      "properties": {
        "osmWayId": 1523750309,
        "highway": "footway",
        "surface": "concrete",
        "wheelchair": null,
        "foot": null,
        "verificationStatus": "inferred",
        "source": "OpenStreetMap"
      },
      "geometry": {
        "type": "LineString",
        "coordinates": [
          [
            -79.1890763,
            43.775451
          ],
          [
            -79.1890287,
            43.7753557
          ],
          [
            -79.1890226,
            43.7752569
          ],
          [
            -79.1889563,
            43.7751019
          ],
          [
            -79.1889494,
            43.7750859
          ],
          [
            -79.1886112,
            43.7743054
          ],
          [
            -79.1885916,
            43.774263
          ],
          [
            -79.1885816,
            43.7742415
          ],
          [
            -79.1885678,
            43.7742141
          ]
        ]
      }
    },
    {
      "type": "Feature",
      "id": "osm-way-1523750310",
      "properties": {
        "osmWayId": 1523750310,
        "highway": "footway",
        "surface": "concrete",
        "wheelchair": null,
        "foot": null,
        "verificationStatus": "inferred",
        "source": "OpenStreetMap"
      },
      "geometry": {
        "type": "LineString",
        "coordinates": [
          [
            -79.1885678,
            43.7742141
          ],
          [
            -79.1885386,
            43.7741562
          ],
          [
            -79.1885245,
            43.7741283
          ]
        ]
      }
    },
    {
      "type": "Feature",
      "id": "osm-way-1523750311",
      "properties": {
        "osmWayId": 1523750311,
        "highway": "footway",
        "surface": null,
        "wheelchair": null,
        "foot": null,
        "verificationStatus": "inferred",
        "source": "OpenStreetMap"
      },
      "geometry": {
        "type": "LineString",
        "coordinates": [
          [
            -79.1885515,
            43.7742723
          ],
          [
            -79.1884402,
            43.7742981
          ],
          [
            -79.1883627,
            43.7743161
          ]
        ]
      }
    },
    {
      "type": "Feature",
      "id": "osm-way-1523750312",
      "properties": {
        "osmWayId": 1523750312,
        "highway": "footway",
        "surface": null,
        "wheelchair": null,
        "foot": null,
        "verificationStatus": "inferred",
        "source": "OpenStreetMap"
      },
      "geometry": {
        "type": "LineString",
        "coordinates": [
          [
            -79.188469,
            43.7740968
          ],
          [
            -79.1883605,
            43.7741216
          ],
          [
            -79.1882924,
            43.7741371
          ]
        ]
      }
    },
    {
      "type": "Feature",
      "id": "osm-way-1523750313",
      "properties": {
        "osmWayId": 1523750313,
        "highway": "footway",
        "surface": null,
        "wheelchair": null,
        "foot": null,
        "verificationStatus": "inferred",
        "source": "OpenStreetMap"
      },
      "geometry": {
        "type": "LineString",
        "coordinates": [
          [
            -79.1882924,
            43.7741371
          ],
          [
            -79.1882442,
            43.7741481
          ]
        ]
      }
    },
    {
      "type": "Feature",
      "id": "osm-way-1523750314",
      "properties": {
        "osmWayId": 1523750314,
        "highway": "footway",
        "surface": null,
        "wheelchair": null,
        "foot": null,
        "verificationStatus": "inferred",
        "source": "OpenStreetMap"
      },
      "geometry": {
        "type": "LineString",
        "coordinates": [
          [
            -79.188512,
            43.774087
          ],
          [
            -79.188469,
            43.7740968
          ]
        ]
      }
    },
    {
      "type": "Feature",
      "id": "osm-way-1523750315",
      "properties": {
        "osmWayId": 1523750315,
        "highway": "footway",
        "surface": null,
        "wheelchair": null,
        "foot": null,
        "verificationStatus": "inferred",
        "source": "OpenStreetMap"
      },
      "geometry": {
        "type": "LineString",
        "coordinates": [
          [
            -79.1885916,
            43.774263
          ],
          [
            -79.1885515,
            43.7742723
          ]
        ]
      }
    },
    {
      "type": "Feature",
      "id": "osm-way-1523750316",
      "properties": {
        "osmWayId": 1523750316,
        "highway": "footway",
        "surface": null,
        "wheelchair": null,
        "foot": null,
        "verificationStatus": "inferred",
        "source": "OpenStreetMap"
      },
      "geometry": {
        "type": "LineString",
        "coordinates": [
          [
            -79.1883627,
            43.7743161
          ],
          [
            -79.1883197,
            43.7743261
          ]
        ]
      }
    },
    {
      "type": "Feature",
      "id": "osm-way-1523762401",
      "properties": {
        "osmWayId": 1523762401,
        "highway": "footway",
        "surface": "concrete",
        "wheelchair": null,
        "foot": null,
        "verificationStatus": "inferred",
        "source": "OpenStreetMap"
      },
      "geometry": {
        "type": "LineString",
        "coordinates": [
          [
            -79.1870678,
            43.7974464
          ],
          [
            -79.1864508,
            43.7959776
          ],
          [
            -79.185805,
            43.7944934
          ],
          [
            -79.1857975,
            43.7944765
          ]
        ]
      }
    },
    {
      "type": "Feature",
      "id": "osm-way-1523762402",
      "properties": {
        "osmWayId": 1523762402,
        "highway": "footway",
        "surface": "asphalt",
        "wheelchair": null,
        "foot": null,
        "verificationStatus": "inferred",
        "source": "OpenStreetMap"
      },
      "geometry": {
        "type": "LineString",
        "coordinates": [
          [
            -79.1857975,
            43.7944765
          ],
          [
            -79.1857708,
            43.7944163
          ],
          [
            -79.1857482,
            43.7943676
          ]
        ]
      }
    },
    {
      "type": "Feature",
      "id": "osm-way-1524091136",
      "properties": {
        "osmWayId": 1524091136,
        "highway": "footway",
        "surface": "concrete",
        "wheelchair": null,
        "foot": null,
        "verificationStatus": "inferred",
        "source": "OpenStreetMap"
      },
      "geometry": {
        "type": "LineString",
        "coordinates": [
          [
            -79.2024771,
            43.7990073
          ],
          [
            -79.2027201,
            43.798865
          ],
          [
            -79.2032312,
            43.7985617
          ]
        ]
      }
    },
    {
      "type": "Feature",
      "id": "osm-way-1524091137",
      "properties": {
        "osmWayId": 1524091137,
        "highway": "footway",
        "surface": "concrete",
        "wheelchair": null,
        "foot": null,
        "verificationStatus": "inferred",
        "source": "OpenStreetMap"
      },
      "geometry": {
        "type": "LineString",
        "coordinates": [
          [
            -79.2032312,
            43.7985617
          ],
          [
            -79.2032811,
            43.7985303
          ],
          [
            -79.2033278,
            43.7985008
          ]
        ]
      }
    },
    {
      "type": "Feature",
      "id": "osm-way-1524124932",
      "properties": {
        "osmWayId": 1524124932,
        "highway": "footway",
        "surface": null,
        "wheelchair": null,
        "foot": null,
        "verificationStatus": "inferred",
        "source": "OpenStreetMap"
      },
      "geometry": {
        "type": "LineString",
        "coordinates": [
          [
            -79.184207,
            43.7932702
          ],
          [
            -79.1841453,
            43.793274
          ],
          [
            -79.1826804,
            43.7933538
          ]
        ]
      }
    },
    {
      "type": "Feature",
      "id": "osm-way-1524124933",
      "properties": {
        "osmWayId": 1524124933,
        "highway": "footway",
        "surface": null,
        "wheelchair": null,
        "foot": null,
        "verificationStatus": "inferred",
        "source": "OpenStreetMap"
      },
      "geometry": {
        "type": "LineString",
        "coordinates": [
          [
            -79.1843431,
            43.7932609
          ],
          [
            -79.1842791,
            43.7932653
          ],
          [
            -79.184207,
            43.7932702
          ]
        ]
      }
    },
    {
      "type": "Feature",
      "id": "osm-way-1524142599",
      "properties": {
        "osmWayId": 1524142599,
        "highway": "footway",
        "surface": "concrete",
        "wheelchair": null,
        "foot": null,
        "verificationStatus": "inferred",
        "source": "OpenStreetMap"
      },
      "geometry": {
        "type": "LineString",
        "coordinates": [
          [
            -79.1725411,
            43.7822427
          ],
          [
            -79.1724826,
            43.7822798
          ],
          [
            -79.1724157,
            43.7823221
          ]
        ]
      }
    },
    {
      "type": "Feature",
      "id": "osm-way-1524142600",
      "properties": {
        "osmWayId": 1524142600,
        "highway": "footway",
        "surface": "concrete",
        "wheelchair": null,
        "foot": null,
        "verificationStatus": "inferred",
        "source": "OpenStreetMap"
      },
      "geometry": {
        "type": "LineString",
        "coordinates": [
          [
            -79.1730242,
            43.7820049
          ],
          [
            -79.1727583,
            43.7821721
          ],
          [
            -79.1726489,
            43.7821781
          ],
          [
            -79.1725682,
            43.7822256
          ],
          [
            -79.1725411,
            43.7822427
          ]
        ]
      }
    },
    {
      "type": "Feature",
      "id": "osm-way-1524143675",
      "properties": {
        "osmWayId": 1524143675,
        "highway": "footway",
        "surface": null,
        "wheelchair": null,
        "foot": null,
        "verificationStatus": "inferred",
        "source": "OpenStreetMap"
      },
      "geometry": {
        "type": "LineString",
        "coordinates": [
          [
            -79.1743211,
            43.7849888
          ],
          [
            -79.174283,
            43.7849412
          ],
          [
            -79.1742701,
            43.7849223
          ]
        ]
      }
    },
    {
      "type": "Feature",
      "id": "osm-way-1524143676",
      "properties": {
        "osmWayId": 1524143676,
        "highway": "footway",
        "surface": null,
        "wheelchair": null,
        "foot": null,
        "verificationStatus": "inferred",
        "source": "OpenStreetMap"
      },
      "geometry": {
        "type": "LineString",
        "coordinates": [
          [
            -79.17373,
            43.7850297
          ],
          [
            -79.1737464,
            43.7850673
          ],
          [
            -79.173773,
            43.7851285
          ]
        ]
      }
    },
    {
      "type": "Feature",
      "id": "osm-way-1524143677",
      "properties": {
        "osmWayId": 1524143677,
        "highway": "footway",
        "surface": null,
        "wheelchair": null,
        "foot": null,
        "verificationStatus": "inferred",
        "source": "OpenStreetMap"
      },
      "geometry": {
        "type": "LineString",
        "coordinates": [
          [
            -79.1725682,
            43.7822256
          ],
          [
            -79.1732941,
            43.783949
          ],
          [
            -79.1737177,
            43.7850014
          ],
          [
            -79.17373,
            43.7850297
          ]
        ]
      }
    },
    {
      "type": "Feature",
      "id": "osm-way-1524148815",
      "properties": {
        "osmWayId": 1524148815,
        "highway": "footway",
        "surface": null,
        "wheelchair": null,
        "foot": null,
        "verificationStatus": "inferred",
        "source": "OpenStreetMap"
      },
      "geometry": {
        "type": "LineString",
        "coordinates": [
          [
            -79.1751891,
            43.787113
          ],
          [
            -79.175174,
            43.7870747
          ],
          [
            -79.1751601,
            43.7870377
          ]
        ]
      }
    },
    {
      "type": "Feature",
      "id": "osm-way-1524148816",
      "properties": {
        "osmWayId": 1524148816,
        "highway": "footway",
        "surface": null,
        "wheelchair": null,
        "foot": null,
        "verificationStatus": "inferred",
        "source": "OpenStreetMap"
      },
      "geometry": {
        "type": "LineString",
        "coordinates": [
          [
            -79.1746286,
            43.7871506
          ],
          [
            -79.1746451,
            43.7871903
          ],
          [
            -79.1746668,
            43.787242
          ]
        ]
      }
    },
    {
      "type": "Feature",
      "id": "osm-way-1524148817",
      "properties": {
        "osmWayId": 1524148817,
        "highway": "footway",
        "surface": null,
        "wheelchair": null,
        "foot": null,
        "verificationStatus": "inferred",
        "source": "OpenStreetMap"
      },
      "geometry": {
        "type": "LineString",
        "coordinates": [
          [
            -79.1744624,
            43.7871759
          ],
          [
            -79.1735814,
            43.7873771
          ]
        ]
      }
    },
    {
      "type": "Feature",
      "id": "osm-way-1524148818",
      "properties": {
        "osmWayId": 1524148818,
        "highway": "footway",
        "surface": null,
        "wheelchair": null,
        "foot": null,
        "verificationStatus": "inferred",
        "source": "OpenStreetMap"
      },
      "geometry": {
        "type": "LineString",
        "coordinates": [
          [
            -79.1745823,
            43.7871311
          ],
          [
            -79.1745235,
            43.7871531
          ],
          [
            -79.1744624,
            43.7871759
          ]
        ]
      }
    },
    {
      "type": "Feature",
      "id": "osm-way-1524148819",
      "properties": {
        "osmWayId": 1524148819,
        "highway": "footway",
        "surface": null,
        "wheelchair": null,
        "foot": null,
        "verificationStatus": "inferred",
        "source": "OpenStreetMap"
      },
      "geometry": {
        "type": "LineString",
        "coordinates": [
          [
            -79.1725071,
            43.7876238
          ],
          [
            -79.172441,
            43.7876511
          ],
          [
            -79.1723999,
            43.7876794
          ]
        ]
      }
    },
    {
      "type": "Feature",
      "id": "osm-way-1524148820",
      "properties": {
        "osmWayId": 1524148820,
        "highway": "footway",
        "surface": null,
        "wheelchair": null,
        "foot": null,
        "verificationStatus": "inferred",
        "source": "OpenStreetMap"
      },
      "geometry": {
        "type": "LineString",
        "coordinates": [
          [
            -79.1734219,
            43.7874125
          ],
          [
            -79.1732919,
            43.7871216
          ]
        ]
      }
    },
    {
      "type": "Feature",
      "id": "osm-way-1524148821",
      "properties": {
        "osmWayId": 1524148821,
        "highway": "footway",
        "surface": null,
        "wheelchair": null,
        "foot": null,
        "verificationStatus": "inferred",
        "source": "OpenStreetMap"
      },
      "geometry": {
        "type": "LineString",
        "coordinates": [
          [
            -79.1734605,
            43.7874052
          ],
          [
            -79.1734219,
            43.7874125
          ],
          [
            -79.1725071,
            43.7876238
          ]
        ]
      }
    },
    {
      "type": "Feature",
      "id": "osm-way-1524148822",
      "properties": {
        "osmWayId": 1524148822,
        "highway": "footway",
        "surface": null,
        "wheelchair": null,
        "foot": null,
        "verificationStatus": "inferred",
        "source": "OpenStreetMap"
      },
      "geometry": {
        "type": "LineString",
        "coordinates": [
          [
            -79.1735814,
            43.7873771
          ],
          [
            -79.1735138,
            43.7873928
          ],
          [
            -79.1734605,
            43.7874052
          ]
        ]
      }
    },
    {
      "type": "Feature",
      "id": "osm-way-1525014141",
      "properties": {
        "osmWayId": 1525014141,
        "highway": "footway",
        "surface": "concrete",
        "wheelchair": null,
        "foot": null,
        "verificationStatus": "inferred",
        "source": "OpenStreetMap"
      },
      "geometry": {
        "type": "LineString",
        "coordinates": [
          [
            -79.2033278,
            43.7985008
          ],
          [
            -79.2040223,
            43.7980838
          ],
          [
            -79.2048972,
            43.7975297
          ],
          [
            -79.2050539,
            43.7974323
          ],
          [
            -79.2050732,
            43.7974222
          ],
          [
            -79.2053055,
            43.7973004
          ],
          [
            -79.2056071,
            43.7972038
          ],
          [
            -79.2057679,
            43.7971588
          ],
          [
            -79.2059252,
            43.7971248
          ]
        ]
      }
    },
    {
      "type": "Feature",
      "id": "osm-way-1525014145",
      "properties": {
        "osmWayId": 1525014145,
        "highway": "path",
        "surface": "dirt",
        "wheelchair": null,
        "foot": null,
        "verificationStatus": "inferred",
        "source": "OpenStreetMap"
      },
      "geometry": {
        "type": "LineString",
        "coordinates": [
          [
            -79.2007102,
            43.7786871
          ],
          [
            -79.200581,
            43.7786921
          ],
          [
            -79.2004493,
            43.778725
          ],
          [
            -79.2003338,
            43.7787356
          ],
          [
            -79.2002298,
            43.7787015
          ],
          [
            -79.200168,
            43.7786405
          ],
          [
            -79.2001473,
            43.7785901
          ],
          [
            -79.2001159,
            43.7785137
          ],
          [
            -79.2000493,
            43.7784197
          ],
          [
            -79.2000069,
            43.7783199
          ],
          [
            -79.1999711,
            43.7782249
          ],
          [
            -79.1999073,
            43.7781145
          ],
          [
            -79.1998387,
            43.7780664
          ],
          [
            -79.1997179,
            43.7779265
          ],
          [
            -79.1997023,
            43.7778588
          ],
          [
            -79.1996896,
            43.7777872
          ],
          [
            -79.1996765,
            43.7777359
          ],
          [
            -79.1996893,
            43.7776777
          ],
          [
            -79.1996378,
            43.7776212
          ],
          [
            -79.1995705,
            43.7775755
          ],
          [
            -79.1995273,
            43.777491
          ],
          [
            -79.1995126,
            43.7773595
          ],
          [
            -79.1995354,
            43.7772667
          ],
          [
            -79.1995224,
            43.7772303
          ],
          [
            -79.1994297,
            43.777201
          ],
          [
            -79.1992427,
            43.7771786
          ],
          [
            -79.1990979,
            43.7771739
          ],
          [
            -79.1989727,
            43.7771786
          ],
          [
            -79.1988865,
            43.7771857
          ],
          [
            -79.198828,
            43.7771833
          ],
          [
            -79.198775,
            43.7771659
          ]
        ]
      }
    },
    {
      "type": "Feature",
      "id": "osm-way-1525014146",
      "properties": {
        "osmWayId": 1525014146,
        "highway": "path",
        "surface": "dirt",
        "wheelchair": null,
        "foot": null,
        "verificationStatus": "inferred",
        "source": "OpenStreetMap"
      },
      "geometry": {
        "type": "LineString",
        "coordinates": [
          [
            -79.1988654,
            43.7769661
          ],
          [
            -79.1990688,
            43.7769747
          ],
          [
            -79.1993534,
            43.7770779
          ],
          [
            -79.1994961,
            43.7771665
          ],
          [
            -79.1995224,
            43.7772303
          ]
        ]
      }
    },
    {
      "type": "Feature",
      "id": "osm-way-1525014147",
      "properties": {
        "osmWayId": 1525014147,
        "highway": "path",
        "surface": "dirt",
        "wheelchair": null,
        "foot": null,
        "verificationStatus": "inferred",
        "source": "OpenStreetMap"
      },
      "geometry": {
        "type": "LineString",
        "coordinates": [
          [
            -79.2001473,
            43.7785901
          ],
          [
            -79.1999742,
            43.7786652
          ],
          [
            -79.1997515,
            43.7788223
          ],
          [
            -79.1995728,
            43.7788792
          ]
        ]
      }
    },
    {
      "type": "Feature",
      "id": "osm-way-1525144579",
      "properties": {
        "osmWayId": 1525144579,
        "highway": "footway",
        "surface": null,
        "wheelchair": null,
        "foot": null,
        "verificationStatus": "inferred",
        "source": "OpenStreetMap"
      },
      "geometry": {
        "type": "LineString",
        "coordinates": [
          [
            -79.1787148,
            43.7890694
          ],
          [
            -79.1787126,
            43.7891927
          ],
          [
            -79.1787649,
            43.7893439
          ]
        ]
      }
    },
    {
      "type": "Feature",
      "id": "osm-way-1525144580",
      "properties": {
        "osmWayId": 1525144580,
        "highway": "path",
        "surface": null,
        "wheelchair": null,
        "foot": null,
        "verificationStatus": "inferred",
        "source": "OpenStreetMap"
      },
      "geometry": {
        "type": "LineString",
        "coordinates": [
          [
            -79.1796546,
            43.7892168
          ],
          [
            -79.1796498,
            43.7892947
          ],
          [
            -79.1796477,
            43.789342
          ],
          [
            -79.179666,
            43.789416
          ],
          [
            -79.1797107,
            43.7894874
          ],
          [
            -79.179763,
            43.7895198
          ],
          [
            -79.1798177,
            43.7895204
          ],
          [
            -79.1798845,
            43.7894924
          ],
          [
            -79.1799565,
            43.7894715
          ],
          [
            -79.1800022,
            43.7894661
          ],
          [
            -79.1801003,
            43.7894674
          ],
          [
            -79.1801794,
            43.789463
          ],
          [
            -79.1802407,
            43.7894365
          ],
          [
            -79.1802651,
            43.7894074
          ],
          [
            -79.1802613,
            43.7893492
          ],
          [
            -79.1802128,
            43.7893008
          ],
          [
            -79.1801338,
            43.7892624
          ],
          [
            -79.1800324,
            43.789239
          ],
          [
            -79.1799156,
            43.7892315
          ],
          [
            -79.1798213,
            43.7892233
          ],
          [
            -79.1797736,
            43.7892118
          ],
          [
            -79.1797124,
            43.7891629
          ]
        ]
      }
    },
    {
      "type": "Feature",
      "id": "osm-way-1525144583",
      "properties": {
        "osmWayId": 1525144583,
        "highway": "footway",
        "surface": null,
        "wheelchair": null,
        "foot": null,
        "verificationStatus": "inferred",
        "source": "OpenStreetMap"
      },
      "geometry": {
        "type": "LineString",
        "coordinates": [
          [
            -79.1673554,
            43.7899224
          ],
          [
            -79.1673427,
            43.7899202
          ],
          [
            -79.167329,
            43.7899185
          ],
          [
            -79.1673178,
            43.7899171
          ],
          [
            -79.1673067,
            43.7899162
          ],
          [
            -79.1672946,
            43.7899152
          ],
          [
            -79.1672792,
            43.7899151
          ],
          [
            -79.1672645,
            43.7899154
          ],
          [
            -79.1672461,
            43.7899166
          ],
          [
            -79.1672199,
            43.7899187
          ],
          [
            -79.1671936,
            43.7899224
          ],
          [
            -79.1671601,
            43.7899286
          ],
          [
            -79.1671327,
            43.789935
          ],
          [
            -79.1670849,
            43.7899517
          ],
          [
            -79.1670369,
            43.789964
          ],
          [
            -79.1669732,
            43.7899802
          ],
          [
            -79.1669194,
            43.789993
          ],
          [
            -79.1651987,
            43.7904057
          ],
          [
            -79.1651412,
            43.7903979
          ],
          [
            -79.1651059,
            43.7903751
          ],
          [
            -79.1648906,
            43.7898674
          ]
        ]
      }
    },
    {
      "type": "Feature",
      "id": "osm-way-1535805154",
      "properties": {
        "osmWayId": 1535805154,
        "highway": "footway",
        "surface": "concrete",
        "wheelchair": null,
        "foot": null,
        "verificationStatus": "inferred",
        "source": "OpenStreetMap"
      },
      "geometry": {
        "type": "LineString",
        "coordinates": [
          [
            -79.2050318,
            43.7824715
          ],
          [
            -79.2047266,
            43.781782
          ]
        ]
      }
    },
    {
      "type": "Feature",
      "id": "osm-way-1535805160",
      "properties": {
        "osmWayId": 1535805160,
        "highway": "footway",
        "surface": "concrete",
        "wheelchair": null,
        "foot": null,
        "verificationStatus": "inferred",
        "source": "OpenStreetMap"
      },
      "geometry": {
        "type": "LineString",
        "coordinates": [
          [
            -79.2047266,
            43.781782
          ],
          [
            -79.204711,
            43.7817468
          ]
        ]
      }
    },
    {
      "type": "Feature",
      "id": "osm-way-1535805162",
      "properties": {
        "osmWayId": 1535805162,
        "highway": "footway",
        "surface": "concrete",
        "wheelchair": null,
        "foot": null,
        "verificationStatus": "inferred",
        "source": "OpenStreetMap"
      },
      "geometry": {
        "type": "LineString",
        "coordinates": [
          [
            -79.204711,
            43.7817468
          ],
          [
            -79.2046942,
            43.7817095
          ]
        ]
      }
    },
    {
      "type": "Feature",
      "id": "osm-way-1536855563",
      "properties": {
        "osmWayId": 1536855563,
        "highway": "footway",
        "surface": null,
        "wheelchair": null,
        "foot": null,
        "verificationStatus": "inferred",
        "source": "OpenStreetMap"
      },
      "geometry": {
        "type": "LineString",
        "coordinates": [
          [
            -79.190955,
            43.7863648
          ],
          [
            -79.1909181,
            43.7863715
          ],
          [
            -79.1908919,
            43.7863966
          ],
          [
            -79.1908884,
            43.7864421
          ],
          [
            -79.1908672,
            43.7864783
          ],
          [
            -79.1908297,
            43.7865094
          ],
          [
            -79.1908143,
            43.7865175
          ],
          [
            -79.1907858,
            43.7865276
          ],
          [
            -79.190771,
            43.7865329
          ],
          [
            -79.1907257,
            43.7865339
          ],
          [
            -79.1906771,
            43.7865182
          ],
          [
            -79.1906523,
            43.7864893
          ],
          [
            -79.1906515,
            43.7864521
          ],
          [
            -79.1906739,
            43.7864182
          ],
          [
            -79.1907175,
            43.7864003
          ],
          [
            -79.1907678,
            43.7864011
          ],
          [
            -79.1908108,
            43.7864195
          ],
          [
            -79.1908358,
            43.7864496
          ],
          [
            -79.1908363,
            43.7864863
          ],
          [
            -79.1908143,
            43.7865175
          ]
        ]
      }
    },
    {
      "type": "Feature",
      "id": "osm-way-1536858797",
      "properties": {
        "osmWayId": 1536858797,
        "highway": "footway",
        "surface": null,
        "wheelchair": null,
        "foot": null,
        "verificationStatus": "inferred",
        "source": "OpenStreetMap"
      },
      "geometry": {
        "type": "LineString",
        "coordinates": [
          [
            -79.1907858,
            43.7865276
          ],
          [
            -79.190782,
            43.7865224
          ]
        ]
      }
    },
    {
      "type": "Feature",
      "id": "osm-way-1537969076",
      "properties": {
        "osmWayId": 1537969076,
        "highway": "footway",
        "surface": null,
        "wheelchair": null,
        "foot": null,
        "verificationStatus": "inferred",
        "source": "OpenStreetMap"
      },
      "geometry": {
        "type": "LineString",
        "coordinates": [
          [
            -79.1847463,
            43.7723863
          ],
          [
            -79.1852219,
            43.7718686
          ]
        ]
      }
    },
    {
      "type": "Feature",
      "id": "osm-way-1540134695",
      "properties": {
        "osmWayId": 1540134695,
        "highway": "footway",
        "surface": null,
        "wheelchair": null,
        "foot": null,
        "verificationStatus": "inferred",
        "source": "OpenStreetMap"
      },
      "geometry": {
        "type": "LineString",
        "coordinates": [
          [
            -79.2044275,
            43.786281
          ],
          [
            -79.2043515,
            43.7862303
          ]
        ]
      }
    },
    {
      "type": "Feature",
      "id": "osm-way-1540134696",
      "properties": {
        "osmWayId": 1540134696,
        "highway": "footway",
        "surface": null,
        "wheelchair": null,
        "foot": null,
        "verificationStatus": "inferred",
        "source": "OpenStreetMap"
      },
      "geometry": {
        "type": "LineString",
        "coordinates": [
          [
            -79.2047565,
            43.7862062
          ],
          [
            -79.2047766,
            43.786134
          ]
        ]
      }
    },
    {
      "type": "Feature",
      "id": "osm-way-1544695659",
      "properties": {
        "osmWayId": 1544695659,
        "highway": "footway",
        "surface": "asphalt",
        "wheelchair": null,
        "foot": null,
        "verificationStatus": "inferred",
        "source": "OpenStreetMap"
      },
      "geometry": {
        "type": "LineString",
        "coordinates": [
          [
            -79.1883336,
            43.7864831
          ],
          [
            -79.1882406,
            43.7864993
          ]
        ]
      }
    },
    {
      "type": "Feature",
      "id": "osm-way-1544695663",
      "properties": {
        "osmWayId": 1544695663,
        "highway": "footway",
        "surface": "concrete",
        "wheelchair": null,
        "foot": null,
        "verificationStatus": "inferred",
        "source": "OpenStreetMap"
      },
      "geometry": {
        "type": "LineString",
        "coordinates": [
          [
            -79.1863739,
            43.7852608
          ],
          [
            -79.1863316,
            43.7852376
          ]
        ]
      }
    },
    {
      "type": "Feature",
      "id": "osm-way-1544695664",
      "properties": {
        "osmWayId": 1544695664,
        "highway": "footway",
        "surface": "concrete",
        "wheelchair": null,
        "foot": null,
        "verificationStatus": "inferred",
        "source": "OpenStreetMap"
      },
      "geometry": {
        "type": "LineString",
        "coordinates": [
          [
            -79.1863316,
            43.7852376
          ],
          [
            -79.1862919,
            43.7852195
          ]
        ]
      }
    },
    {
      "type": "Feature",
      "id": "osm-way-1544695665",
      "properties": {
        "osmWayId": 1544695665,
        "highway": "footway",
        "surface": null,
        "wheelchair": null,
        "foot": null,
        "verificationStatus": "inferred",
        "source": "OpenStreetMap"
      },
      "geometry": {
        "type": "LineString",
        "coordinates": [
          [
            -79.1930943,
            43.7853073
          ],
          [
            -79.1930819,
            43.7852694
          ]
        ]
      }
    }
  ]
}
